WARNING: All log messages before absl::InitializeLog() is called are written to STDERR
E0000 00:00:1781397862.244923    4004 cuda_executor.cc:1309] INTERNAL: CUDA Runtime error: Failed call to cudaGetRuntimeVersion: Error loading CUDA libraries. GPU will not be used.: Error loading CUDA libraries. GPU will not be used.
E0000 00:00:1781397862.263494    4004 cuda_executor.cc:1309] INTERNAL: CUDA Runtime error: Failed call to cudaGetRuntimeVersion: Error loading CUDA libraries. GPU will not be used.: Error loading CUDA libraries. GPU will not be used.
W0000 00:00:1781397862.264822    4004 gpu_device.cc:2342] Cannot dlopen some GPU libraries. Please make sure the missing libraries mentioned above are installed properly if you would like to use GPU. Follow the guide at https://www.tensorflow.org/install/gpu for how to download and setup the required libraries for your platform.
Skipping registering GPU devices...
{"device_count": 2, "devices": ["cuda:0", "cuda:1"], "event": "official_backend_jax_preinit", "tensorflow_gpu_hidden": true}
{"event": "official_backend_dependencies", "available": true, "missing": [], "versions": {"gemma": "4.1.0", "hackable_diffusion": "1.0.1", "kauldron": "1.4.4"}}
{"event": "official_backend_gemma4_block_remat_patched", "policy": "nothing_saveable", "source": "official_sft_sudoku_full"}
WARNING:root:safety_epsilon is 0.0 which can lead to numerical issues.
WARNING:root:safety_epsilon is 0.0 which can lead to numerical issues.
WARNING:root:safety_epsilon is 0.0 which can lead to numerical issues.
{"einsum_output_chunk_size": 16, "event": "official_backend_official_lora_patched_for_qlora", "lora_backend": "official_qlora", "qtype": "int4", "quantize_moe_weights": true, "ragged_output_chunk_size": 16}
{"base_weight_storage": "packed_int4_qvalue_scale", "event": "official_backend_official_qlora_checkpoint_loader_patched"}
{"event": "official_backend_lora_adapter_only_apply_updates_patched", "update_predicate": "lora_adapter_paths_only"}
{"base_weight_storage": "packed_qvalue_scale", "event": "official_backend_official_qlora_ready", "lora_backend": "official_qlora", "qtype": "int4", "quantize_moe_weights": true}
{"event": "official_backend_memory_safe_sft_model_replaced", "original_model": "SFTDiffusion", "replacement_model": "MemorySafeSFTDiffusion", "token_chunk_size": 128, "vocab_chunk_size": 8192}
{"event": "official_backend_memory_safe_encoder_loss_replaced", "model_output": "preds.encoder_loss", "original_loss": "EncoderARLoss", "replacement_loss": "EncoderLossValue", "token_chunk_size": 128, "vocab_chunk_size": 8192}
2026-06-14 00:44:24.440805: W external/local_xla/xla/tsl/platform/cloud/google_auth_provider.cc:185] All attempts to get a Google authentication bearer token failed, returning an empty token. Retrieving token from files failed with "NOT_FOUND: Could not locate the credentials file.". Retrieving token from GCE failed with "FAILED_PRECONDITION: Error executing an HTTP request: libcurl code 6 meaning 'Could not resolve hostname', error details: Could not resolve host: metadata.google.internal".
WARNING:absl:Discarding 24 checkpoint-only key(s) not present in the model: ['embedder/mm_input_embedding_extra', 'embedder/mm_input_projection', 'embedder/mm_input_projection/w', 'vision_encoder/entry/input_projection', 'vision_encoder/entry/input_projection/w', 'vision_encoder/entry/pos_emb', 'vision_encoder/standardize/bias', 'vision_encoder/standardize/scale', 'vision_encoder/transformer/stacked_layers/block/attn/attn_vec_einsum', 'vision_encoder/transformer/stacked_layers/block/attn/attn_vec_einsum/w', 'vision_encoder/transformer/stacked_layers/block/attn/key_norm/scale', 'vision_encoder/transformer/stacked_layers/block/attn/kv_einsum', 'vision_encoder/transformer/stacked_layers/block/attn/kv_einsum/w', 'vision_encoder/transformer/stacked_layers/block/attn/q_einsum', 'vision_encoder/transformer/stacked_layers/block/attn/q_einsum/w', 'vision_encoder/transformer/stacked_layers/block/attn/query_norm/scale', 'vision_encoder/transformer/stacked_layers/block/mlp/gating_einsum', 'vision_encoder/transformer/stacked_layers/block/mlp/gating_einsum/w', 'vision_encoder/transformer/stacked_layers/block/mlp/linear', 'vision_encoder/transformer/stacked_layers/block/mlp/linear/w', 'vision_encoder/transformer/stacked_layers/block/post_attention_norm/scale', 'vision_encoder/transformer/stacked_layers/block/post_ffw_norm/scale', 'vision_encoder/transformer/stacked_layers/block/pre_attention_norm/scale', 'vision_encoder/transformer/stacked_layers/block/pre_ffw_norm/scale']
{"event": "official_backend_hybrid_step_start", "loop_step": 0, "state_step": 1}
{"event": "official_backend_hybrid_batch_host_ready", "loop_step": 0, "state_step": 1}
{"event": "official_backend_hybrid_batch_device_put", "loop_step": 0, "state_step": 1}
{"event": "official_backend_hybrid_trainstep_call_start", "log_losses": false, "loop_step": 0, "state_step": 1, "sync_after_step": "state"}
W0614 00:52:06.410415    4173 cuda_vmm_allocator.cc:80] [0] VMM cuMemCreate with FABRIC+POSIX_FD handle types failed: INTERNAL: CUDA error: : CUDA_ERROR_NOT_PERMITTED: operation not permitted; will retry with simpler handle types.
W0614 00:52:06.410707    4173 cuda_vmm_allocator.cc:80] [0] VMM cuMemCreate with FABRIC+POSIX_FD handle types failed: INTERNAL: CUDA error: : CUDA_ERROR_NOT_PERMITTED: operation not permitted; will retry with simpler handle types.
W0614 00:52:06.410908    4173 cuda_vmm_allocator.cc:80] [0] VMM cuMemCreate with FABRIC+POSIX_FD handle types failed: INTERNAL: CUDA error: : CUDA_ERROR_NOT_PERMITTED: operation not permitted; will retry with simpler handle types.
W0614 00:52:06.411067    4173 cuda_vmm_allocator.cc:80] [0] VMM cuMemCreate with FABRIC+POSIX_FD handle types failed: INTERNAL: CUDA error: : CUDA_ERROR_NOT_PERMITTED: operation not permitted; will retry with simpler handle types.
W0614 00:52:06.411238    4173 cuda_vmm_allocator.cc:80] [0] VMM cuMemCreate with FABRIC+POSIX_FD handle types failed: INTERNAL: CUDA error: : CUDA_ERROR_NOT_PERMITTED: operation not permitted; will retry with simpler handle types.
W0614 00:52:06.411453    4173 cuda_vmm_allocator.cc:80] [0] VMM cuMemCreate with FABRIC+POSIX_FD handle types failed: INTERNAL: CUDA error: : CUDA_ERROR_NOT_PERMITTED: operation not permitted; will retry with simpler handle types.
W0614 00:52:06.411626    4173 cuda_vmm_allocator.cc:80] [0] VMM cuMemCreate with FABRIC+POSIX_FD handle types failed: INTERNAL: CUDA error: : CUDA_ERROR_NOT_PERMITTED: operation not permitted; will retry with simpler handle types.
W0614 00:52:06.411779    4173 cuda_vmm_allocator.cc:80] [0] VMM cuMemCreate with FABRIC+POSIX_FD handle types failed: INTERNAL: CUDA error: : CUDA_ERROR_NOT_PERMITTED: operation not permitted; will retry with simpler handle types.
W0614 00:52:06.411954    4173 cuda_vmm_allocator.cc:80] [0] VMM cuMemCreate with FABRIC+POSIX_FD handle types failed: INTERNAL: CUDA error: : CUDA_ERROR_NOT_PERMITTED: operation not permitted; will retry with simpler handle types.
W0614 00:52:06.412106    4173 cuda_vmm_allocator.cc:80] [0] VMM cuMemCreate with FABRIC+POSIX_FD handle types failed: INTERNAL: CUDA error: : CUDA_ERROR_NOT_PERMITTED: operation not permitted; will retry with simpler handle types.
W0614 00:52:06.412270    4173 cuda_vmm_allocator.cc:80] [0] VMM cuMemCreate with FABRIC+POSIX_FD handle types failed: INTERNAL: CUDA error: : CUDA_ERROR_NOT_PERMITTED: operation not permitted; will retry with simpler handle types.
W0614 00:52:06.412418    4173 cuda_vmm_allocator.cc:80] [0] VMM cuMemCreate with FABRIC+POSIX_FD handle types failed: INTERNAL: CUDA error: : CUDA_ERROR_NOT_PERMITTED: operation not permitted; will retry with simpler handle types.
W0614 00:52:06.412596    4173 cuda_vmm_allocator.cc:80] [0] VMM cuMemCreate with FABRIC+POSIX_FD handle types failed: INTERNAL: CUDA error: : CUDA_ERROR_NOT_PERMITTED: operation not permitted; will retry with simpler handle types.
W0614 00:52:06.412749    4173 cuda_vmm_allocator.cc:80] [0] VMM cuMemCreate with FABRIC+POSIX_FD handle types failed: INTERNAL: CUDA error: : CUDA_ERROR_NOT_PERMITTED: operation not permitted; will retry with simpler handle types.
W0614 00:52:06.412927    4173 cuda_vmm_allocator.cc:80] [0] VMM cuMemCreate with FABRIC+POSIX_FD handle types failed: INTERNAL: CUDA error: : CUDA_ERROR_NOT_PERMITTED: operation not permitted; will retry with simpler handle types.
W0614 00:52:06.413074    4173 cuda_vmm_allocator.cc:80] [0] VMM cuMemCreate with FABRIC+POSIX_FD handle types failed: INTERNAL: CUDA error: : CUDA_ERROR_NOT_PERMITTED: operation not permitted; will retry with simpler handle types.
W0614 00:52:06.413231    4173 cuda_vmm_allocator.cc:80] [0] VMM cuMemCreate with FABRIC+POSIX_FD handle types failed: INTERNAL: CUDA error: : CUDA_ERROR_NOT_PERMITTED: operation not permitted; will retry with simpler handle types.
W0614 00:52:06.413379    4173 cuda_vmm_allocator.cc:80] [0] VMM cuMemCreate with FABRIC+POSIX_FD handle types failed: INTERNAL: CUDA error: : CUDA_ERROR_NOT_PERMITTED: operation not permitted; will retry with simpler handle types.
W0614 00:52:06.413543    4173 cuda_vmm_allocator.cc:80] [0] VMM cuMemCreate with FABRIC+POSIX_FD handle types failed: INTERNAL: CUDA error: : CUDA_ERROR_NOT_PERMITTED: operation not permitted; will retry with simpler handle types.
W0614 00:52:06.413730    4173 cuda_vmm_allocator.cc:80] [0] VMM cuMemCreate with FABRIC+POSIX_FD handle types failed: INTERNAL: CUDA error: : CUDA_ERROR_NOT_PERMITTED: operation not permitted; will retry with simpler handle types.
W0614 00:52:06.413906    4173 cuda_vmm_allocator.cc:80] [0] VMM cuMemCreate with FABRIC+POSIX_FD handle types failed: INTERNAL: CUDA error: : CUDA_ERROR_NOT_PERMITTED: operation not permitted; will retry with simpler handle types.
W0614 00:52:06.414075    4173 cuda_vmm_allocator.cc:80] [0] VMM cuMemCreate with FABRIC+POSIX_FD handle types failed: INTERNAL: CUDA error: : CUDA_ERROR_NOT_PERMITTED: operation not permitted; will retry with simpler handle types.
W0614 00:52:06.414230    4173 cuda_vmm_allocator.cc:80] [0] VMM cuMemCreate with FABRIC+POSIX_FD handle types failed: INTERNAL: CUDA error: : CUDA_ERROR_NOT_PERMITTED: operation not permitted; will retry with simpler handle types.
W0614 00:52:06.414379    4173 cuda_vmm_allocator.cc:80] [0] VMM cuMemCreate with FABRIC+POSIX_FD handle types failed: INTERNAL: CUDA error: : CUDA_ERROR_NOT_PERMITTED: operation not permitted; will retry with simpler handle types.
W0614 00:52:06.414543    4173 cuda_vmm_allocator.cc:80] [0] VMM cuMemCreate with FABRIC+POSIX_FD handle types failed: INTERNAL: CUDA error: : CUDA_ERROR_NOT_PERMITTED: operation not permitted; will retry with simpler handle types.
W0614 00:52:06.414700    4173 cuda_vmm_allocator.cc:80] [0] VMM cuMemCreate with FABRIC+POSIX_FD handle types failed: INTERNAL: CUDA error: : CUDA_ERROR_NOT_PERMITTED: operation not permitted; will retry with simpler handle types.
W0614 00:52:06.414866    4173 cuda_vmm_allocator.cc:80] [0] VMM cuMemCreate with FABRIC+POSIX_FD handle types failed: INTERNAL: CUDA error: : CUDA_ERROR_NOT_PERMITTED: operation not permitted; will retry with simpler handle types.
W0614 00:52:06.415011    4173 cuda_vmm_allocator.cc:80] [0] VMM cuMemCreate with FABRIC+POSIX_FD handle types failed: INTERNAL: CUDA error: : CUDA_ERROR_NOT_PERMITTED: operation not permitted; will retry with simpler handle types.
W0614 00:52:06.415166    4173 cuda_vmm_allocator.cc:80] [0] VMM cuMemCreate with FABRIC+POSIX_FD handle types failed: INTERNAL: CUDA error: : CUDA_ERROR_NOT_PERMITTED: operation not permitted; will retry with simpler handle types.
W0614 00:52:06.415313    4173 cuda_vmm_allocator.cc:80] [0] VMM cuMemCreate with FABRIC+POSIX_FD handle types failed: INTERNAL: CUDA error: : CUDA_ERROR_NOT_PERMITTED: operation not permitted; will retry with simpler handle types.
W0614 00:52:06.415475    4173 cuda_vmm_allocator.cc:80] [0] VMM cuMemCreate with FABRIC+POSIX_FD handle types failed: INTERNAL: CUDA error: : CUDA_ERROR_NOT_PERMITTED: operation not permitted; will retry with simpler handle types.
W0614 00:52:06.415629    4173 cuda_vmm_allocator.cc:80] [0] VMM cuMemCreate with FABRIC+POSIX_FD handle types failed: INTERNAL: CUDA error: : CUDA_ERROR_NOT_PERMITTED: operation not permitted; will retry with simpler handle types.
W0614 00:52:06.415797    4173 cuda_vmm_allocator.cc:80] [0] VMM cuMemCreate with FABRIC+POSIX_FD handle types failed: INTERNAL: CUDA error: : CUDA_ERROR_NOT_PERMITTED: operation not permitted; will retry with simpler handle types.
W0614 00:52:06.415944    4173 cuda_vmm_allocator.cc:80] [0] VMM cuMemCreate with FABRIC+POSIX_FD handle types failed: INTERNAL: CUDA error: : CUDA_ERROR_NOT_PERMITTED: operation not permitted; will retry with simpler handle types.
W0614 00:52:06.416099    4173 cuda_vmm_allocator.cc:80] [0] VMM cuMemCreate with FABRIC+POSIX_FD handle types failed: INTERNAL: CUDA error: : CUDA_ERROR_NOT_PERMITTED: operation not permitted; will retry with simpler handle types.
W0614 00:52:06.416249    4173 cuda_vmm_allocator.cc:80] [0] VMM cuMemCreate with FABRIC+POSIX_FD handle types failed: INTERNAL: CUDA error: : CUDA_ERROR_NOT_PERMITTED: operation not permitted; will retry with simpler handle types.
W0614 00:52:06.416404    4173 cuda_vmm_allocator.cc:80] [0] VMM cuMemCreate with FABRIC+POSIX_FD handle types failed: INTERNAL: CUDA error: : CUDA_ERROR_NOT_PERMITTED: operation not permitted; will retry with simpler handle types.
W0614 00:52:06.416582    4173 cuda_vmm_allocator.cc:80] [0] VMM cuMemCreate with FABRIC+POSIX_FD handle types failed: INTERNAL: CUDA error: : CUDA_ERROR_NOT_PERMITTED: operation not permitted; will retry with simpler handle types.
W0614 00:52:06.416756    4173 cuda_vmm_allocator.cc:80] [0] VMM cuMemCreate with FABRIC+POSIX_FD handle types failed: INTERNAL: CUDA error: : CUDA_ERROR_NOT_PERMITTED: operation not permitted; will retry with simpler handle types.
W0614 00:52:06.416901    4173 cuda_vmm_allocator.cc:80] [0] VMM cuMemCreate with FABRIC+POSIX_FD handle types failed: INTERNAL: CUDA error: : CUDA_ERROR_NOT_PERMITTED: operation not permitted; will retry with simpler handle types.
W0614 00:52:06.417060    4173 cuda_vmm_allocator.cc:80] [0] VMM cuMemCreate with FABRIC+POSIX_FD handle types failed: INTERNAL: CUDA error: : CUDA_ERROR_NOT_PERMITTED: operation not permitted; will retry with simpler handle types.
W0614 00:52:06.417205    4173 cuda_vmm_allocator.cc:80] [0] VMM cuMemCreate with FABRIC+POSIX_FD handle types failed: INTERNAL: CUDA error: : CUDA_ERROR_NOT_PERMITTED: operation not permitted; will retry with simpler handle types.
W0614 00:52:06.417360    4173 cuda_vmm_allocator.cc:80] [0] VMM cuMemCreate with FABRIC+POSIX_FD handle types failed: INTERNAL: CUDA error: : CUDA_ERROR_NOT_PERMITTED: operation not permitted; will retry with simpler handle types.
W0614 00:52:06.417505    4173 cuda_vmm_allocator.cc:80] [0] VMM cuMemCreate with FABRIC+POSIX_FD handle types failed: INTERNAL: CUDA error: : CUDA_ERROR_NOT_PERMITTED: operation not permitted; will retry with simpler handle types.
W0614 00:52:06.417679    4173 cuda_vmm_allocator.cc:80] [0] VMM cuMemCreate with FABRIC+POSIX_FD handle types failed: INTERNAL: CUDA error: : CUDA_ERROR_NOT_PERMITTED: operation not permitted; will retry with simpler handle types.
W0614 00:52:06.417829    4173 cuda_vmm_allocator.cc:80] [0] VMM cuMemCreate with FABRIC+POSIX_FD handle types failed: INTERNAL: CUDA error: : CUDA_ERROR_NOT_PERMITTED: operation not permitted; will retry with simpler handle types.
W0614 00:52:06.417992    4173 cuda_vmm_allocator.cc:80] [0] VMM cuMemCreate with FABRIC+POSIX_FD handle types failed: INTERNAL: CUDA error: : CUDA_ERROR_NOT_PERMITTED: operation not permitted; will retry with simpler handle types.
W0614 00:52:06.418136    4173 cuda_vmm_allocator.cc:80] [0] VMM cuMemCreate with FABRIC+POSIX_FD handle types failed: INTERNAL: CUDA error: : CUDA_ERROR_NOT_PERMITTED: operation not permitted; will retry with simpler handle types.
W0614 00:52:06.418294    4173 cuda_vmm_allocator.cc:80] [0] VMM cuMemCreate with FABRIC+POSIX_FD handle types failed: INTERNAL: CUDA error: : CUDA_ERROR_NOT_PERMITTED: operation not permitted; will retry with simpler handle types.
W0614 00:52:06.418442    4173 cuda_vmm_allocator.cc:80] [0] VMM cuMemCreate with FABRIC+POSIX_FD handle types failed: INTERNAL: CUDA error: : CUDA_ERROR_NOT_PERMITTED: operation not permitted; will retry with simpler handle types.
W0614 00:52:06.418616    4173 cuda_vmm_allocator.cc:80] [0] VMM cuMemCreate with FABRIC+POSIX_FD handle types failed: INTERNAL: CUDA error: : CUDA_ERROR_NOT_PERMITTED: operation not permitted; will retry with simpler handle types.
W0614 00:52:06.418771    4173 cuda_vmm_allocator.cc:80] [0] VMM cuMemCreate with FABRIC+POSIX_FD handle types failed: INTERNAL: CUDA error: : CUDA_ERROR_NOT_PERMITTED: operation not permitted; will retry with simpler handle types.
W0614 00:52:06.418927    4173 cuda_vmm_allocator.cc:80] [0] VMM cuMemCreate with FABRIC+POSIX_FD handle types failed: INTERNAL: CUDA error: : CUDA_ERROR_NOT_PERMITTED: operation not permitted; will retry with simpler handle types.
W0614 00:52:06.419086    4173 cuda_vmm_allocator.cc:80] [0] VMM cuMemCreate with FABRIC+POSIX_FD handle types failed: INTERNAL: CUDA error: : CUDA_ERROR_NOT_PERMITTED: operation not permitted; will retry with simpler handle types.
W0614 00:52:06.419241    4173 cuda_vmm_allocator.cc:80] [0] VMM cuMemCreate with FABRIC+POSIX_FD handle types failed: INTERNAL: CUDA error: : CUDA_ERROR_NOT_PERMITTED: operation not permitted; will retry with simpler handle types.
W0614 00:52:06.419386    4173 cuda_vmm_allocator.cc:80] [0] VMM cuMemCreate with FABRIC+POSIX_FD handle types failed: INTERNAL: CUDA error: : CUDA_ERROR_NOT_PERMITTED: operation not permitted; will retry with simpler handle types.
W0614 00:52:06.419564    4173 cuda_vmm_allocator.cc:80] [0] VMM cuMemCreate with FABRIC+POSIX_FD handle types failed: INTERNAL: CUDA error: : CUDA_ERROR_NOT_PERMITTED: operation not permitted; will retry with simpler handle types.
W0614 00:52:06.419713    4173 cuda_vmm_allocator.cc:80] [0] VMM cuMemCreate with FABRIC+POSIX_FD handle types failed: INTERNAL: CUDA error: : CUDA_ERROR_NOT_PERMITTED: operation not permitted; will retry with simpler handle types.
W0614 00:52:06.419868    4173 cuda_vmm_allocator.cc:80] [0] VMM cuMemCreate with FABRIC+POSIX_FD handle types failed: INTERNAL: CUDA error: : CUDA_ERROR_NOT_PERMITTED: operation not permitted; will retry with simpler handle types.
W0614 00:52:06.420012    4173 cuda_vmm_allocator.cc:80] [0] VMM cuMemCreate with FABRIC+POSIX_FD handle types failed: INTERNAL: CUDA error: : CUDA_ERROR_NOT_PERMITTED: operation not permitted; will retry with simpler handle types.
W0614 00:52:06.420167    4173 cuda_vmm_allocator.cc:80] [0] VMM cuMemCreate with FABRIC+POSIX_FD handle types failed: INTERNAL: CUDA error: : CUDA_ERROR_NOT_PERMITTED: operation not permitted; will retry with simpler handle types.
W0614 00:52:06.420311    4173 cuda_vmm_allocator.cc:80] [0] VMM cuMemCreate with FABRIC+POSIX_FD handle types failed: INTERNAL: CUDA error: : CUDA_ERROR_NOT_PERMITTED: operation not permitted; will retry with simpler handle types.
W0614 00:52:06.420481    4173 cuda_vmm_allocator.cc:80] [0] VMM cuMemCreate with FABRIC+POSIX_FD handle types failed: INTERNAL: CUDA error: : CUDA_ERROR_NOT_PERMITTED: operation not permitted; will retry with simpler handle types.
W0614 00:52:06.420645    4173 cuda_vmm_allocator.cc:80] [0] VMM cuMemCreate with FABRIC+POSIX_FD handle types failed: INTERNAL: CUDA error: : CUDA_ERROR_NOT_PERMITTED: operation not permitted; will retry with simpler handle types.
W0614 00:52:06.420806    4173 cuda_vmm_allocator.cc:80] [0] VMM cuMemCreate with FABRIC+POSIX_FD handle types failed: INTERNAL: CUDA error: : CUDA_ERROR_NOT_PERMITTED: operation not permitted; will retry with simpler handle types.
W0614 00:52:06.420955    4173 cuda_vmm_allocator.cc:80] [0] VMM cuMemCreate with FABRIC+POSIX_FD handle types failed: INTERNAL: CUDA error: : CUDA_ERROR_NOT_PERMITTED: operation not permitted; will retry with simpler handle types.
W0614 00:52:06.421112    4173 cuda_vmm_allocator.cc:80] [0] VMM cuMemCreate with FABRIC+POSIX_FD handle types failed: INTERNAL: CUDA error: : CUDA_ERROR_NOT_PERMITTED: operation not permitted; will retry with simpler handle types.
W0614 00:52:06.421263    4173 cuda_vmm_allocator.cc:80] [0] VMM cuMemCreate with FABRIC+POSIX_FD handle types failed: INTERNAL: CUDA error: : CUDA_ERROR_NOT_PERMITTED: operation not permitted; will retry with simpler handle types.
W0614 00:52:06.421429    4173 cuda_vmm_allocator.cc:80] [0] VMM cuMemCreate with FABRIC+POSIX_FD handle types failed: INTERNAL: CUDA error: : CUDA_ERROR_NOT_PERMITTED: operation not permitted; will retry with simpler handle types.
W0614 00:52:06.421599    4173 cuda_vmm_allocator.cc:80] [0] VMM cuMemCreate with FABRIC+POSIX_FD handle types failed: INTERNAL: CUDA error: : CUDA_ERROR_NOT_PERMITTED: operation not permitted; will retry with simpler handle types.
W0614 00:52:06.421758    4173 cuda_vmm_allocator.cc:80] [0] VMM cuMemCreate with FABRIC+POSIX_FD handle types failed: INTERNAL: CUDA error: : CUDA_ERROR_NOT_PERMITTED: operation not permitted; will retry with simpler handle types.
W0614 00:52:06.421904    4173 cuda_vmm_allocator.cc:80] [0] VMM cuMemCreate with FABRIC+POSIX_FD handle types failed: INTERNAL: CUDA error: : CUDA_ERROR_NOT_PERMITTED: operation not permitted; will retry with simpler handle types.
W0614 00:52:06.422073    4173 cuda_vmm_allocator.cc:80] [0] VMM cuMemCreate with FABRIC+POSIX_FD handle types failed: INTERNAL: CUDA error: : CUDA_ERROR_NOT_PERMITTED: operation not permitted; will retry with simpler handle types.
W0614 00:52:06.422220    4173 cuda_vmm_allocator.cc:80] [0] VMM cuMemCreate with FABRIC+POSIX_FD handle types failed: INTERNAL: CUDA error: : CUDA_ERROR_NOT_PERMITTED: operation not permitted; will retry with simpler handle types.
W0614 00:52:06.422391    4173 cuda_vmm_allocator.cc:80] [0] VMM cuMemCreate with FABRIC+POSIX_FD handle types failed: INTERNAL: CUDA error: : CUDA_ERROR_NOT_PERMITTED: operation not permitted; will retry with simpler handle types.
W0614 00:52:06.422538    4173 cuda_vmm_allocator.cc:80] [0] VMM cuMemCreate with FABRIC+POSIX_FD handle types failed: INTERNAL: CUDA error: : CUDA_ERROR_NOT_PERMITTED: operation not permitted; will retry with simpler handle types.
W0614 00:52:06.422701    4173 cuda_vmm_allocator.cc:80] [0] VMM cuMemCreate with FABRIC+POSIX_FD handle types failed: INTERNAL: CUDA error: : CUDA_ERROR_NOT_PERMITTED: operation not permitted; will retry with simpler handle types.
W0614 00:52:06.422850    4173 cuda_vmm_allocator.cc:80] [0] VMM cuMemCreate with FABRIC+POSIX_FD handle types failed: INTERNAL: CUDA error: : CUDA_ERROR_NOT_PERMITTED: operation not permitted; will retry with simpler handle types.
W0614 00:52:06.423012    4173 cuda_vmm_allocator.cc:80] [0] VMM cuMemCreate with FABRIC+POSIX_FD handle types failed: INTERNAL: CUDA error: : CUDA_ERROR_NOT_PERMITTED: operation not permitted; will retry with simpler handle types.
W0614 00:52:06.423157    4173 cuda_vmm_allocator.cc:80] [0] VMM cuMemCreate with FABRIC+POSIX_FD handle types failed: INTERNAL: CUDA error: : CUDA_ERROR_NOT_PERMITTED: operation not permitted; will retry with simpler handle types.
W0614 00:52:06.423328    4173 cuda_vmm_allocator.cc:80] [0] VMM cuMemCreate with FABRIC+POSIX_FD handle types failed: INTERNAL: CUDA error: : CUDA_ERROR_NOT_PERMITTED: operation not permitted; will retry with simpler handle types.
W0614 00:52:06.423477    4173 cuda_vmm_allocator.cc:80] [0] VMM cuMemCreate with FABRIC+POSIX_FD handle types failed: INTERNAL: CUDA error: : CUDA_ERROR_NOT_PERMITTED: operation not permitted; will retry with simpler handle types.
W0614 00:52:06.423659    4173 cuda_vmm_allocator.cc:80] [0] VMM cuMemCreate with FABRIC+POSIX_FD handle types failed: INTERNAL: CUDA error: : CUDA_ERROR_NOT_PERMITTED: operation not permitted; will retry with simpler handle types.
W0614 00:52:06.423818    4173 cuda_vmm_allocator.cc:80] [0] VMM cuMemCreate with FABRIC+POSIX_FD handle types failed: INTERNAL: CUDA error: : CUDA_ERROR_NOT_PERMITTED: operation not permitted; will retry with simpler handle types.
W0614 00:52:06.423980    4173 cuda_vmm_allocator.cc:80] [0] VMM cuMemCreate with FABRIC+POSIX_FD handle types failed: INTERNAL: CUDA error: : CUDA_ERROR_NOT_PERMITTED: operation not permitted; will retry with simpler handle types.
W0614 00:52:06.424145    4173 cuda_vmm_allocator.cc:80] [0] VMM cuMemCreate with FABRIC+POSIX_FD handle types failed: INTERNAL: CUDA error: : CUDA_ERROR_NOT_PERMITTED: operation not permitted; will retry with simpler handle types.
W0614 00:52:06.424314    4173 cuda_vmm_allocator.cc:80] [0] VMM cuMemCreate with FABRIC+POSIX_FD handle types failed: INTERNAL: CUDA error: : CUDA_ERROR_NOT_PERMITTED: operation not permitted; will retry with simpler handle types.
W0614 00:52:06.424460    4173 cuda_vmm_allocator.cc:80] [0] VMM cuMemCreate with FABRIC+POSIX_FD handle types failed: INTERNAL: CUDA error: : CUDA_ERROR_NOT_PERMITTED: operation not permitted; will retry with simpler handle types.
W0614 00:52:06.424647    4173 cuda_vmm_allocator.cc:80] [0] VMM cuMemCreate with FABRIC+POSIX_FD handle types failed: INTERNAL: CUDA error: : CUDA_ERROR_NOT_PERMITTED: operation not permitted; will retry with simpler handle types.
W0614 00:52:06.424798    4173 cuda_vmm_allocator.cc:80] [0] VMM cuMemCreate with FABRIC+POSIX_FD handle types failed: INTERNAL: CUDA error: : CUDA_ERROR_NOT_PERMITTED: operation not permitted; will retry with simpler handle types.
W0614 00:52:06.424959    4173 cuda_vmm_allocator.cc:80] [0] VMM cuMemCreate with FABRIC+POSIX_FD handle types failed: INTERNAL: CUDA error: : CUDA_ERROR_NOT_PERMITTED: operation not permitted; will retry with simpler handle types.
W0614 00:52:06.425104    4173 cuda_vmm_allocator.cc:80] [0] VMM cuMemCreate with FABRIC+POSIX_FD handle types failed: INTERNAL: CUDA error: : CUDA_ERROR_NOT_PERMITTED: operation not permitted; will retry with simpler handle types.
W0614 00:52:06.425272    4173 cuda_vmm_allocator.cc:80] [0] VMM cuMemCreate with FABRIC+POSIX_FD handle types failed: INTERNAL: CUDA error: : CUDA_ERROR_NOT_PERMITTED: operation not permitted; will retry with simpler handle types.
W0614 00:52:06.425418    4173 cuda_vmm_allocator.cc:80] [0] VMM cuMemCreate with FABRIC+POSIX_FD handle types failed: INTERNAL: CUDA error: : CUDA_ERROR_NOT_PERMITTED: operation not permitted; will retry with simpler handle types.
W0614 00:52:06.425587    4173 cuda_vmm_allocator.cc:80] [0] VMM cuMemCreate with FABRIC+POSIX_FD handle types failed: INTERNAL: CUDA error: : CUDA_ERROR_NOT_PERMITTED: operation not permitted; will retry with simpler handle types.
W0614 00:52:06.425737    4173 cuda_vmm_allocator.cc:80] [0] VMM cuMemCreate with FABRIC+POSIX_FD handle types failed: INTERNAL: CUDA error: : CUDA_ERROR_NOT_PERMITTED: operation not permitted; will retry with simpler handle types.
W0614 00:52:06.425899    4173 cuda_vmm_allocator.cc:80] [0] VMM cuMemCreate with FABRIC+POSIX_FD handle types failed: INTERNAL: CUDA error: : CUDA_ERROR_NOT_PERMITTED: operation not permitted; will retry with simpler handle types.
W0614 00:52:06.426047    4173 cuda_vmm_allocator.cc:80] [0] VMM cuMemCreate with FABRIC+POSIX_FD handle types failed: INTERNAL: CUDA error: : CUDA_ERROR_NOT_PERMITTED: operation not permitted; will retry with simpler handle types.
W0614 00:52:06.426216    4173 cuda_vmm_allocator.cc:80] [0] VMM cuMemCreate with FABRIC+POSIX_FD handle types failed: INTERNAL: CUDA error: : CUDA_ERROR_NOT_PERMITTED: operation not permitted; will retry with simpler handle types.
W0614 00:52:06.426367    4173 cuda_vmm_allocator.cc:80] [0] VMM cuMemCreate with FABRIC+POSIX_FD handle types failed: INTERNAL: CUDA error: : CUDA_ERROR_NOT_PERMITTED: operation not permitted; will retry with simpler handle types.
W0614 00:52:06.426523    4173 cuda_vmm_allocator.cc:80] [0] VMM cuMemCreate with FABRIC+POSIX_FD handle types failed: INTERNAL: CUDA error: : CUDA_ERROR_NOT_PERMITTED: operation not permitted; will retry with simpler handle types.
W0614 00:52:06.426693    4173 cuda_vmm_allocator.cc:80] [0] VMM cuMemCreate with FABRIC+POSIX_FD handle types failed: INTERNAL: CUDA error: : CUDA_ERROR_NOT_PERMITTED: operation not permitted; will retry with simpler handle types.
W0614 00:52:06.426853    4173 cuda_vmm_allocator.cc:80] [0] VMM cuMemCreate with FABRIC+POSIX_FD handle types failed: INTERNAL: CUDA error: : CUDA_ERROR_NOT_PERMITTED: operation not permitted; will retry with simpler handle types.
W0614 00:52:06.427001    4173 cuda_vmm_allocator.cc:80] [0] VMM cuMemCreate with FABRIC+POSIX_FD handle types failed: INTERNAL: CUDA error: : CUDA_ERROR_NOT_PERMITTED: operation not permitted; will retry with simpler handle types.
W0614 00:52:06.427175    4173 cuda_vmm_allocator.cc:80] [0] VMM cuMemCreate with FABRIC+POSIX_FD handle types failed: INTERNAL: CUDA error: : CUDA_ERROR_NOT_PERMITTED: operation not permitted; will retry with simpler handle types.
W0614 00:52:06.427324    4173 cuda_vmm_allocator.cc:80] [0] VMM cuMemCreate with FABRIC+POSIX_FD handle types failed: INTERNAL: CUDA error: : CUDA_ERROR_NOT_PERMITTED: operation not permitted; will retry with simpler handle types.
W0614 00:52:06.427479    4173 cuda_vmm_allocator.cc:80] [0] VMM cuMemCreate with FABRIC+POSIX_FD handle types failed: INTERNAL: CUDA error: : CUDA_ERROR_NOT_PERMITTED: operation not permitted; will retry with simpler handle types.
W0614 00:52:06.427627    4173 cuda_vmm_allocator.cc:80] [0] VMM cuMemCreate with FABRIC+POSIX_FD handle types failed: INTERNAL: CUDA error: : CUDA_ERROR_NOT_PERMITTED: operation not permitted; will retry with simpler handle types.
W0614 00:52:06.427787    4173 cuda_vmm_allocator.cc:80] [0] VMM cuMemCreate with FABRIC+POSIX_FD handle types failed: INTERNAL: CUDA error: : CUDA_ERROR_NOT_PERMITTED: operation not permitted; will retry with simpler handle types.
W0614 00:52:06.427967    4173 cuda_vmm_allocator.cc:80] [0] VMM cuMemCreate with FABRIC+POSIX_FD handle types failed: INTERNAL: CUDA error: : CUDA_ERROR_NOT_PERMITTED: operation not permitted; will retry with simpler handle types.
W0614 00:52:06.428148    4173 cuda_vmm_allocator.cc:80] [0] VMM cuMemCreate with FABRIC+POSIX_FD handle types failed: INTERNAL: CUDA error: : CUDA_ERROR_NOT_PERMITTED: operation not permitted; will retry with simpler handle types.
W0614 00:52:06.428293    4173 cuda_vmm_allocator.cc:80] [0] VMM cuMemCreate with FABRIC+POSIX_FD handle types failed: INTERNAL: CUDA error: : CUDA_ERROR_NOT_PERMITTED: operation not permitted; will retry with simpler handle types.
W0614 00:52:06.428450    4173 cuda_vmm_allocator.cc:80] [0] VMM cuMemCreate with FABRIC+POSIX_FD handle types failed: INTERNAL: CUDA error: : CUDA_ERROR_NOT_PERMITTED: operation not permitted; will retry with simpler handle types.
W0614 00:52:06.428621    4173 cuda_vmm_allocator.cc:80] [0] VMM cuMemCreate with FABRIC+POSIX_FD handle types failed: INTERNAL: CUDA error: : CUDA_ERROR_NOT_PERMITTED: operation not permitted; will retry with simpler handle types.
W0614 00:52:06.428785    4173 cuda_vmm_allocator.cc:80] [0] VMM cuMemCreate with FABRIC+POSIX_FD handle types failed: INTERNAL: CUDA error: : CUDA_ERROR_NOT_PERMITTED: operation not permitted; will retry with simpler handle types.
W0614 00:52:06.428935    4173 cuda_vmm_allocator.cc:80] [0] VMM cuMemCreate with FABRIC+POSIX_FD handle types failed: INTERNAL: CUDA error: : CUDA_ERROR_NOT_PERMITTED: operation not permitted; will retry with simpler handle types.
W0614 00:52:06.429103    4173 cuda_vmm_allocator.cc:80] [0] VMM cuMemCreate with FABRIC+POSIX_FD handle types failed: INTERNAL: CUDA error: : CUDA_ERROR_NOT_PERMITTED: operation not permitted; will retry with simpler handle types.
W0614 00:52:06.429267    4173 cuda_vmm_allocator.cc:80] [0] VMM cuMemCreate with FABRIC+POSIX_FD handle types failed: INTERNAL: CUDA error: : CUDA_ERROR_NOT_PERMITTED: operation not permitted; will retry with simpler handle types.
W0614 00:52:06.429424    4173 cuda_vmm_allocator.cc:80] [0] VMM cuMemCreate with FABRIC+POSIX_FD handle types failed: INTERNAL: CUDA error: : CUDA_ERROR_NOT_PERMITTED: operation not permitted; will retry with simpler handle types.
W0614 00:52:06.429577    4173 cuda_vmm_allocator.cc:80] [0] VMM cuMemCreate with FABRIC+POSIX_FD handle types failed: INTERNAL: CUDA error: : CUDA_ERROR_NOT_PERMITTED: operation not permitted; will retry with simpler handle types.
W0614 00:52:06.429743    4173 cuda_vmm_allocator.cc:80] [0] VMM cuMemCreate with FABRIC+POSIX_FD handle types failed: INTERNAL: CUDA error: : CUDA_ERROR_NOT_PERMITTED: operation not permitted; will retry with simpler handle types.
W0614 00:52:06.429890    4173 cuda_vmm_allocator.cc:80] [0] VMM cuMemCreate with FABRIC+POSIX_FD handle types failed: INTERNAL: CUDA error: : CUDA_ERROR_NOT_PERMITTED: operation not permitted; will retry with simpler handle types.
W0614 00:52:06.430058    4173 cuda_vmm_allocator.cc:80] [0] VMM cuMemCreate with FABRIC+POSIX_FD handle types failed: INTERNAL: CUDA error: : CUDA_ERROR_NOT_PERMITTED: operation not permitted; will retry with simpler handle types.
W0614 00:52:06.430203    4173 cuda_vmm_allocator.cc:80] [0] VMM cuMemCreate with FABRIC+POSIX_FD handle types failed: INTERNAL: CUDA error: : CUDA_ERROR_NOT_PERMITTED: operation not permitted; will retry with simpler handle types.
W0614 00:52:06.430356    4173 cuda_vmm_allocator.cc:80] [0] VMM cuMemCreate with FABRIC+POSIX_FD handle types failed: INTERNAL: CUDA error: : CUDA_ERROR_NOT_PERMITTED: operation not permitted; will retry with simpler handle types.
W0614 00:52:06.430503    4173 cuda_vmm_allocator.cc:80] [0] VMM cuMemCreate with FABRIC+POSIX_FD handle types failed: INTERNAL: CUDA error: : CUDA_ERROR_NOT_PERMITTED: operation not permitted; will retry with simpler handle types.
W0614 00:52:06.430673    4173 cuda_vmm_allocator.cc:80] [0] VMM cuMemCreate with FABRIC+POSIX_FD handle types failed: INTERNAL: CUDA error: : CUDA_ERROR_NOT_PERMITTED: operation not permitted; will retry with simpler handle types.
W0614 00:52:06.430820    4173 cuda_vmm_allocator.cc:80] [0] VMM cuMemCreate with FABRIC+POSIX_FD handle types failed: INTERNAL: CUDA error: : CUDA_ERROR_NOT_PERMITTED: operation not permitted; will retry with simpler handle types.
W0614 00:52:06.430988    4173 cuda_vmm_allocator.cc:80] [0] VMM cuMemCreate with FABRIC+POSIX_FD handle types failed: INTERNAL: CUDA error: : CUDA_ERROR_NOT_PERMITTED: operation not permitted; will retry with simpler handle types.
W0614 00:52:06.431136    4173 cuda_vmm_allocator.cc:80] [0] VMM cuMemCreate with FABRIC+POSIX_FD handle types failed: INTERNAL: CUDA error: : CUDA_ERROR_NOT_PERMITTED: operation not permitted; will retry with simpler handle types.
W0614 00:52:06.431293    4173 cuda_vmm_allocator.cc:80] [0] VMM cuMemCreate with FABRIC+POSIX_FD handle types failed: INTERNAL: CUDA error: : CUDA_ERROR_NOT_PERMITTED: operation not permitted; will retry with simpler handle types.
W0614 00:52:06.431448    4173 cuda_vmm_allocator.cc:80] [0] VMM cuMemCreate with FABRIC+POSIX_FD handle types failed: INTERNAL: CUDA error: : CUDA_ERROR_NOT_PERMITTED: operation not permitted; will retry with simpler handle types.
W0614 00:52:06.431619    4173 cuda_vmm_allocator.cc:80] [0] VMM cuMemCreate with FABRIC+POSIX_FD handle types failed: INTERNAL: CUDA error: : CUDA_ERROR_NOT_PERMITTED: operation not permitted; will retry with simpler handle types.
W0614 00:52:06.431784    4173 cuda_vmm_allocator.cc:80] [0] VMM cuMemCreate with FABRIC+POSIX_FD handle types failed: INTERNAL: CUDA error: : CUDA_ERROR_NOT_PERMITTED: operation not permitted; will retry with simpler handle types.
W0614 00:52:06.431954    4173 cuda_vmm_allocator.cc:80] [0] VMM cuMemCreate with FABRIC+POSIX_FD handle types failed: INTERNAL: CUDA error: : CUDA_ERROR_NOT_PERMITTED: operation not permitted; will retry with simpler handle types.
W0614 00:52:06.432100    4173 cuda_vmm_allocator.cc:80] [0] VMM cuMemCreate with FABRIC+POSIX_FD handle types failed: INTERNAL: CUDA error: : CUDA_ERROR_NOT_PERMITTED: operation not permitted; will retry with simpler handle types.
W0614 00:52:06.432262    4173 cuda_vmm_allocator.cc:80] [0] VMM cuMemCreate with FABRIC+POSIX_FD handle types failed: INTERNAL: CUDA error: : CUDA_ERROR_NOT_PERMITTED: operation not permitted; will retry with simpler handle types.
W0614 00:52:06.432408    4173 cuda_vmm_allocator.cc:80] [0] VMM cuMemCreate with FABRIC+POSIX_FD handle types failed: INTERNAL: CUDA error: : CUDA_ERROR_NOT_PERMITTED: operation not permitted; will retry with simpler handle types.
W0614 00:52:06.432582    4173 cuda_vmm_allocator.cc:80] [0] VMM cuMemCreate with FABRIC+POSIX_FD handle types failed: INTERNAL: CUDA error: : CUDA_ERROR_NOT_PERMITTED: operation not permitted; will retry with simpler handle types.
W0614 00:52:06.432736    4173 cuda_vmm_allocator.cc:80] [0] VMM cuMemCreate with FABRIC+POSIX_FD handle types failed: INTERNAL: CUDA error: : CUDA_ERROR_NOT_PERMITTED: operation not permitted; will retry with simpler handle types.
W0614 00:52:06.432917    4173 cuda_vmm_allocator.cc:80] [0] VMM cuMemCreate with FABRIC+POSIX_FD handle types failed: INTERNAL: CUDA error: : CUDA_ERROR_NOT_PERMITTED: operation not permitted; will retry with simpler handle types.
W0614 00:52:06.433072    4173 cuda_vmm_allocator.cc:80] [0] VMM cuMemCreate with FABRIC+POSIX_FD handle types failed: INTERNAL: CUDA error: : CUDA_ERROR_NOT_PERMITTED: operation not permitted; will retry with simpler handle types.
W0614 00:52:06.433238    4173 cuda_vmm_allocator.cc:80] [0] VMM cuMemCreate with FABRIC+POSIX_FD handle types failed: INTERNAL: CUDA error: : CUDA_ERROR_NOT_PERMITTED: operation not permitted; will retry with simpler handle types.
W0614 00:52:06.433390    4173 cuda_vmm_allocator.cc:80] [0] VMM cuMemCreate with FABRIC+POSIX_FD handle types failed: INTERNAL: CUDA error: : CUDA_ERROR_NOT_PERMITTED: operation not permitted; will retry with simpler handle types.
W0614 00:52:06.433556    4173 cuda_vmm_allocator.cc:80] [0] VMM cuMemCreate with FABRIC+POSIX_FD handle types failed: INTERNAL: CUDA error: : CUDA_ERROR_NOT_PERMITTED: operation not permitted; will retry with simpler handle types.
W0614 00:52:06.433729    4173 cuda_vmm_allocator.cc:80] [0] VMM cuMemCreate with FABRIC+POSIX_FD handle types failed: INTERNAL: CUDA error: : CUDA_ERROR_NOT_PERMITTED: operation not permitted; will retry with simpler handle types.
W0614 00:52:06.433912    4173 cuda_vmm_allocator.cc:80] [0] VMM cuMemCreate with FABRIC+POSIX_FD handle types failed: INTERNAL: CUDA error: : CUDA_ERROR_NOT_PERMITTED: operation not permitted; will retry with simpler handle types.
W0614 00:52:06.434071    4173 cuda_vmm_allocator.cc:80] [0] VMM cuMemCreate with FABRIC+POSIX_FD handle types failed: INTERNAL: CUDA error: : CUDA_ERROR_NOT_PERMITTED: operation not permitted; will retry with simpler handle types.
W0614 00:52:06.434234    4173 cuda_vmm_allocator.cc:80] [0] VMM cuMemCreate with FABRIC+POSIX_FD handle types failed: INTERNAL: CUDA error: : CUDA_ERROR_NOT_PERMITTED: operation not permitted; will retry with simpler handle types.
W0614 00:52:06.434404    4173 cuda_vmm_allocator.cc:80] [0] VMM cuMemCreate with FABRIC+POSIX_FD handle types failed: INTERNAL: CUDA error: : CUDA_ERROR_NOT_PERMITTED: operation not permitted; will retry with simpler handle types.
W0614 00:52:06.434574    4173 cuda_vmm_allocator.cc:80] [0] VMM cuMemCreate with FABRIC+POSIX_FD handle types failed: INTERNAL: CUDA error: : CUDA_ERROR_NOT_PERMITTED: operation not permitted; will retry with simpler handle types.
W0614 00:52:06.434728    4173 cuda_vmm_allocator.cc:80] [0] VMM cuMemCreate with FABRIC+POSIX_FD handle types failed: INTERNAL: CUDA error: : CUDA_ERROR_NOT_PERMITTED: operation not permitted; will retry with simpler handle types.
W0614 00:52:06.434907    4173 cuda_vmm_allocator.cc:80] [0] VMM cuMemCreate with FABRIC+POSIX_FD handle types failed: INTERNAL: CUDA error: : CUDA_ERROR_NOT_PERMITTED: operation not permitted; will retry with simpler handle types.
W0614 00:52:06.435064    4173 cuda_vmm_allocator.cc:80] [0] VMM cuMemCreate with FABRIC+POSIX_FD handle types failed: INTERNAL: CUDA error: : CUDA_ERROR_NOT_PERMITTED: operation not permitted; will retry with simpler handle types.
W0614 00:52:06.435226    4173 cuda_vmm_allocator.cc:80] [0] VMM cuMemCreate with FABRIC+POSIX_FD handle types failed: INTERNAL: CUDA error: : CUDA_ERROR_NOT_PERMITTED: operation not permitted; will retry with simpler handle types.
W0614 00:52:06.435375    4173 cuda_vmm_allocator.cc:80] [0] VMM cuMemCreate with FABRIC+POSIX_FD handle types failed: INTERNAL: CUDA error: : CUDA_ERROR_NOT_PERMITTED: operation not permitted; will retry with simpler handle types.
W0614 00:52:06.435535    4173 cuda_vmm_allocator.cc:80] [0] VMM cuMemCreate with FABRIC+POSIX_FD handle types failed: INTERNAL: CUDA error: : CUDA_ERROR_NOT_PERMITTED: operation not permitted; will retry with simpler handle types.
W0614 00:52:06.435695    4173 cuda_vmm_allocator.cc:80] [0] VMM cuMemCreate with FABRIC+POSIX_FD handle types failed: INTERNAL: CUDA error: : CUDA_ERROR_NOT_PERMITTED: operation not permitted; will retry with simpler handle types.
W0614 00:52:06.435884    4173 cuda_vmm_allocator.cc:80] [0] VMM cuMemCreate with FABRIC+POSIX_FD handle types failed: INTERNAL: CUDA error: : CUDA_ERROR_NOT_PERMITTED: operation not permitted; will retry with simpler handle types.
W0614 00:52:06.436037    4173 cuda_vmm_allocator.cc:80] [0] VMM cuMemCreate with FABRIC+POSIX_FD handle types failed: INTERNAL: CUDA error: : CUDA_ERROR_NOT_PERMITTED: operation not permitted; will retry with simpler handle types.
W0614 00:52:06.436198    4173 cuda_vmm_allocator.cc:80] [0] VMM cuMemCreate with FABRIC+POSIX_FD handle types failed: INTERNAL: CUDA error: : CUDA_ERROR_NOT_PERMITTED: operation not permitted; will retry with simpler handle types.
W0614 00:52:06.436350    4173 cuda_vmm_allocator.cc:80] [0] VMM cuMemCreate with FABRIC+POSIX_FD handle types failed: INTERNAL: CUDA error: : CUDA_ERROR_NOT_PERMITTED: operation not permitted; will retry with simpler handle types.
W0614 00:52:06.436513    4173 cuda_vmm_allocator.cc:80] [0] VMM cuMemCreate with FABRIC+POSIX_FD handle types failed: INTERNAL: CUDA error: : CUDA_ERROR_NOT_PERMITTED: operation not permitted; will retry with simpler handle types.
W0614 00:52:06.436694    4173 cuda_vmm_allocator.cc:80] [0] VMM cuMemCreate with FABRIC+POSIX_FD handle types failed: INTERNAL: CUDA error: : CUDA_ERROR_NOT_PERMITTED: operation not permitted; will retry with simpler handle types.
W0614 00:52:06.436889    4173 cuda_vmm_allocator.cc:80] [0] VMM cuMemCreate with FABRIC+POSIX_FD handle types failed: INTERNAL: CUDA error: : CUDA_ERROR_NOT_PERMITTED: operation not permitted; will retry with simpler handle types.
W0614 00:52:06.437061    4173 cuda_vmm_allocator.cc:80] [0] VMM cuMemCreate with FABRIC+POSIX_FD handle types failed: INTERNAL: CUDA error: : CUDA_ERROR_NOT_PERMITTED: operation not permitted; will retry with simpler handle types.
W0614 00:52:06.437224    4173 cuda_vmm_allocator.cc:80] [0] VMM cuMemCreate with FABRIC+POSIX_FD handle types failed: INTERNAL: CUDA error: : CUDA_ERROR_NOT_PERMITTED: operation not permitted; will retry with simpler handle types.
W0614 00:52:06.437377    4173 cuda_vmm_allocator.cc:80] [0] VMM cuMemCreate with FABRIC+POSIX_FD handle types failed: INTERNAL: CUDA error: : CUDA_ERROR_NOT_PERMITTED: operation not permitted; will retry with simpler handle types.
W0614 00:52:06.437543    4173 cuda_vmm_allocator.cc:80] [0] VMM cuMemCreate with FABRIC+POSIX_FD handle types failed: INTERNAL: CUDA error: : CUDA_ERROR_NOT_PERMITTED: operation not permitted; will retry with simpler handle types.
W0614 00:52:06.437704    4173 cuda_vmm_allocator.cc:80] [0] VMM cuMemCreate with FABRIC+POSIX_FD handle types failed: INTERNAL: CUDA error: : CUDA_ERROR_NOT_PERMITTED: operation not permitted; will retry with simpler handle types.
W0614 00:52:06.437876    4173 cuda_vmm_allocator.cc:80] [0] VMM cuMemCreate with FABRIC+POSIX_FD handle types failed: INTERNAL: CUDA error: : CUDA_ERROR_NOT_PERMITTED: operation not permitted; will retry with simpler handle types.
W0614 00:52:06.438026    4173 cuda_vmm_allocator.cc:80] [0] VMM cuMemCreate with FABRIC+POSIX_FD handle types failed: INTERNAL: CUDA error: : CUDA_ERROR_NOT_PERMITTED: operation not permitted; will retry with simpler handle types.
W0614 00:52:06.438182    4173 cuda_vmm_allocator.cc:80] [0] VMM cuMemCreate with FABRIC+POSIX_FD handle types failed: INTERNAL: CUDA error: : CUDA_ERROR_NOT_PERMITTED: operation not permitted; will retry with simpler handle types.
W0614 00:52:06.438333    4173 cuda_vmm_allocator.cc:80] [0] VMM cuMemCreate with FABRIC+POSIX_FD handle types failed: INTERNAL: CUDA error: : CUDA_ERROR_NOT_PERMITTED: operation not permitted; will retry with simpler handle types.
W0614 00:52:06.438504    4173 cuda_vmm_allocator.cc:80] [0] VMM cuMemCreate with FABRIC+POSIX_FD handle types failed: INTERNAL: CUDA error: : CUDA_ERROR_NOT_PERMITTED: operation not permitted; will retry with simpler handle types.
W0614 00:52:06.438663    4173 cuda_vmm_allocator.cc:80] [0] VMM cuMemCreate with FABRIC+POSIX_FD handle types failed: INTERNAL: CUDA error: : CUDA_ERROR_NOT_PERMITTED: operation not permitted; will retry with simpler handle types.
W0614 00:52:06.438832    4173 cuda_vmm_allocator.cc:80] [0] VMM cuMemCreate with FABRIC+POSIX_FD handle types failed: INTERNAL: CUDA error: : CUDA_ERROR_NOT_PERMITTED: operation not permitted; will retry with simpler handle types.
W0614 00:52:06.438986    4173 cuda_vmm_allocator.cc:80] [0] VMM cuMemCreate with FABRIC+POSIX_FD handle types failed: INTERNAL: CUDA error: : CUDA_ERROR_NOT_PERMITTED: operation not permitted; will retry with simpler handle types.
W0614 00:52:06.439151    4173 cuda_vmm_allocator.cc:80] [0] VMM cuMemCreate with FABRIC+POSIX_FD handle types failed: INTERNAL: CUDA error: : CUDA_ERROR_NOT_PERMITTED: operation not permitted; will retry with simpler handle types.
W0614 00:52:06.439304    4173 cuda_vmm_allocator.cc:80] [0] VMM cuMemCreate with FABRIC+POSIX_FD handle types failed: INTERNAL: CUDA error: : CUDA_ERROR_NOT_PERMITTED: operation not permitted; will retry with simpler handle types.
W0614 00:52:06.439461    4173 cuda_vmm_allocator.cc:80] [0] VMM cuMemCreate with FABRIC+POSIX_FD handle types failed: INTERNAL: CUDA error: : CUDA_ERROR_NOT_PERMITTED: operation not permitted; will retry with simpler handle types.
W0614 00:52:06.439635    4173 cuda_vmm_allocator.cc:80] [0] VMM cuMemCreate with FABRIC+POSIX_FD handle types failed: INTERNAL: CUDA error: : CUDA_ERROR_NOT_PERMITTED: operation not permitted; will retry with simpler handle types.
W0614 00:52:06.439784    4173 cuda_vmm_allocator.cc:80] [0] VMM cuMemCreate with FABRIC+POSIX_FD handle types failed: INTERNAL: CUDA error: : CUDA_ERROR_NOT_PERMITTED: operation not permitted; will retry with simpler handle types.
W0614 00:52:06.439934    4173 cuda_vmm_allocator.cc:80] [0] VMM cuMemCreate with FABRIC+POSIX_FD handle types failed: INTERNAL: CUDA error: : CUDA_ERROR_NOT_PERMITTED: operation not permitted; will retry with simpler handle types.
W0614 00:52:06.440087    4173 cuda_vmm_allocator.cc:80] [0] VMM cuMemCreate with FABRIC+POSIX_FD handle types failed: INTERNAL: CUDA error: : CUDA_ERROR_NOT_PERMITTED: operation not permitted; will retry with simpler handle types.
W0614 00:52:06.440237    4173 cuda_vmm_allocator.cc:80] [0] VMM cuMemCreate with FABRIC+POSIX_FD handle types failed: INTERNAL: CUDA error: : CUDA_ERROR_NOT_PERMITTED: operation not permitted; will retry with simpler handle types.
W0614 00:52:06.440402    4173 cuda_vmm_allocator.cc:80] [0] VMM cuMemCreate with FABRIC+POSIX_FD handle types failed: INTERNAL: CUDA error: : CUDA_ERROR_NOT_PERMITTED: operation not permitted; will retry with simpler handle types.
W0614 00:52:06.440602    4173 cuda_vmm_allocator.cc:80] [0] VMM cuMemCreate with FABRIC+POSIX_FD handle types failed: INTERNAL: CUDA error: : CUDA_ERROR_NOT_PERMITTED: operation not permitted; will retry with simpler handle types.
W0614 00:52:06.440770    4173 cuda_vmm_allocator.cc:80] [0] VMM cuMemCreate with FABRIC+POSIX_FD handle types failed: INTERNAL: CUDA error: : CUDA_ERROR_NOT_PERMITTED: operation not permitted; will retry with simpler handle types.
W0614 00:52:06.440933    4173 cuda_vmm_allocator.cc:80] [0] VMM cuMemCreate with FABRIC+POSIX_FD handle types failed: INTERNAL: CUDA error: : CUDA_ERROR_NOT_PERMITTED: operation not permitted; will retry with simpler handle types.
W0614 00:52:06.441109    4173 cuda_vmm_allocator.cc:80] [0] VMM cuMemCreate with FABRIC+POSIX_FD handle types failed: INTERNAL: CUDA error: : CUDA_ERROR_NOT_PERMITTED: operation not permitted; will retry with simpler handle types.
W0614 00:52:06.441261    4173 cuda_vmm_allocator.cc:80] [0] VMM cuMemCreate with FABRIC+POSIX_FD handle types failed: INTERNAL: CUDA error: : CUDA_ERROR_NOT_PERMITTED: operation not permitted; will retry with simpler handle types.
W0614 00:52:06.441421    4173 cuda_vmm_allocator.cc:80] [0] VMM cuMemCreate with FABRIC+POSIX_FD handle types failed: INTERNAL: CUDA error: : CUDA_ERROR_NOT_PERMITTED: operation not permitted; will retry with simpler handle types.
W0614 00:52:06.441579    4173 cuda_vmm_allocator.cc:80] [0] VMM cuMemCreate with FABRIC+POSIX_FD handle types failed: INTERNAL: CUDA error: : CUDA_ERROR_NOT_PERMITTED: operation not permitted; will retry with simpler handle types.
W0614 00:52:06.441753    4173 cuda_vmm_allocator.cc:80] [0] VMM cuMemCreate with FABRIC+POSIX_FD handle types failed: INTERNAL: CUDA error: : CUDA_ERROR_NOT_PERMITTED: operation not permitted; will retry with simpler handle types.
W0614 00:52:06.441914    4173 cuda_vmm_allocator.cc:80] [0] VMM cuMemCreate with FABRIC+POSIX_FD handle types failed: INTERNAL: CUDA error: : CUDA_ERROR_NOT_PERMITTED: operation not permitted; will retry with simpler handle types.
W0614 00:52:06.442070    4173 cuda_vmm_allocator.cc:80] [0] VMM cuMemCreate with FABRIC+POSIX_FD handle types failed: INTERNAL: CUDA error: : CUDA_ERROR_NOT_PERMITTED: operation not permitted; will retry with simpler handle types.
W0614 00:52:06.442237    4173 cuda_vmm_allocator.cc:80] [0] VMM cuMemCreate with FABRIC+POSIX_FD handle types failed: INTERNAL: CUDA error: : CUDA_ERROR_NOT_PERMITTED: operation not permitted; will retry with simpler handle types.
W0614 00:52:06.442402    4173 cuda_vmm_allocator.cc:80] [0] VMM cuMemCreate with FABRIC+POSIX_FD handle types failed: INTERNAL: CUDA error: : CUDA_ERROR_NOT_PERMITTED: operation not permitted; will retry with simpler handle types.
W0614 00:52:06.442558    4173 cuda_vmm_allocator.cc:80] [0] VMM cuMemCreate with FABRIC+POSIX_FD handle types failed: INTERNAL: CUDA error: : CUDA_ERROR_NOT_PERMITTED: operation not permitted; will retry with simpler handle types.
W0614 00:52:06.442730    4173 cuda_vmm_allocator.cc:80] [0] VMM cuMemCreate with FABRIC+POSIX_FD handle types failed: INTERNAL: CUDA error: : CUDA_ERROR_NOT_PERMITTED: operation not permitted; will retry with simpler handle types.
W0614 00:52:06.442880    4173 cuda_vmm_allocator.cc:80] [0] VMM cuMemCreate with FABRIC+POSIX_FD handle types failed: INTERNAL: CUDA error: : CUDA_ERROR_NOT_PERMITTED: operation not permitted; will retry with simpler handle types.
W0614 00:52:06.443044    4173 cuda_vmm_allocator.cc:80] [0] VMM cuMemCreate with FABRIC+POSIX_FD handle types failed: INTERNAL: CUDA error: : CUDA_ERROR_NOT_PERMITTED: operation not permitted; will retry with simpler handle types.
W0614 00:52:06.443193    4173 cuda_vmm_allocator.cc:80] [0] VMM cuMemCreate with FABRIC+POSIX_FD handle types failed: INTERNAL: CUDA error: : CUDA_ERROR_NOT_PERMITTED: operation not permitted; will retry with simpler handle types.
W0614 00:52:06.443350    4173 cuda_vmm_allocator.cc:80] [0] VMM cuMemCreate with FABRIC+POSIX_FD handle types failed: INTERNAL: CUDA error: : CUDA_ERROR_NOT_PERMITTED: operation not permitted; will retry with simpler handle types.
W0614 00:52:06.443500    4173 cuda_vmm_allocator.cc:80] [0] VMM cuMemCreate with FABRIC+POSIX_FD handle types failed: INTERNAL: CUDA error: : CUDA_ERROR_NOT_PERMITTED: operation not permitted; will retry with simpler handle types.
W0614 00:52:06.443676    4173 cuda_vmm_allocator.cc:80] [0] VMM cuMemCreate with FABRIC+POSIX_FD handle types failed: INTERNAL: CUDA error: : CUDA_ERROR_NOT_PERMITTED: operation not permitted; will retry with simpler handle types.
W0614 00:52:06.443852    4173 cuda_vmm_allocator.cc:80] [0] VMM cuMemCreate with FABRIC+POSIX_FD handle types failed: INTERNAL: CUDA error: : CUDA_ERROR_NOT_PERMITTED: operation not permitted; will retry with simpler handle types.
W0614 00:52:06.444018    4173 cuda_vmm_allocator.cc:80] [0] VMM cuMemCreate with FABRIC+POSIX_FD handle types failed: INTERNAL: CUDA error: : CUDA_ERROR_NOT_PERMITTED: operation not permitted; will retry with simpler handle types.
W0614 00:52:06.444170    4173 cuda_vmm_allocator.cc:80] [0] VMM cuMemCreate with FABRIC+POSIX_FD handle types failed: INTERNAL: CUDA error: : CUDA_ERROR_NOT_PERMITTED: operation not permitted; will retry with simpler handle types.
W0614 00:52:06.444333    4173 cuda_vmm_allocator.cc:80] [0] VMM cuMemCreate with FABRIC+POSIX_FD handle types failed: INTERNAL: CUDA error: : CUDA_ERROR_NOT_PERMITTED: operation not permitted; will retry with simpler handle types.
W0614 00:52:06.444489    4173 cuda_vmm_allocator.cc:80] [0] VMM cuMemCreate with FABRIC+POSIX_FD handle types failed: INTERNAL: CUDA error: : CUDA_ERROR_NOT_PERMITTED: operation not permitted; will retry with simpler handle types.
W0614 00:52:06.444667    4173 cuda_vmm_allocator.cc:80] [0] VMM cuMemCreate with FABRIC+POSIX_FD handle types failed: INTERNAL: CUDA error: : CUDA_ERROR_NOT_PERMITTED: operation not permitted; will retry with simpler handle types.
W0614 00:52:06.444837    4173 cuda_vmm_allocator.cc:80] [0] VMM cuMemCreate with FABRIC+POSIX_FD handle types failed: INTERNAL: CUDA error: : CUDA_ERROR_NOT_PERMITTED: operation not permitted; will retry with simpler handle types.
W0614 00:52:06.445002    4173 cuda_vmm_allocator.cc:80] [0] VMM cuMemCreate with FABRIC+POSIX_FD handle types failed: INTERNAL: CUDA error: : CUDA_ERROR_NOT_PERMITTED: operation not permitted; will retry with simpler handle types.
W0614 00:52:06.445154    4173 cuda_vmm_allocator.cc:80] [0] VMM cuMemCreate with FABRIC+POSIX_FD handle types failed: INTERNAL: CUDA error: : CUDA_ERROR_NOT_PERMITTED: operation not permitted; will retry with simpler handle types.
W0614 00:52:06.445318    4173 cuda_vmm_allocator.cc:80] [0] VMM cuMemCreate with FABRIC+POSIX_FD handle types failed: INTERNAL: CUDA error: : CUDA_ERROR_NOT_PERMITTED: operation not permitted; will retry with simpler handle types.
W0614 00:52:06.445472    4173 cuda_vmm_allocator.cc:80] [0] VMM cuMemCreate with FABRIC+POSIX_FD handle types failed: INTERNAL: CUDA error: : CUDA_ERROR_NOT_PERMITTED: operation not permitted; will retry with simpler handle types.
W0614 00:52:06.445646    4173 cuda_vmm_allocator.cc:80] [0] VMM cuMemCreate with FABRIC+POSIX_FD handle types failed: INTERNAL: CUDA error: : CUDA_ERROR_NOT_PERMITTED: operation not permitted; will retry with simpler handle types.
W0614 00:52:06.445794    4173 cuda_vmm_allocator.cc:80] [0] VMM cuMemCreate with FABRIC+POSIX_FD handle types failed: INTERNAL: CUDA error: : CUDA_ERROR_NOT_PERMITTED: operation not permitted; will retry with simpler handle types.
W0614 00:52:06.445954    4173 cuda_vmm_allocator.cc:80] [0] VMM cuMemCreate with FABRIC+POSIX_FD handle types failed: INTERNAL: CUDA error: : CUDA_ERROR_NOT_PERMITTED: operation not permitted; will retry with simpler handle types.
W0614 00:52:06.446104    4173 cuda_vmm_allocator.cc:80] [0] VMM cuMemCreate with FABRIC+POSIX_FD handle types failed: INTERNAL: CUDA error: : CUDA_ERROR_NOT_PERMITTED: operation not permitted; will retry with simpler handle types.
W0614 00:52:06.446274    4173 cuda_vmm_allocator.cc:80] [0] VMM cuMemCreate with FABRIC+POSIX_FD handle types failed: INTERNAL: CUDA error: : CUDA_ERROR_NOT_PERMITTED: operation not permitted; will retry with simpler handle types.
W0614 00:52:06.446421    4173 cuda_vmm_allocator.cc:80] [0] VMM cuMemCreate with FABRIC+POSIX_FD handle types failed: INTERNAL: CUDA error: : CUDA_ERROR_NOT_PERMITTED: operation not permitted; will retry with simpler handle types.
W0614 00:52:06.446588    4173 cuda_vmm_allocator.cc:80] [0] VMM cuMemCreate with FABRIC+POSIX_FD handle types failed: INTERNAL: CUDA error: : CUDA_ERROR_NOT_PERMITTED: operation not permitted; will retry with simpler handle types.
W0614 00:52:06.446741    4173 cuda_vmm_allocator.cc:80] [0] VMM cuMemCreate with FABRIC+POSIX_FD handle types failed: INTERNAL: CUDA error: : CUDA_ERROR_NOT_PERMITTED: operation not permitted; will retry with simpler handle types.
W0614 00:52:06.446909    4173 cuda_vmm_allocator.cc:80] [0] VMM cuMemCreate with FABRIC+POSIX_FD handle types failed: INTERNAL: CUDA error: : CUDA_ERROR_NOT_PERMITTED: operation not permitted; will retry with simpler handle types.
W0614 00:52:06.447068    4173 cuda_vmm_allocator.cc:80] [0] VMM cuMemCreate with FABRIC+POSIX_FD handle types failed: INTERNAL: CUDA error: : CUDA_ERROR_NOT_PERMITTED: operation not permitted; will retry with simpler handle types.
W0614 00:52:06.447225    4173 cuda_vmm_allocator.cc:80] [0] VMM cuMemCreate with FABRIC+POSIX_FD handle types failed: INTERNAL: CUDA error: : CUDA_ERROR_NOT_PERMITTED: operation not permitted; will retry with simpler handle types.
W0614 00:52:06.447390    4173 cuda_vmm_allocator.cc:80] [0] VMM cuMemCreate with FABRIC+POSIX_FD handle types failed: INTERNAL: CUDA error: : CUDA_ERROR_NOT_PERMITTED: operation not permitted; will retry with simpler handle types.
W0614 00:52:06.447562    4173 cuda_vmm_allocator.cc:80] [0] VMM cuMemCreate with FABRIC+POSIX_FD handle types failed: INTERNAL: CUDA error: : CUDA_ERROR_NOT_PERMITTED: operation not permitted; will retry with simpler handle types.
W0614 00:52:06.447715    4173 cuda_vmm_allocator.cc:80] [0] VMM cuMemCreate with FABRIC+POSIX_FD handle types failed: INTERNAL: CUDA error: : CUDA_ERROR_NOT_PERMITTED: operation not permitted; will retry with simpler handle types.
W0614 00:52:06.447880    4173 cuda_vmm_allocator.cc:80] [0] VMM cuMemCreate with FABRIC+POSIX_FD handle types failed: INTERNAL: CUDA error: : CUDA_ERROR_NOT_PERMITTED: operation not permitted; will retry with simpler handle types.
W0614 00:52:06.448031    4173 cuda_vmm_allocator.cc:80] [0] VMM cuMemCreate with FABRIC+POSIX_FD handle types failed: INTERNAL: CUDA error: : CUDA_ERROR_NOT_PERMITTED: operation not permitted; will retry with simpler handle types.
W0614 00:52:06.448194    4173 cuda_vmm_allocator.cc:80] [0] VMM cuMemCreate with FABRIC+POSIX_FD handle types failed: INTERNAL: CUDA error: : CUDA_ERROR_NOT_PERMITTED: operation not permitted; will retry with simpler handle types.
W0614 00:52:06.448342    4173 cuda_vmm_allocator.cc:80] [0] VMM cuMemCreate with FABRIC+POSIX_FD handle types failed: INTERNAL: CUDA error: : CUDA_ERROR_NOT_PERMITTED: operation not permitted; will retry with simpler handle types.
W0614 00:52:06.448499    4173 cuda_vmm_allocator.cc:80] [0] VMM cuMemCreate with FABRIC+POSIX_FD handle types failed: INTERNAL: CUDA error: : CUDA_ERROR_NOT_PERMITTED: operation not permitted; will retry with simpler handle types.
W0614 00:52:06.448702    4173 cuda_vmm_allocator.cc:80] [0] VMM cuMemCreate with FABRIC+POSIX_FD handle types failed: INTERNAL: CUDA error: : CUDA_ERROR_NOT_PERMITTED: operation not permitted; will retry with simpler handle types.
W0614 00:52:06.448880    4173 cuda_vmm_allocator.cc:80] [0] VMM cuMemCreate with FABRIC+POSIX_FD handle types failed: INTERNAL: CUDA error: : CUDA_ERROR_NOT_PERMITTED: operation not permitted; will retry with simpler handle types.
W0614 00:52:06.449031    4173 cuda_vmm_allocator.cc:80] [0] VMM cuMemCreate with FABRIC+POSIX_FD handle types failed: INTERNAL: CUDA error: : CUDA_ERROR_NOT_PERMITTED: operation not permitted; will retry with simpler handle types.
W0614 00:52:06.449190    4173 cuda_vmm_allocator.cc:80] [0] VMM cuMemCreate with FABRIC+POSIX_FD handle types failed: INTERNAL: CUDA error: : CUDA_ERROR_NOT_PERMITTED: operation not permitted; will retry with simpler handle types.
W0614 00:52:06.449342    4173 cuda_vmm_allocator.cc:80] [0] VMM cuMemCreate with FABRIC+POSIX_FD handle types failed: INTERNAL: CUDA error: : CUDA_ERROR_NOT_PERMITTED: operation not permitted; will retry with simpler handle types.
W0614 00:52:06.449503    4173 cuda_vmm_allocator.cc:80] [0] VMM cuMemCreate with FABRIC+POSIX_FD handle types failed: INTERNAL: CUDA error: : CUDA_ERROR_NOT_PERMITTED: operation not permitted; will retry with simpler handle types.
W0614 00:52:06.449683    4173 cuda_vmm_allocator.cc:80] [0] VMM cuMemCreate with FABRIC+POSIX_FD handle types failed: INTERNAL: CUDA error: : CUDA_ERROR_NOT_PERMITTED: operation not permitted; will retry with simpler handle types.
W0614 00:52:06.449845    4173 cuda_vmm_allocator.cc:80] [0] VMM cuMemCreate with FABRIC+POSIX_FD handle types failed: INTERNAL: CUDA error: : CUDA_ERROR_NOT_PERMITTED: operation not permitted; will retry with simpler handle types.
W0614 00:52:06.450054    4173 cuda_vmm_allocator.cc:80] [0] VMM cuMemCreate with FABRIC+POSIX_FD handle types failed: INTERNAL: CUDA error: : CUDA_ERROR_NOT_PERMITTED: operation not permitted; will retry with simpler handle types.
W0614 00:52:06.450219    4173 cuda_vmm_allocator.cc:80] [0] VMM cuMemCreate with FABRIC+POSIX_FD handle types failed: INTERNAL: CUDA error: : CUDA_ERROR_NOT_PERMITTED: operation not permitted; will retry with simpler handle types.
W0614 00:52:06.450373    4173 cuda_vmm_allocator.cc:80] [0] VMM cuMemCreate with FABRIC+POSIX_FD handle types failed: INTERNAL: CUDA error: : CUDA_ERROR_NOT_PERMITTED: operation not permitted; will retry with simpler handle types.
W0614 00:52:06.450537    4173 cuda_vmm_allocator.cc:80] [0] VMM cuMemCreate with FABRIC+POSIX_FD handle types failed: INTERNAL: CUDA error: : CUDA_ERROR_NOT_PERMITTED: operation not permitted; will retry with simpler handle types.
W0614 00:52:06.450702    4173 cuda_vmm_allocator.cc:80] [0] VMM cuMemCreate with FABRIC+POSIX_FD handle types failed: INTERNAL: CUDA error: : CUDA_ERROR_NOT_PERMITTED: operation not permitted; will retry with simpler handle types.
W0614 00:52:06.450872    4173 cuda_vmm_allocator.cc:80] [0] VMM cuMemCreate with FABRIC+POSIX_FD handle types failed: INTERNAL: CUDA error: : CUDA_ERROR_NOT_PERMITTED: operation not permitted; will retry with simpler handle types.
W0614 00:52:06.451021    4173 cuda_vmm_allocator.cc:80] [0] VMM cuMemCreate with FABRIC+POSIX_FD handle types failed: INTERNAL: CUDA error: : CUDA_ERROR_NOT_PERMITTED: operation not permitted; will retry with simpler handle types.
W0614 00:52:06.451178    4173 cuda_vmm_allocator.cc:80] [0] VMM cuMemCreate with FABRIC+POSIX_FD handle types failed: INTERNAL: CUDA error: : CUDA_ERROR_NOT_PERMITTED: operation not permitted; will retry with simpler handle types.
W0614 00:52:06.451326    4173 cuda_vmm_allocator.cc:80] [0] VMM cuMemCreate with FABRIC+POSIX_FD handle types failed: INTERNAL: CUDA error: : CUDA_ERROR_NOT_PERMITTED: operation not permitted; will retry with simpler handle types.
W0614 00:52:06.451489    4173 cuda_vmm_allocator.cc:80] [0] VMM cuMemCreate with FABRIC+POSIX_FD handle types failed: INTERNAL: CUDA error: : CUDA_ERROR_NOT_PERMITTED: operation not permitted; will retry with simpler handle types.
W0614 00:52:06.451651    4173 cuda_vmm_allocator.cc:80] [0] VMM cuMemCreate with FABRIC+POSIX_FD handle types failed: INTERNAL: CUDA error: : CUDA_ERROR_NOT_PERMITTED: operation not permitted; will retry with simpler handle types.
W0614 00:52:06.451810    4173 cuda_vmm_allocator.cc:80] [0] VMM cuMemCreate with FABRIC+POSIX_FD handle types failed: INTERNAL: CUDA error: : CUDA_ERROR_NOT_PERMITTED: operation not permitted; will retry with simpler handle types.
W0614 00:52:06.451962    4173 cuda_vmm_allocator.cc:80] [0] VMM cuMemCreate with FABRIC+POSIX_FD handle types failed: INTERNAL: CUDA error: : CUDA_ERROR_NOT_PERMITTED: operation not permitted; will retry with simpler handle types.
W0614 00:52:06.452127    4173 cuda_vmm_allocator.cc:80] [0] VMM cuMemCreate with FABRIC+POSIX_FD handle types failed: INTERNAL: CUDA error: : CUDA_ERROR_NOT_PERMITTED: operation not permitted; will retry with simpler handle types.
W0614 00:52:06.452285    4173 cuda_vmm_allocator.cc:80] [0] VMM cuMemCreate with FABRIC+POSIX_FD handle types failed: INTERNAL: CUDA error: : CUDA_ERROR_NOT_PERMITTED: operation not permitted; will retry with simpler handle types.
W0614 00:52:06.452440    4173 cuda_vmm_allocator.cc:80] [0] VMM cuMemCreate with FABRIC+POSIX_FD handle types failed: INTERNAL: CUDA error: : CUDA_ERROR_NOT_PERMITTED: operation not permitted; will retry with simpler handle types.
W0614 00:52:06.452622    4173 cuda_vmm_allocator.cc:80] [0] VMM cuMemCreate with FABRIC+POSIX_FD handle types failed: INTERNAL: CUDA error: : CUDA_ERROR_NOT_PERMITTED: operation not permitted; will retry with simpler handle types.
W0614 00:52:06.452794    4173 cuda_vmm_allocator.cc:80] [0] VMM cuMemCreate with FABRIC+POSIX_FD handle types failed: INTERNAL: CUDA error: : CUDA_ERROR_NOT_PERMITTED: operation not permitted; will retry with simpler handle types.
W0614 00:52:06.452941    4173 cuda_vmm_allocator.cc:80] [0] VMM cuMemCreate with FABRIC+POSIX_FD handle types failed: INTERNAL: CUDA error: : CUDA_ERROR_NOT_PERMITTED: operation not permitted; will retry with simpler handle types.
W0614 00:52:06.453107    4173 cuda_vmm_allocator.cc:80] [0] VMM cuMemCreate with FABRIC+POSIX_FD handle types failed: INTERNAL: CUDA error: : CUDA_ERROR_NOT_PERMITTED: operation not permitted; will retry with simpler handle types.
W0614 00:52:06.453254    4173 cuda_vmm_allocator.cc:80] [0] VMM cuMemCreate with FABRIC+POSIX_FD handle types failed: INTERNAL: CUDA error: : CUDA_ERROR_NOT_PERMITTED: operation not permitted; will retry with simpler handle types.
W0614 00:52:06.453415    4173 cuda_vmm_allocator.cc:80] [0] VMM cuMemCreate with FABRIC+POSIX_FD handle types failed: INTERNAL: CUDA error: : CUDA_ERROR_NOT_PERMITTED: operation not permitted; will retry with simpler handle types.
W0614 00:52:06.453574    4173 cuda_vmm_allocator.cc:80] [0] VMM cuMemCreate with FABRIC+POSIX_FD handle types failed: INTERNAL: CUDA error: : CUDA_ERROR_NOT_PERMITTED: operation not permitted; will retry with simpler handle types.
W0614 00:52:06.453734    4173 cuda_vmm_allocator.cc:80] [0] VMM cuMemCreate with FABRIC+POSIX_FD handle types failed: INTERNAL: CUDA error: : CUDA_ERROR_NOT_PERMITTED: operation not permitted; will retry with simpler handle types.
W0614 00:52:06.453904    4173 cuda_vmm_allocator.cc:80] [0] VMM cuMemCreate with FABRIC+POSIX_FD handle types failed: INTERNAL: CUDA error: : CUDA_ERROR_NOT_PERMITTED: operation not permitted; will retry with simpler handle types.
W0614 00:52:06.454077    4173 cuda_vmm_allocator.cc:80] [0] VMM cuMemCreate with FABRIC+POSIX_FD handle types failed: INTERNAL: CUDA error: : CUDA_ERROR_NOT_PERMITTED: operation not permitted; will retry with simpler handle types.
W0614 00:52:06.454225    4173 cuda_vmm_allocator.cc:80] [0] VMM cuMemCreate with FABRIC+POSIX_FD handle types failed: INTERNAL: CUDA error: : CUDA_ERROR_NOT_PERMITTED: operation not permitted; will retry with simpler handle types.
W0614 00:52:06.454387    4173 cuda_vmm_allocator.cc:80] [0] VMM cuMemCreate with FABRIC+POSIX_FD handle types failed: INTERNAL: CUDA error: : CUDA_ERROR_NOT_PERMITTED: operation not permitted; will retry with simpler handle types.
W0614 00:52:06.454538    4173 cuda_vmm_allocator.cc:80] [0] VMM cuMemCreate with FABRIC+POSIX_FD handle types failed: INTERNAL: CUDA error: : CUDA_ERROR_NOT_PERMITTED: operation not permitted; will retry with simpler handle types.
W0614 00:52:06.454712    4173 cuda_vmm_allocator.cc:80] [0] VMM cuMemCreate with FABRIC+POSIX_FD handle types failed: INTERNAL: CUDA error: : CUDA_ERROR_NOT_PERMITTED: operation not permitted; will retry with simpler handle types.
W0614 00:52:06.454868    4173 cuda_vmm_allocator.cc:80] [0] VMM cuMemCreate with FABRIC+POSIX_FD handle types failed: INTERNAL: CUDA error: : CUDA_ERROR_NOT_PERMITTED: operation not permitted; will retry with simpler handle types.
W0614 00:52:06.455024    4173 cuda_vmm_allocator.cc:80] [0] VMM cuMemCreate with FABRIC+POSIX_FD handle types failed: INTERNAL: CUDA error: : CUDA_ERROR_NOT_PERMITTED: operation not permitted; will retry with simpler handle types.
W0614 00:52:06.455192    4173 cuda_vmm_allocator.cc:80] [0] VMM cuMemCreate with FABRIC+POSIX_FD handle types failed: INTERNAL: CUDA error: : CUDA_ERROR_NOT_PERMITTED: operation not permitted; will retry with simpler handle types.
W0614 00:52:06.455356    4173 cuda_vmm_allocator.cc:80] [0] VMM cuMemCreate with FABRIC+POSIX_FD handle types failed: INTERNAL: CUDA error: : CUDA_ERROR_NOT_PERMITTED: operation not permitted; will retry with simpler handle types.
W0614 00:52:06.455501    4173 cuda_vmm_allocator.cc:80] [0] VMM cuMemCreate with FABRIC+POSIX_FD handle types failed: INTERNAL: CUDA error: : CUDA_ERROR_NOT_PERMITTED: operation not permitted; will retry with simpler handle types.
W0614 00:52:06.455672    4173 cuda_vmm_allocator.cc:80] [0] VMM cuMemCreate with FABRIC+POSIX_FD handle types failed: INTERNAL: CUDA error: : CUDA_ERROR_NOT_PERMITTED: operation not permitted; will retry with simpler handle types.
W0614 00:52:06.455822    4173 cuda_vmm_allocator.cc:80] [0] VMM cuMemCreate with FABRIC+POSIX_FD handle types failed: INTERNAL: CUDA error: : CUDA_ERROR_NOT_PERMITTED: operation not permitted; will retry with simpler handle types.
W0614 00:52:06.455985    4173 cuda_vmm_allocator.cc:80] [0] VMM cuMemCreate with FABRIC+POSIX_FD handle types failed: INTERNAL: CUDA error: : CUDA_ERROR_NOT_PERMITTED: operation not permitted; will retry with simpler handle types.
W0614 00:52:06.456139    4173 cuda_vmm_allocator.cc:80] [0] VMM cuMemCreate with FABRIC+POSIX_FD handle types failed: INTERNAL: CUDA error: : CUDA_ERROR_NOT_PERMITTED: operation not permitted; will retry with simpler handle types.
W0614 00:52:06.456293    4173 cuda_vmm_allocator.cc:80] [0] VMM cuMemCreate with FABRIC+POSIX_FD handle types failed: INTERNAL: CUDA error: : CUDA_ERROR_NOT_PERMITTED: operation not permitted; will retry with simpler handle types.
W0614 00:52:06.456441    4173 cuda_vmm_allocator.cc:80] [0] VMM cuMemCreate with FABRIC+POSIX_FD handle types failed: INTERNAL: CUDA error: : CUDA_ERROR_NOT_PERMITTED: operation not permitted; will retry with simpler handle types.
W0614 00:52:06.456649    4173 cuda_vmm_allocator.cc:80] [0] VMM cuMemCreate with FABRIC+POSIX_FD handle types failed: INTERNAL: CUDA error: : CUDA_ERROR_NOT_PERMITTED: operation not permitted; will retry with simpler handle types.
W0614 00:52:06.456808    4173 cuda_vmm_allocator.cc:80] [0] VMM cuMemCreate with FABRIC+POSIX_FD handle types failed: INTERNAL: CUDA error: : CUDA_ERROR_NOT_PERMITTED: operation not permitted; will retry with simpler handle types.
W0614 00:52:06.456971    4173 cuda_vmm_allocator.cc:80] [0] VMM cuMemCreate with FABRIC+POSIX_FD handle types failed: INTERNAL: CUDA error: : CUDA_ERROR_NOT_PERMITTED: operation not permitted; will retry with simpler handle types.
W0614 00:52:06.457122    4173 cuda_vmm_allocator.cc:80] [0] VMM cuMemCreate with FABRIC+POSIX_FD handle types failed: INTERNAL: CUDA error: : CUDA_ERROR_NOT_PERMITTED: operation not permitted; will retry with simpler handle types.
W0614 00:52:06.457287    4173 cuda_vmm_allocator.cc:80] [0] VMM cuMemCreate with FABRIC+POSIX_FD handle types failed: INTERNAL: CUDA error: : CUDA_ERROR_NOT_PERMITTED: operation not permitted; will retry with simpler handle types.
W0614 00:52:06.457444    4173 cuda_vmm_allocator.cc:80] [0] VMM cuMemCreate with FABRIC+POSIX_FD handle types failed: INTERNAL: CUDA error: : CUDA_ERROR_NOT_PERMITTED: operation not permitted; will retry with simpler handle types.
W0614 00:52:06.457606    4173 cuda_vmm_allocator.cc:80] [0] VMM cuMemCreate with FABRIC+POSIX_FD handle types failed: INTERNAL: CUDA error: : CUDA_ERROR_NOT_PERMITTED: operation not permitted; will retry with simpler handle types.
W0614 00:52:06.457778    4173 cuda_vmm_allocator.cc:80] [0] VMM cuMemCreate with FABRIC+POSIX_FD handle types failed: INTERNAL: CUDA error: : CUDA_ERROR_NOT_PERMITTED: operation not permitted; will retry with simpler handle types.
W0614 00:52:06.457942    4173 cuda_vmm_allocator.cc:80] [0] VMM cuMemCreate with FABRIC+POSIX_FD handle types failed: INTERNAL: CUDA error: : CUDA_ERROR_NOT_PERMITTED: operation not permitted; will retry with simpler handle types.
W0614 00:52:06.458091    4173 cuda_vmm_allocator.cc:80] [0] VMM cuMemCreate with FABRIC+POSIX_FD handle types failed: INTERNAL: CUDA error: : CUDA_ERROR_NOT_PERMITTED: operation not permitted; will retry with simpler handle types.
W0614 00:52:06.458253    4173 cuda_vmm_allocator.cc:80] [0] VMM cuMemCreate with FABRIC+POSIX_FD handle types failed: INTERNAL: CUDA error: : CUDA_ERROR_NOT_PERMITTED: operation not permitted; will retry with simpler handle types.
W0614 00:52:06.458401    4173 cuda_vmm_allocator.cc:80] [0] VMM cuMemCreate with FABRIC+POSIX_FD handle types failed: INTERNAL: CUDA error: : CUDA_ERROR_NOT_PERMITTED: operation not permitted; will retry with simpler handle types.
W0614 00:52:06.458569    4173 cuda_vmm_allocator.cc:80] [0] VMM cuMemCreate with FABRIC+POSIX_FD handle types failed: INTERNAL: CUDA error: : CUDA_ERROR_NOT_PERMITTED: operation not permitted; will retry with simpler handle types.
W0614 00:52:06.458721    4173 cuda_vmm_allocator.cc:80] [0] VMM cuMemCreate with FABRIC+POSIX_FD handle types failed: INTERNAL: CUDA error: : CUDA_ERROR_NOT_PERMITTED: operation not permitted; will retry with simpler handle types.
W0614 00:52:06.458882    4173 cuda_vmm_allocator.cc:80] [0] VMM cuMemCreate with FABRIC+POSIX_FD handle types failed: INTERNAL: CUDA error: : CUDA_ERROR_NOT_PERMITTED: operation not permitted; will retry with simpler handle types.
W0614 00:52:06.459030    4173 cuda_vmm_allocator.cc:80] [0] VMM cuMemCreate with FABRIC+POSIX_FD handle types failed: INTERNAL: CUDA error: : CUDA_ERROR_NOT_PERMITTED: operation not permitted; will retry with simpler handle types.
W0614 00:52:06.459198    4173 cuda_vmm_allocator.cc:80] [0] VMM cuMemCreate with FABRIC+POSIX_FD handle types failed: INTERNAL: CUDA error: : CUDA_ERROR_NOT_PERMITTED: operation not permitted; will retry with simpler handle types.
W0614 00:52:06.459348    4173 cuda_vmm_allocator.cc:80] [0] VMM cuMemCreate with FABRIC+POSIX_FD handle types failed: INTERNAL: CUDA error: : CUDA_ERROR_NOT_PERMITTED: operation not permitted; will retry with simpler handle types.
W0614 00:52:06.459504    4173 cuda_vmm_allocator.cc:80] [0] VMM cuMemCreate with FABRIC+POSIX_FD handle types failed: INTERNAL: CUDA error: : CUDA_ERROR_NOT_PERMITTED: operation not permitted; will retry with simpler handle types.
W0614 00:52:06.459663    4173 cuda_vmm_allocator.cc:80] [0] VMM cuMemCreate with FABRIC+POSIX_FD handle types failed: INTERNAL: CUDA error: : CUDA_ERROR_NOT_PERMITTED: operation not permitted; will retry with simpler handle types.
W0614 00:52:06.459820    4173 cuda_vmm_allocator.cc:80] [0] VMM cuMemCreate with FABRIC+POSIX_FD handle types failed: INTERNAL: CUDA error: : CUDA_ERROR_NOT_PERMITTED: operation not permitted; will retry with simpler handle types.
W0614 00:52:06.459974    4173 cuda_vmm_allocator.cc:80] [0] VMM cuMemCreate with FABRIC+POSIX_FD handle types failed: INTERNAL: CUDA error: : CUDA_ERROR_NOT_PERMITTED: operation not permitted; will retry with simpler handle types.
W0614 00:52:06.460140    4173 cuda_vmm_allocator.cc:80] [0] VMM cuMemCreate with FABRIC+POSIX_FD handle types failed: INTERNAL: CUDA error: : CUDA_ERROR_NOT_PERMITTED: operation not permitted; will retry with simpler handle types.
W0614 00:52:06.460307    4173 cuda_vmm_allocator.cc:80] [0] VMM cuMemCreate with FABRIC+POSIX_FD handle types failed: INTERNAL: CUDA error: : CUDA_ERROR_NOT_PERMITTED: operation not permitted; will retry with simpler handle types.
W0614 00:52:06.460467    4173 cuda_vmm_allocator.cc:80] [0] VMM cuMemCreate with FABRIC+POSIX_FD handle types failed: INTERNAL: CUDA error: : CUDA_ERROR_NOT_PERMITTED: operation not permitted; will retry with simpler handle types.
W0614 00:52:06.460637    4173 cuda_vmm_allocator.cc:80] [0] VMM cuMemCreate with FABRIC+POSIX_FD handle types failed: INTERNAL: CUDA error: : CUDA_ERROR_NOT_PERMITTED: operation not permitted; will retry with simpler handle types.
W0614 00:52:06.460837    4173 cuda_vmm_allocator.cc:80] [0] VMM cuMemCreate with FABRIC+POSIX_FD handle types failed: INTERNAL: CUDA error: : CUDA_ERROR_NOT_PERMITTED: operation not permitted; will retry with simpler handle types.
W0614 00:52:06.460990    4173 cuda_vmm_allocator.cc:80] [0] VMM cuMemCreate with FABRIC+POSIX_FD handle types failed: INTERNAL: CUDA error: : CUDA_ERROR_NOT_PERMITTED: operation not permitted; will retry with simpler handle types.
W0614 00:52:06.461149    4173 cuda_vmm_allocator.cc:80] [0] VMM cuMemCreate with FABRIC+POSIX_FD handle types failed: INTERNAL: CUDA error: : CUDA_ERROR_NOT_PERMITTED: operation not permitted; will retry with simpler handle types.
W0614 00:52:06.461298    4173 cuda_vmm_allocator.cc:80] [0] VMM cuMemCreate with FABRIC+POSIX_FD handle types failed: INTERNAL: CUDA error: : CUDA_ERROR_NOT_PERMITTED: operation not permitted; will retry with simpler handle types.
W0614 00:52:06.461491    4173 cuda_vmm_allocator.cc:80] [0] VMM cuMemCreate with FABRIC+POSIX_FD handle types failed: INTERNAL: CUDA error: : CUDA_ERROR_NOT_PERMITTED: operation not permitted; will retry with simpler handle types.
W0614 00:52:06.461651    4173 cuda_vmm_allocator.cc:80] [0] VMM cuMemCreate with FABRIC+POSIX_FD handle types failed: INTERNAL: CUDA error: : CUDA_ERROR_NOT_PERMITTED: operation not permitted; will retry with simpler handle types.
W0614 00:52:06.461815    4173 cuda_vmm_allocator.cc:80] [0] VMM cuMemCreate with FABRIC+POSIX_FD handle types failed: INTERNAL: CUDA error: : CUDA_ERROR_NOT_PERMITTED: operation not permitted; will retry with simpler handle types.
W0614 00:52:06.461966    4173 cuda_vmm_allocator.cc:80] [0] VMM cuMemCreate with FABRIC+POSIX_FD handle types failed: INTERNAL: CUDA error: : CUDA_ERROR_NOT_PERMITTED: operation not permitted; will retry with simpler handle types.
W0614 00:52:06.462156    4173 cuda_vmm_allocator.cc:80] [0] VMM cuMemCreate with FABRIC+POSIX_FD handle types failed: INTERNAL: CUDA error: : CUDA_ERROR_NOT_PERMITTED: operation not permitted; will retry with simpler handle types.
W0614 00:52:06.462309    4173 cuda_vmm_allocator.cc:80] [0] VMM cuMemCreate with FABRIC+POSIX_FD handle types failed: INTERNAL: CUDA error: : CUDA_ERROR_NOT_PERMITTED: operation not permitted; will retry with simpler handle types.
W0614 00:52:06.462467    4173 cuda_vmm_allocator.cc:80] [0] VMM cuMemCreate with FABRIC+POSIX_FD handle types failed: INTERNAL: CUDA error: : CUDA_ERROR_NOT_PERMITTED: operation not permitted; will retry with simpler handle types.
W0614 00:52:06.462629    4173 cuda_vmm_allocator.cc:80] [0] VMM cuMemCreate with FABRIC+POSIX_FD handle types failed: INTERNAL: CUDA error: : CUDA_ERROR_NOT_PERMITTED: operation not permitted; will retry with simpler handle types.
W0614 00:52:06.462830    4173 cuda_vmm_allocator.cc:80] [0] VMM cuMemCreate with FABRIC+POSIX_FD handle types failed: INTERNAL: CUDA error: : CUDA_ERROR_NOT_PERMITTED: operation not permitted; will retry with simpler handle types.
W0614 00:52:06.463000    4173 cuda_vmm_allocator.cc:80] [0] VMM cuMemCreate with FABRIC+POSIX_FD handle types failed: INTERNAL: CUDA error: : CUDA_ERROR_NOT_PERMITTED: operation not permitted; will retry with simpler handle types.
W0614 00:52:06.463157    4173 cuda_vmm_allocator.cc:80] [0] VMM cuMemCreate with FABRIC+POSIX_FD handle types failed: INTERNAL: CUDA error: : CUDA_ERROR_NOT_PERMITTED: operation not permitted; will retry with simpler handle types.
W0614 00:52:06.463305    4173 cuda_vmm_allocator.cc:80] [0] VMM cuMemCreate with FABRIC+POSIX_FD handle types failed: INTERNAL: CUDA error: : CUDA_ERROR_NOT_PERMITTED: operation not permitted; will retry with simpler handle types.
W0614 00:52:06.463506    4173 cuda_vmm_allocator.cc:80] [0] VMM cuMemCreate with FABRIC+POSIX_FD handle types failed: INTERNAL: CUDA error: : CUDA_ERROR_NOT_PERMITTED: operation not permitted; will retry with simpler handle types.
W0614 00:52:06.463666    4173 cuda_vmm_allocator.cc:80] [0] VMM cuMemCreate with FABRIC+POSIX_FD handle types failed: INTERNAL: CUDA error: : CUDA_ERROR_NOT_PERMITTED: operation not permitted; will retry with simpler handle types.
W0614 00:52:06.463825    4173 cuda_vmm_allocator.cc:80] [0] VMM cuMemCreate with FABRIC+POSIX_FD handle types failed: INTERNAL: CUDA error: : CUDA_ERROR_NOT_PERMITTED: operation not permitted; will retry with simpler handle types.
W0614 00:52:06.464000    4173 cuda_vmm_allocator.cc:80] [0] VMM cuMemCreate with FABRIC+POSIX_FD handle types failed: INTERNAL: CUDA error: : CUDA_ERROR_NOT_PERMITTED: operation not permitted; will retry with simpler handle types.
W0614 00:52:06.464199    4173 cuda_vmm_allocator.cc:80] [0] VMM cuMemCreate with FABRIC+POSIX_FD handle types failed: INTERNAL: CUDA error: : CUDA_ERROR_NOT_PERMITTED: operation not permitted; will retry with simpler handle types.
W0614 00:52:06.464353    4173 cuda_vmm_allocator.cc:80] [0] VMM cuMemCreate with FABRIC+POSIX_FD handle types failed: INTERNAL: CUDA error: : CUDA_ERROR_NOT_PERMITTED: operation not permitted; will retry with simpler handle types.
W0614 00:52:06.464514    4173 cuda_vmm_allocator.cc:80] [0] VMM cuMemCreate with FABRIC+POSIX_FD handle types failed: INTERNAL: CUDA error: : CUDA_ERROR_NOT_PERMITTED: operation not permitted; will retry with simpler handle types.
W0614 00:52:06.464688    4173 cuda_vmm_allocator.cc:80] [0] VMM cuMemCreate with FABRIC+POSIX_FD handle types failed: INTERNAL: CUDA error: : CUDA_ERROR_NOT_PERMITTED: operation not permitted; will retry with simpler handle types.
W0614 00:52:06.464884    4173 cuda_vmm_allocator.cc:80] [0] VMM cuMemCreate with FABRIC+POSIX_FD handle types failed: INTERNAL: CUDA error: : CUDA_ERROR_NOT_PERMITTED: operation not permitted; will retry with simpler handle types.
W0614 00:52:06.465040    4173 cuda_vmm_allocator.cc:80] [0] VMM cuMemCreate with FABRIC+POSIX_FD handle types failed: INTERNAL: CUDA error: : CUDA_ERROR_NOT_PERMITTED: operation not permitted; will retry with simpler handle types.
W0614 00:52:06.465196    4173 cuda_vmm_allocator.cc:80] [0] VMM cuMemCreate with FABRIC+POSIX_FD handle types failed: INTERNAL: CUDA error: : CUDA_ERROR_NOT_PERMITTED: operation not permitted; will retry with simpler handle types.
W0614 00:52:06.465349    4173 cuda_vmm_allocator.cc:80] [0] VMM cuMemCreate with FABRIC+POSIX_FD handle types failed: INTERNAL: CUDA error: : CUDA_ERROR_NOT_PERMITTED: operation not permitted; will retry with simpler handle types.
W0614 00:52:06.465535    4173 cuda_vmm_allocator.cc:80] [0] VMM cuMemCreate with FABRIC+POSIX_FD handle types failed: INTERNAL: CUDA error: : CUDA_ERROR_NOT_PERMITTED: operation not permitted; will retry with simpler handle types.
W0614 00:52:06.465720    4173 cuda_vmm_allocator.cc:80] [0] VMM cuMemCreate with FABRIC+POSIX_FD handle types failed: INTERNAL: CUDA error: : CUDA_ERROR_NOT_PERMITTED: operation not permitted; will retry with simpler handle types.
W0614 00:52:06.465884    4173 cuda_vmm_allocator.cc:80] [0] VMM cuMemCreate with FABRIC+POSIX_FD handle types failed: INTERNAL: CUDA error: : CUDA_ERROR_NOT_PERMITTED: operation not permitted; will retry with simpler handle types.
W0614 00:52:06.466032    4173 cuda_vmm_allocator.cc:80] [0] VMM cuMemCreate with FABRIC+POSIX_FD handle types failed: INTERNAL: CUDA error: : CUDA_ERROR_NOT_PERMITTED: operation not permitted; will retry with simpler handle types.
W0614 00:52:06.466232    4173 cuda_vmm_allocator.cc:80] [0] VMM cuMemCreate with FABRIC+POSIX_FD handle types failed: INTERNAL: CUDA error: : CUDA_ERROR_NOT_PERMITTED: operation not permitted; will retry with simpler handle types.
W0614 00:52:06.466382    4173 cuda_vmm_allocator.cc:80] [0] VMM cuMemCreate with FABRIC+POSIX_FD handle types failed: INTERNAL: CUDA error: : CUDA_ERROR_NOT_PERMITTED: operation not permitted; will retry with simpler handle types.
W0614 00:52:06.466539    4173 cuda_vmm_allocator.cc:80] [0] VMM cuMemCreate with FABRIC+POSIX_FD handle types failed: INTERNAL: CUDA error: : CUDA_ERROR_NOT_PERMITTED: operation not permitted; will retry with simpler handle types.
W0614 00:52:06.466699    4173 cuda_vmm_allocator.cc:80] [0] VMM cuMemCreate with FABRIC+POSIX_FD handle types failed: INTERNAL: CUDA error: : CUDA_ERROR_NOT_PERMITTED: operation not permitted; will retry with simpler handle types.
W0614 00:52:06.466888    4173 cuda_vmm_allocator.cc:80] [0] VMM cuMemCreate with FABRIC+POSIX_FD handle types failed: INTERNAL: CUDA error: : CUDA_ERROR_NOT_PERMITTED: operation not permitted; will retry with simpler handle types.
W0614 00:52:06.467040    4173 cuda_vmm_allocator.cc:80] [0] VMM cuMemCreate with FABRIC+POSIX_FD handle types failed: INTERNAL: CUDA error: : CUDA_ERROR_NOT_PERMITTED: operation not permitted; will retry with simpler handle types.
W0614 00:52:06.467202    4173 cuda_vmm_allocator.cc:80] [0] VMM cuMemCreate with FABRIC+POSIX_FD handle types failed: INTERNAL: CUDA error: : CUDA_ERROR_NOT_PERMITTED: operation not permitted; will retry with simpler handle types.
W0614 00:52:06.467351    4173 cuda_vmm_allocator.cc:80] [0] VMM cuMemCreate with FABRIC+POSIX_FD handle types failed: INTERNAL: CUDA error: : CUDA_ERROR_NOT_PERMITTED: operation not permitted; will retry with simpler handle types.
W0614 00:52:06.467546    4173 cuda_vmm_allocator.cc:80] [0] VMM cuMemCreate with FABRIC+POSIX_FD handle types failed: INTERNAL: CUDA error: : CUDA_ERROR_NOT_PERMITTED: operation not permitted; will retry with simpler handle types.
W0614 00:52:06.467709    4173 cuda_vmm_allocator.cc:80] [0] VMM cuMemCreate with FABRIC+POSIX_FD handle types failed: INTERNAL: CUDA error: : CUDA_ERROR_NOT_PERMITTED: operation not permitted; will retry with simpler handle types.
W0614 00:52:06.467867    4173 cuda_vmm_allocator.cc:80] [0] VMM cuMemCreate with FABRIC+POSIX_FD handle types failed: INTERNAL: CUDA error: : CUDA_ERROR_NOT_PERMITTED: operation not permitted; will retry with simpler handle types.
W0614 00:52:06.468022    4173 cuda_vmm_allocator.cc:80] [0] VMM cuMemCreate with FABRIC+POSIX_FD handle types failed: INTERNAL: CUDA error: : CUDA_ERROR_NOT_PERMITTED: operation not permitted; will retry with simpler handle types.
W0614 00:52:06.468208    4173 cuda_vmm_allocator.cc:80] [0] VMM cuMemCreate with FABRIC+POSIX_FD handle types failed: INTERNAL: CUDA error: : CUDA_ERROR_NOT_PERMITTED: operation not permitted; will retry with simpler handle types.
W0614 00:52:06.468380    4173 cuda_vmm_allocator.cc:80] [0] VMM cuMemCreate with FABRIC+POSIX_FD handle types failed: INTERNAL: CUDA error: : CUDA_ERROR_NOT_PERMITTED: operation not permitted; will retry with simpler handle types.
W0614 00:52:06.468536    4173 cuda_vmm_allocator.cc:80] [0] VMM cuMemCreate with FABRIC+POSIX_FD handle types failed: INTERNAL: CUDA error: : CUDA_ERROR_NOT_PERMITTED: operation not permitted; will retry with simpler handle types.
W0614 00:52:06.468722    4173 cuda_vmm_allocator.cc:80] [0] VMM cuMemCreate with FABRIC+POSIX_FD handle types failed: INTERNAL: CUDA error: : CUDA_ERROR_NOT_PERMITTED: operation not permitted; will retry with simpler handle types.
W0614 00:52:06.468914    4173 cuda_vmm_allocator.cc:80] [0] VMM cuMemCreate with FABRIC+POSIX_FD handle types failed: INTERNAL: CUDA error: : CUDA_ERROR_NOT_PERMITTED: operation not permitted; will retry with simpler handle types.
W0614 00:52:06.469069    4173 cuda_vmm_allocator.cc:80] [0] VMM cuMemCreate with FABRIC+POSIX_FD handle types failed: INTERNAL: CUDA error: : CUDA_ERROR_NOT_PERMITTED: operation not permitted; will retry with simpler handle types.
W0614 00:52:06.469224    4173 cuda_vmm_allocator.cc:80] [0] VMM cuMemCreate with FABRIC+POSIX_FD handle types failed: INTERNAL: CUDA error: : CUDA_ERROR_NOT_PERMITTED: operation not permitted; will retry with simpler handle types.
W0614 00:52:06.469370    4173 cuda_vmm_allocator.cc:80] [0] VMM cuMemCreate with FABRIC+POSIX_FD handle types failed: INTERNAL: CUDA error: : CUDA_ERROR_NOT_PERMITTED: operation not permitted; will retry with simpler handle types.
W0614 00:52:06.469566    4173 cuda_vmm_allocator.cc:80] [0] VMM cuMemCreate with FABRIC+POSIX_FD handle types failed: INTERNAL: CUDA error: : CUDA_ERROR_NOT_PERMITTED: operation not permitted; will retry with simpler handle types.
W0614 00:52:06.469721    4173 cuda_vmm_allocator.cc:80] [0] VMM cuMemCreate with FABRIC+POSIX_FD handle types failed: INTERNAL: CUDA error: : CUDA_ERROR_NOT_PERMITTED: operation not permitted; will retry with simpler handle types.
W0614 00:52:06.469885    4173 cuda_vmm_allocator.cc:80] [0] VMM cuMemCreate with FABRIC+POSIX_FD handle types failed: INTERNAL: CUDA error: : CUDA_ERROR_NOT_PERMITTED: operation not permitted; will retry with simpler handle types.
W0614 00:52:06.470032    4173 cuda_vmm_allocator.cc:80] [0] VMM cuMemCreate with FABRIC+POSIX_FD handle types failed: INTERNAL: CUDA error: : CUDA_ERROR_NOT_PERMITTED: operation not permitted; will retry with simpler handle types.
W0614 00:52:06.470225    4173 cuda_vmm_allocator.cc:80] [0] VMM cuMemCreate with FABRIC+POSIX_FD handle types failed: INTERNAL: CUDA error: : CUDA_ERROR_NOT_PERMITTED: operation not permitted; will retry with simpler handle types.
W0614 00:52:06.470378    4173 cuda_vmm_allocator.cc:80] [0] VMM cuMemCreate with FABRIC+POSIX_FD handle types failed: INTERNAL: CUDA error: : CUDA_ERROR_NOT_PERMITTED: operation not permitted; will retry with simpler handle types.
W0614 00:52:06.470535    4173 cuda_vmm_allocator.cc:80] [0] VMM cuMemCreate with FABRIC+POSIX_FD handle types failed: INTERNAL: CUDA error: : CUDA_ERROR_NOT_PERMITTED: operation not permitted; will retry with simpler handle types.
W0614 00:52:06.470695    4173 cuda_vmm_allocator.cc:80] [0] VMM cuMemCreate with FABRIC+POSIX_FD handle types failed: INTERNAL: CUDA error: : CUDA_ERROR_NOT_PERMITTED: operation not permitted; will retry with simpler handle types.
W0614 00:52:06.470886    4173 cuda_vmm_allocator.cc:80] [0] VMM cuMemCreate with FABRIC+POSIX_FD handle types failed: INTERNAL: CUDA error: : CUDA_ERROR_NOT_PERMITTED: operation not permitted; will retry with simpler handle types.
W0614 00:52:06.471061    4173 cuda_vmm_allocator.cc:80] [0] VMM cuMemCreate with FABRIC+POSIX_FD handle types failed: INTERNAL: CUDA error: : CUDA_ERROR_NOT_PERMITTED: operation not permitted; will retry with simpler handle types.
W0614 00:52:06.471221    4173 cuda_vmm_allocator.cc:80] [0] VMM cuMemCreate with FABRIC+POSIX_FD handle types failed: INTERNAL: CUDA error: : CUDA_ERROR_NOT_PERMITTED: operation not permitted; will retry with simpler handle types.
W0614 00:52:06.471369    4173 cuda_vmm_allocator.cc:80] [0] VMM cuMemCreate with FABRIC+POSIX_FD handle types failed: INTERNAL: CUDA error: : CUDA_ERROR_NOT_PERMITTED: operation not permitted; will retry with simpler handle types.
W0614 00:52:06.471575    4173 cuda_vmm_allocator.cc:80] [0] VMM cuMemCreate with FABRIC+POSIX_FD handle types failed: INTERNAL: CUDA error: : CUDA_ERROR_NOT_PERMITTED: operation not permitted; will retry with simpler handle types.
W0614 00:52:06.471731    4173 cuda_vmm_allocator.cc:80] [0] VMM cuMemCreate with FABRIC+POSIX_FD handle types failed: INTERNAL: CUDA error: : CUDA_ERROR_NOT_PERMITTED: operation not permitted; will retry with simpler handle types.
W0614 00:52:06.471891    4173 cuda_vmm_allocator.cc:80] [0] VMM cuMemCreate with FABRIC+POSIX_FD handle types failed: INTERNAL: CUDA error: : CUDA_ERROR_NOT_PERMITTED: operation not permitted; will retry with simpler handle types.
W0614 00:52:06.472039    4173 cuda_vmm_allocator.cc:80] [0] VMM cuMemCreate with FABRIC+POSIX_FD handle types failed: INTERNAL: CUDA error: : CUDA_ERROR_NOT_PERMITTED: operation not permitted; will retry with simpler handle types.
W0614 00:52:06.472226    4173 cuda_vmm_allocator.cc:80] [0] VMM cuMemCreate with FABRIC+POSIX_FD handle types failed: INTERNAL: CUDA error: : CUDA_ERROR_NOT_PERMITTED: operation not permitted; will retry with simpler handle types.
W0614 00:52:06.472378    4173 cuda_vmm_allocator.cc:80] [0] VMM cuMemCreate with FABRIC+POSIX_FD handle types failed: INTERNAL: CUDA error: : CUDA_ERROR_NOT_PERMITTED: operation not permitted; will retry with simpler handle types.
W0614 00:52:06.472548    4173 cuda_vmm_allocator.cc:80] [0] VMM cuMemCreate with FABRIC+POSIX_FD handle types failed: INTERNAL: CUDA error: : CUDA_ERROR_NOT_PERMITTED: operation not permitted; will retry with simpler handle types.
W0614 00:52:06.472724    4173 cuda_vmm_allocator.cc:80] [0] VMM cuMemCreate with FABRIC+POSIX_FD handle types failed: INTERNAL: CUDA error: : CUDA_ERROR_NOT_PERMITTED: operation not permitted; will retry with simpler handle types.
W0614 00:52:06.472887    4173 cuda_vmm_allocator.cc:80] [0] VMM cuMemCreate with FABRIC+POSIX_FD handle types failed: INTERNAL: CUDA error: : CUDA_ERROR_NOT_PERMITTED: operation not permitted; will retry with simpler handle types.
W0614 00:52:06.473038    4173 cuda_vmm_allocator.cc:80] [0] VMM cuMemCreate with FABRIC+POSIX_FD handle types failed: INTERNAL: CUDA error: : CUDA_ERROR_NOT_PERMITTED: operation not permitted; will retry with simpler handle types.
W0614 00:52:06.473228    4173 cuda_vmm_allocator.cc:80] [0] VMM cuMemCreate with FABRIC+POSIX_FD handle types failed: INTERNAL: CUDA error: : CUDA_ERROR_NOT_PERMITTED: operation not permitted; will retry with simpler handle types.
W0614 00:52:06.473384    4173 cuda_vmm_allocator.cc:80] [0] VMM cuMemCreate with FABRIC+POSIX_FD handle types failed: INTERNAL: CUDA error: : CUDA_ERROR_NOT_PERMITTED: operation not permitted; will retry with simpler handle types.
W0614 00:52:06.473540    4173 cuda_vmm_allocator.cc:80] [0] VMM cuMemCreate with FABRIC+POSIX_FD handle types failed: INTERNAL: CUDA error: : CUDA_ERROR_NOT_PERMITTED: operation not permitted; will retry with simpler handle types.
W0614 00:52:06.473727    4173 cuda_vmm_allocator.cc:80] [0] VMM cuMemCreate with FABRIC+POSIX_FD handle types failed: INTERNAL: CUDA error: : CUDA_ERROR_NOT_PERMITTED: operation not permitted; will retry with simpler handle types.
W0614 00:52:06.473916    4173 cuda_vmm_allocator.cc:80] [0] VMM cuMemCreate with FABRIC+POSIX_FD handle types failed: INTERNAL: CUDA error: : CUDA_ERROR_NOT_PERMITTED: operation not permitted; will retry with simpler handle types.
W0614 00:52:06.474087    4173 cuda_vmm_allocator.cc:80] [0] VMM cuMemCreate with FABRIC+POSIX_FD handle types failed: INTERNAL: CUDA error: : CUDA_ERROR_NOT_PERMITTED: operation not permitted; will retry with simpler handle types.
W0614 00:52:06.474303    4173 cuda_vmm_allocator.cc:80] [0] VMM cuMemCreate with FABRIC+POSIX_FD handle types failed: INTERNAL: CUDA error: : CUDA_ERROR_NOT_PERMITTED: operation not permitted; will retry with simpler handle types.
W0614 00:52:06.474456    4173 cuda_vmm_allocator.cc:80] [0] VMM cuMemCreate with FABRIC+POSIX_FD handle types failed: INTERNAL: CUDA error: : CUDA_ERROR_NOT_PERMITTED: operation not permitted; will retry with simpler handle types.
W0614 00:52:06.474625    4173 cuda_vmm_allocator.cc:80] [0] VMM cuMemCreate with FABRIC+POSIX_FD handle types failed: INTERNAL: CUDA error: : CUDA_ERROR_NOT_PERMITTED: operation not permitted; will retry with simpler handle types.
W0614 00:52:06.474780    4173 cuda_vmm_allocator.cc:80] [0] VMM cuMemCreate with FABRIC+POSIX_FD handle types failed: INTERNAL: CUDA error: : CUDA_ERROR_NOT_PERMITTED: operation not permitted; will retry with simpler handle types.
W0614 00:52:06.474947    4173 cuda_vmm_allocator.cc:80] [0] VMM cuMemCreate with FABRIC+POSIX_FD handle types failed: INTERNAL: CUDA error: : CUDA_ERROR_NOT_PERMITTED: operation not permitted; will retry with simpler handle types.
W0614 00:52:06.475097    4173 cuda_vmm_allocator.cc:80] [0] VMM cuMemCreate with FABRIC+POSIX_FD handle types failed: INTERNAL: CUDA error: : CUDA_ERROR_NOT_PERMITTED: operation not permitted; will retry with simpler handle types.
W0614 00:52:06.475293    4173 cuda_vmm_allocator.cc:80] [0] VMM cuMemCreate with FABRIC+POSIX_FD handle types failed: INTERNAL: CUDA error: : CUDA_ERROR_NOT_PERMITTED: operation not permitted; will retry with simpler handle types.
W0614 00:52:06.475443    4173 cuda_vmm_allocator.cc:80] [0] VMM cuMemCreate with FABRIC+POSIX_FD handle types failed: INTERNAL: CUDA error: : CUDA_ERROR_NOT_PERMITTED: operation not permitted; will retry with simpler handle types.
W0614 00:52:06.475614    4173 cuda_vmm_allocator.cc:80] [0] VMM cuMemCreate with FABRIC+POSIX_FD handle types failed: INTERNAL: CUDA error: : CUDA_ERROR_NOT_PERMITTED: operation not permitted; will retry with simpler handle types.
W0614 00:52:06.475769    4173 cuda_vmm_allocator.cc:80] [0] VMM cuMemCreate with FABRIC+POSIX_FD handle types failed: INTERNAL: CUDA error: : CUDA_ERROR_NOT_PERMITTED: operation not permitted; will retry with simpler handle types.
W0614 00:52:06.475959    4173 cuda_vmm_allocator.cc:80] [0] VMM cuMemCreate with FABRIC+POSIX_FD handle types failed: INTERNAL: CUDA error: : CUDA_ERROR_NOT_PERMITTED: operation not permitted; will retry with simpler handle types.
W0614 00:52:06.476113    4173 cuda_vmm_allocator.cc:80] [0] VMM cuMemCreate with FABRIC+POSIX_FD handle types failed: INTERNAL: CUDA error: : CUDA_ERROR_NOT_PERMITTED: operation not permitted; will retry with simpler handle types.
W0614 00:52:06.476270    4173 cuda_vmm_allocator.cc:80] [0] VMM cuMemCreate with FABRIC+POSIX_FD handle types failed: INTERNAL: CUDA error: : CUDA_ERROR_NOT_PERMITTED: operation not permitted; will retry with simpler handle types.
W0614 00:52:06.476449    4173 cuda_vmm_allocator.cc:80] [0] VMM cuMemCreate with FABRIC+POSIX_FD handle types failed: INTERNAL: CUDA error: : CUDA_ERROR_NOT_PERMITTED: operation not permitted; will retry with simpler handle types.
W0614 00:52:06.476657    4173 cuda_vmm_allocator.cc:80] [0] VMM cuMemCreate with FABRIC+POSIX_FD handle types failed: INTERNAL: CUDA error: : CUDA_ERROR_NOT_PERMITTED: operation not permitted; will retry with simpler handle types.
W0614 00:52:06.476812    4173 cuda_vmm_allocator.cc:80] [0] VMM cuMemCreate with FABRIC+POSIX_FD handle types failed: INTERNAL: CUDA error: : CUDA_ERROR_NOT_PERMITTED: operation not permitted; will retry with simpler handle types.
W0614 00:52:06.476979    4173 cuda_vmm_allocator.cc:80] [0] VMM cuMemCreate with FABRIC+POSIX_FD handle types failed: INTERNAL: CUDA error: : CUDA_ERROR_NOT_PERMITTED: operation not permitted; will retry with simpler handle types.
W0614 00:52:06.477128    4173 cuda_vmm_allocator.cc:80] [0] VMM cuMemCreate with FABRIC+POSIX_FD handle types failed: INTERNAL: CUDA error: : CUDA_ERROR_NOT_PERMITTED: operation not permitted; will retry with simpler handle types.
W0614 00:52:06.477314    4173 cuda_vmm_allocator.cc:80] [0] VMM cuMemCreate with FABRIC+POSIX_FD handle types failed: INTERNAL: CUDA error: : CUDA_ERROR_NOT_PERMITTED: operation not permitted; will retry with simpler handle types.
W0614 00:52:06.477465    4173 cuda_vmm_allocator.cc:80] [0] VMM cuMemCreate with FABRIC+POSIX_FD handle types failed: INTERNAL: CUDA error: : CUDA_ERROR_NOT_PERMITTED: operation not permitted; will retry with simpler handle types.
W0614 00:52:06.477637    4173 cuda_vmm_allocator.cc:80] [0] VMM cuMemCreate with FABRIC+POSIX_FD handle types failed: INTERNAL: CUDA error: : CUDA_ERROR_NOT_PERMITTED: operation not permitted; will retry with simpler handle types.
W0614 00:52:06.477789    4173 cuda_vmm_allocator.cc:80] [0] VMM cuMemCreate with FABRIC+POSIX_FD handle types failed: INTERNAL: CUDA error: : CUDA_ERROR_NOT_PERMITTED: operation not permitted; will retry with simpler handle types.
W0614 00:52:06.477976    4173 cuda_vmm_allocator.cc:80] [0] VMM cuMemCreate with FABRIC+POSIX_FD handle types failed: INTERNAL: CUDA error: : CUDA_ERROR_NOT_PERMITTED: operation not permitted; will retry with simpler handle types.
W0614 00:52:06.478127    4173 cuda_vmm_allocator.cc:80] [0] VMM cuMemCreate with FABRIC+POSIX_FD handle types failed: INTERNAL: CUDA error: : CUDA_ERROR_NOT_PERMITTED: operation not permitted; will retry with simpler handle types.
W0614 00:52:06.478286    4173 cuda_vmm_allocator.cc:80] [0] VMM cuMemCreate with FABRIC+POSIX_FD handle types failed: INTERNAL: CUDA error: : CUDA_ERROR_NOT_PERMITTED: operation not permitted; will retry with simpler handle types.
W0614 00:52:06.478439    4173 cuda_vmm_allocator.cc:80] [0] VMM cuMemCreate with FABRIC+POSIX_FD handle types failed: INTERNAL: CUDA error: : CUDA_ERROR_NOT_PERMITTED: operation not permitted; will retry with simpler handle types.
W0614 00:52:06.478632    4173 cuda_vmm_allocator.cc:80] [0] VMM cuMemCreate with FABRIC+POSIX_FD handle types failed: INTERNAL: CUDA error: : CUDA_ERROR_NOT_PERMITTED: operation not permitted; will retry with simpler handle types.
W0614 00:52:06.478794    4173 cuda_vmm_allocator.cc:80] [0] VMM cuMemCreate with FABRIC+POSIX_FD handle types failed: INTERNAL: CUDA error: : CUDA_ERROR_NOT_PERMITTED: operation not permitted; will retry with simpler handle types.
W0614 00:52:06.478950    4173 cuda_vmm_allocator.cc:80] [0] VMM cuMemCreate with FABRIC+POSIX_FD handle types failed: INTERNAL: CUDA error: : CUDA_ERROR_NOT_PERMITTED: operation not permitted; will retry with simpler handle types.
W0614 00:52:06.479123    4173 cuda_vmm_allocator.cc:80] [0] VMM cuMemCreate with FABRIC+POSIX_FD handle types failed: INTERNAL: CUDA error: : CUDA_ERROR_NOT_PERMITTED: operation not permitted; will retry with simpler handle types.
W0614 00:52:06.479311    4173 cuda_vmm_allocator.cc:80] [0] VMM cuMemCreate with FABRIC+POSIX_FD handle types failed: INTERNAL: CUDA error: : CUDA_ERROR_NOT_PERMITTED: operation not permitted; will retry with simpler handle types.
W0614 00:52:06.479461    4173 cuda_vmm_allocator.cc:80] [0] VMM cuMemCreate with FABRIC+POSIX_FD handle types failed: INTERNAL: CUDA error: : CUDA_ERROR_NOT_PERMITTED: operation not permitted; will retry with simpler handle types.
W0614 00:52:06.479634    4173 cuda_vmm_allocator.cc:80] [0] VMM cuMemCreate with FABRIC+POSIX_FD handle types failed: INTERNAL: CUDA error: : CUDA_ERROR_NOT_PERMITTED: operation not permitted; will retry with simpler handle types.
W0614 00:52:06.479783    4173 cuda_vmm_allocator.cc:80] [0] VMM cuMemCreate with FABRIC+POSIX_FD handle types failed: INTERNAL: CUDA error: : CUDA_ERROR_NOT_PERMITTED: operation not permitted; will retry with simpler handle types.
W0614 00:52:06.479968    4173 cuda_vmm_allocator.cc:80] [0] VMM cuMemCreate with FABRIC+POSIX_FD handle types failed: INTERNAL: CUDA error: : CUDA_ERROR_NOT_PERMITTED: operation not permitted; will retry with simpler handle types.
W0614 00:52:06.480117    4173 cuda_vmm_allocator.cc:80] [0] VMM cuMemCreate with FABRIC+POSIX_FD handle types failed: INTERNAL: CUDA error: : CUDA_ERROR_NOT_PERMITTED: operation not permitted; will retry with simpler handle types.
W0614 00:52:06.480273    4173 cuda_vmm_allocator.cc:80] [0] VMM cuMemCreate with FABRIC+POSIX_FD handle types failed: INTERNAL: CUDA error: : CUDA_ERROR_NOT_PERMITTED: operation not permitted; will retry with simpler handle types.
W0614 00:52:06.480423    4173 cuda_vmm_allocator.cc:80] [0] VMM cuMemCreate with FABRIC+POSIX_FD handle types failed: INTERNAL: CUDA error: : CUDA_ERROR_NOT_PERMITTED: operation not permitted; will retry with simpler handle types.
W0614 00:52:06.480662    4173 cuda_vmm_allocator.cc:80] [0] VMM cuMemCreate with FABRIC+POSIX_FD handle types failed: INTERNAL: CUDA error: : CUDA_ERROR_NOT_PERMITTED: operation not permitted; will retry with simpler handle types.
W0614 00:52:06.480823    4173 cuda_vmm_allocator.cc:80] [0] VMM cuMemCreate with FABRIC+POSIX_FD handle types failed: INTERNAL: CUDA error: : CUDA_ERROR_NOT_PERMITTED: operation not permitted; will retry with simpler handle types.
W0614 00:52:06.480982    4173 cuda_vmm_allocator.cc:80] [0] VMM cuMemCreate with FABRIC+POSIX_FD handle types failed: INTERNAL: CUDA error: : CUDA_ERROR_NOT_PERMITTED: operation not permitted; will retry with simpler handle types.
W0614 00:52:06.481133    4173 cuda_vmm_allocator.cc:80] [0] VMM cuMemCreate with FABRIC+POSIX_FD handle types failed: INTERNAL: CUDA error: : CUDA_ERROR_NOT_PERMITTED: operation not permitted; will retry with simpler handle types.
W0614 00:52:06.481316    4173 cuda_vmm_allocator.cc:80] [0] VMM cuMemCreate with FABRIC+POSIX_FD handle types failed: INTERNAL: CUDA error: : CUDA_ERROR_NOT_PERMITTED: operation not permitted; will retry with simpler handle types.
W0614 00:52:06.481499    4173 cuda_vmm_allocator.cc:80] [0] VMM cuMemCreate with FABRIC+POSIX_FD handle types failed: INTERNAL: CUDA error: : CUDA_ERROR_NOT_PERMITTED: operation not permitted; will retry with simpler handle types.
W0614 00:52:06.481705    4173 cuda_vmm_allocator.cc:80] [0] VMM cuMemCreate with FABRIC+POSIX_FD handle types failed: INTERNAL: CUDA error: : CUDA_ERROR_NOT_PERMITTED: operation not permitted; will retry with simpler handle types.
W0614 00:52:06.481914    4173 cuda_vmm_allocator.cc:80] [0] VMM cuMemCreate with FABRIC+POSIX_FD handle types failed: INTERNAL: CUDA error: : CUDA_ERROR_NOT_PERMITTED: operation not permitted; will retry with simpler handle types.
W0614 00:52:06.482124    4173 cuda_vmm_allocator.cc:80] [0] VMM cuMemCreate with FABRIC+POSIX_FD handle types failed: INTERNAL: CUDA error: : CUDA_ERROR_NOT_PERMITTED: operation not permitted; will retry with simpler handle types.
W0614 00:52:06.482303    4173 cuda_vmm_allocator.cc:80] [0] VMM cuMemCreate with FABRIC+POSIX_FD handle types failed: INTERNAL: CUDA error: : CUDA_ERROR_NOT_PERMITTED: operation not permitted; will retry with simpler handle types.
W0614 00:52:06.482520    4173 cuda_vmm_allocator.cc:80] [0] VMM cuMemCreate with FABRIC+POSIX_FD handle types failed: INTERNAL: CUDA error: : CUDA_ERROR_NOT_PERMITTED: operation not permitted; will retry with simpler handle types.
W0614 00:52:06.482752    4173 cuda_vmm_allocator.cc:80] [0] VMM cuMemCreate with FABRIC+POSIX_FD handle types failed: INTERNAL: CUDA error: : CUDA_ERROR_NOT_PERMITTED: operation not permitted; will retry with simpler handle types.
W0614 00:52:06.482983    4173 cuda_vmm_allocator.cc:80] [0] VMM cuMemCreate with FABRIC+POSIX_FD handle types failed: INTERNAL: CUDA error: : CUDA_ERROR_NOT_PERMITTED: operation not permitted; will retry with simpler handle types.
W0614 00:52:06.483174    4173 cuda_vmm_allocator.cc:80] [0] VMM cuMemCreate with FABRIC+POSIX_FD handle types failed: INTERNAL: CUDA error: : CUDA_ERROR_NOT_PERMITTED: operation not permitted; will retry with simpler handle types.
W0614 00:52:06.483363    4173 cuda_vmm_allocator.cc:80] [0] VMM cuMemCreate with FABRIC+POSIX_FD handle types failed: INTERNAL: CUDA error: : CUDA_ERROR_NOT_PERMITTED: operation not permitted; will retry with simpler handle types.
W0614 00:52:06.483539    4173 cuda_vmm_allocator.cc:80] [0] VMM cuMemCreate with FABRIC+POSIX_FD handle types failed: INTERNAL: CUDA error: : CUDA_ERROR_NOT_PERMITTED: operation not permitted; will retry with simpler handle types.
W0614 00:52:06.483774    4173 cuda_vmm_allocator.cc:80] [0] VMM cuMemCreate with FABRIC+POSIX_FD handle types failed: INTERNAL: CUDA error: : CUDA_ERROR_NOT_PERMITTED: operation not permitted; will retry with simpler handle types.
W0614 00:52:06.483955    4173 cuda_vmm_allocator.cc:80] [0] VMM cuMemCreate with FABRIC+POSIX_FD handle types failed: INTERNAL: CUDA error: : CUDA_ERROR_NOT_PERMITTED: operation not permitted; will retry with simpler handle types.
W0614 00:52:06.484174    4173 cuda_vmm_allocator.cc:80] [0] VMM cuMemCreate with FABRIC+POSIX_FD handle types failed: INTERNAL: CUDA error: : CUDA_ERROR_NOT_PERMITTED: operation not permitted; will retry with simpler handle types.
W0614 00:52:06.484360    4173 cuda_vmm_allocator.cc:80] [0] VMM cuMemCreate with FABRIC+POSIX_FD handle types failed: INTERNAL: CUDA error: : CUDA_ERROR_NOT_PERMITTED: operation not permitted; will retry with simpler handle types.
W0614 00:52:06.484620    4173 cuda_vmm_allocator.cc:80] [0] VMM cuMemCreate with FABRIC+POSIX_FD handle types failed: INTERNAL: CUDA error: : CUDA_ERROR_NOT_PERMITTED: operation not permitted; will retry with simpler handle types.
W0614 00:52:06.484814    4173 cuda_vmm_allocator.cc:80] [0] VMM cuMemCreate with FABRIC+POSIX_FD handle types failed: INTERNAL: CUDA error: : CUDA_ERROR_NOT_PERMITTED: operation not permitted; will retry with simpler handle types.
W0614 00:52:06.484998    4173 cuda_vmm_allocator.cc:80] [0] VMM cuMemCreate with FABRIC+POSIX_FD handle types failed: INTERNAL: CUDA error: : CUDA_ERROR_NOT_PERMITTED: operation not permitted; will retry with simpler handle types.
W0614 00:52:06.485203    4173 cuda_vmm_allocator.cc:80] [0] VMM cuMemCreate with FABRIC+POSIX_FD handle types failed: INTERNAL: CUDA error: : CUDA_ERROR_NOT_PERMITTED: operation not permitted; will retry with simpler handle types.
W0614 00:52:06.485435    4173 cuda_vmm_allocator.cc:80] [0] VMM cuMemCreate with FABRIC+POSIX_FD handle types failed: INTERNAL: CUDA error: : CUDA_ERROR_NOT_PERMITTED: operation not permitted; will retry with simpler handle types.
W0614 00:52:06.485625    4173 cuda_vmm_allocator.cc:80] [0] VMM cuMemCreate with FABRIC+POSIX_FD handle types failed: INTERNAL: CUDA error: : CUDA_ERROR_NOT_PERMITTED: operation not permitted; will retry with simpler handle types.
W0614 00:52:06.485824    4173 cuda_vmm_allocator.cc:80] [0] VMM cuMemCreate with FABRIC+POSIX_FD handle types failed: INTERNAL: CUDA error: : CUDA_ERROR_NOT_PERMITTED: operation not permitted; will retry with simpler handle types.
W0614 00:52:06.485997    4173 cuda_vmm_allocator.cc:80] [0] VMM cuMemCreate with FABRIC+POSIX_FD handle types failed: INTERNAL: CUDA error: : CUDA_ERROR_NOT_PERMITTED: operation not permitted; will retry with simpler handle types.
W0614 00:52:06.486202    4173 cuda_vmm_allocator.cc:80] [0] VMM cuMemCreate with FABRIC+POSIX_FD handle types failed: INTERNAL: CUDA error: : CUDA_ERROR_NOT_PERMITTED: operation not permitted; will retry with simpler handle types.
W0614 00:52:06.486375    4173 cuda_vmm_allocator.cc:80] [0] VMM cuMemCreate with FABRIC+POSIX_FD handle types failed: INTERNAL: CUDA error: : CUDA_ERROR_NOT_PERMITTED: operation not permitted; will retry with simpler handle types.
W0614 00:52:06.486623    4173 cuda_vmm_allocator.cc:80] [0] VMM cuMemCreate with FABRIC+POSIX_FD handle types failed: INTERNAL: CUDA error: : CUDA_ERROR_NOT_PERMITTED: operation not permitted; will retry with simpler handle types.
W0614 00:52:06.486809    4173 cuda_vmm_allocator.cc:80] [0] VMM cuMemCreate with FABRIC+POSIX_FD handle types failed: INTERNAL: CUDA error: : CUDA_ERROR_NOT_PERMITTED: operation not permitted; will retry with simpler handle types.
W0614 00:52:06.486999    4173 cuda_vmm_allocator.cc:80] [0] VMM cuMemCreate with FABRIC+POSIX_FD handle types failed: INTERNAL: CUDA error: : CUDA_ERROR_NOT_PERMITTED: operation not permitted; will retry with simpler handle types.
W0614 00:52:06.487172    4173 cuda_vmm_allocator.cc:80] [0] VMM cuMemCreate with FABRIC+POSIX_FD handle types failed: INTERNAL: CUDA error: : CUDA_ERROR_NOT_PERMITTED: operation not permitted; will retry with simpler handle types.
W0614 00:52:06.487363    4173 cuda_vmm_allocator.cc:80] [0] VMM cuMemCreate with FABRIC+POSIX_FD handle types failed: INTERNAL: CUDA error: : CUDA_ERROR_NOT_PERMITTED: operation not permitted; will retry with simpler handle types.
W0614 00:52:06.487538    4173 cuda_vmm_allocator.cc:80] [0] VMM cuMemCreate with FABRIC+POSIX_FD handle types failed: INTERNAL: CUDA error: : CUDA_ERROR_NOT_PERMITTED: operation not permitted; will retry with simpler handle types.
W0614 00:52:06.487782    4173 cuda_vmm_allocator.cc:80] [0] VMM cuMemCreate with FABRIC+POSIX_FD handle types failed: INTERNAL: CUDA error: : CUDA_ERROR_NOT_PERMITTED: operation not permitted; will retry with simpler handle types.
W0614 00:52:06.487965    4173 cuda_vmm_allocator.cc:80] [0] VMM cuMemCreate with FABRIC+POSIX_FD handle types failed: INTERNAL: CUDA error: : CUDA_ERROR_NOT_PERMITTED: operation not permitted; will retry with simpler handle types.
W0614 00:52:06.488156    4173 cuda_vmm_allocator.cc:80] [0] VMM cuMemCreate with FABRIC+POSIX_FD handle types failed: INTERNAL: CUDA error: : CUDA_ERROR_NOT_PERMITTED: operation not permitted; will retry with simpler handle types.
W0614 00:52:06.488362    4173 cuda_vmm_allocator.cc:80] [0] VMM cuMemCreate with FABRIC+POSIX_FD handle types failed: INTERNAL: CUDA error: : CUDA_ERROR_NOT_PERMITTED: operation not permitted; will retry with simpler handle types.
W0614 00:52:06.488643    4173 cuda_vmm_allocator.cc:80] [0] VMM cuMemCreate with FABRIC+POSIX_FD handle types failed: INTERNAL: CUDA error: : CUDA_ERROR_NOT_PERMITTED: operation not permitted; will retry with simpler handle types.
W0614 00:52:06.488832    4173 cuda_vmm_allocator.cc:80] [0] VMM cuMemCreate with FABRIC+POSIX_FD handle types failed: INTERNAL: CUDA error: : CUDA_ERROR_NOT_PERMITTED: operation not permitted; will retry with simpler handle types.
W0614 00:52:06.489025    4173 cuda_vmm_allocator.cc:80] [0] VMM cuMemCreate with FABRIC+POSIX_FD handle types failed: INTERNAL: CUDA error: : CUDA_ERROR_NOT_PERMITTED: operation not permitted; will retry with simpler handle types.
W0614 00:52:06.489197    4173 cuda_vmm_allocator.cc:80] [0] VMM cuMemCreate with FABRIC+POSIX_FD handle types failed: INTERNAL: CUDA error: : CUDA_ERROR_NOT_PERMITTED: operation not permitted; will retry with simpler handle types.
W0614 00:52:06.489402    4173 cuda_vmm_allocator.cc:80] [0] VMM cuMemCreate with FABRIC+POSIX_FD handle types failed: INTERNAL: CUDA error: : CUDA_ERROR_NOT_PERMITTED: operation not permitted; will retry with simpler handle types.
W0614 00:52:06.489592    4173 cuda_vmm_allocator.cc:80] [0] VMM cuMemCreate with FABRIC+POSIX_FD handle types failed: INTERNAL: CUDA error: : CUDA_ERROR_NOT_PERMITTED: operation not permitted; will retry with simpler handle types.
W0614 00:52:06.489798    4173 cuda_vmm_allocator.cc:80] [0] VMM cuMemCreate with FABRIC+POSIX_FD handle types failed: INTERNAL: CUDA error: : CUDA_ERROR_NOT_PERMITTED: operation not permitted; will retry with simpler handle types.
W0614 00:52:06.489972    4173 cuda_vmm_allocator.cc:80] [0] VMM cuMemCreate with FABRIC+POSIX_FD handle types failed: INTERNAL: CUDA error: : CUDA_ERROR_NOT_PERMITTED: operation not permitted; will retry with simpler handle types.
W0614 00:52:06.490162    4173 cuda_vmm_allocator.cc:80] [0] VMM cuMemCreate with FABRIC+POSIX_FD handle types failed: INTERNAL: CUDA error: : CUDA_ERROR_NOT_PERMITTED: operation not permitted; will retry with simpler handle types.
W0614 00:52:06.490333    4173 cuda_vmm_allocator.cc:80] [0] VMM cuMemCreate with FABRIC+POSIX_FD handle types failed: INTERNAL: CUDA error: : CUDA_ERROR_NOT_PERMITTED: operation not permitted; will retry with simpler handle types.
W0614 00:52:06.490548    4173 cuda_vmm_allocator.cc:80] [0] VMM cuMemCreate with FABRIC+POSIX_FD handle types failed: INTERNAL: CUDA error: : CUDA_ERROR_NOT_PERMITTED: operation not permitted; will retry with simpler handle types.
W0614 00:52:06.490748    4173 cuda_vmm_allocator.cc:80] [0] VMM cuMemCreate with FABRIC+POSIX_FD handle types failed: INTERNAL: CUDA error: : CUDA_ERROR_NOT_PERMITTED: operation not permitted; will retry with simpler handle types.
W0614 00:52:06.490940    4173 cuda_vmm_allocator.cc:80] [0] VMM cuMemCreate with FABRIC+POSIX_FD handle types failed: INTERNAL: CUDA error: : CUDA_ERROR_NOT_PERMITTED: operation not permitted; will retry with simpler handle types.
W0614 00:52:06.491120    4173 cuda_vmm_allocator.cc:80] [0] VMM cuMemCreate with FABRIC+POSIX_FD handle types failed: INTERNAL: CUDA error: : CUDA_ERROR_NOT_PERMITTED: operation not permitted; will retry with simpler handle types.
W0614 00:52:06.491334    4173 cuda_vmm_allocator.cc:80] [0] VMM cuMemCreate with FABRIC+POSIX_FD handle types failed: INTERNAL: CUDA error: : CUDA_ERROR_NOT_PERMITTED: operation not permitted; will retry with simpler handle types.
W0614 00:52:06.491543    4173 cuda_vmm_allocator.cc:80] [0] VMM cuMemCreate with FABRIC+POSIX_FD handle types failed: INTERNAL: CUDA error: : CUDA_ERROR_NOT_PERMITTED: operation not permitted; will retry with simpler handle types.
W0614 00:52:06.491751    4173 cuda_vmm_allocator.cc:80] [0] VMM cuMemCreate with FABRIC+POSIX_FD handle types failed: INTERNAL: CUDA error: : CUDA_ERROR_NOT_PERMITTED: operation not permitted; will retry with simpler handle types.
W0614 00:52:06.491926    4173 cuda_vmm_allocator.cc:80] [0] VMM cuMemCreate with FABRIC+POSIX_FD handle types failed: INTERNAL: CUDA error: : CUDA_ERROR_NOT_PERMITTED: operation not permitted; will retry with simpler handle types.
W0614 00:52:06.492159    4173 cuda_vmm_allocator.cc:80] [0] VMM cuMemCreate with FABRIC+POSIX_FD handle types failed: INTERNAL: CUDA error: : CUDA_ERROR_NOT_PERMITTED: operation not permitted; will retry with simpler handle types.
W0614 00:52:06.492335    4173 cuda_vmm_allocator.cc:80] [0] VMM cuMemCreate with FABRIC+POSIX_FD handle types failed: INTERNAL: CUDA error: : CUDA_ERROR_NOT_PERMITTED: operation not permitted; will retry with simpler handle types.
W0614 00:52:06.492515    4173 cuda_vmm_allocator.cc:80] [0] VMM cuMemCreate with FABRIC+POSIX_FD handle types failed: INTERNAL: CUDA error: : CUDA_ERROR_NOT_PERMITTED: operation not permitted; will retry with simpler handle types.
W0614 00:52:06.492710    4173 cuda_vmm_allocator.cc:80] [0] VMM cuMemCreate with FABRIC+POSIX_FD handle types failed: INTERNAL: CUDA error: : CUDA_ERROR_NOT_PERMITTED: operation not permitted; will retry with simpler handle types.
W0614 00:52:06.492941    4173 cuda_vmm_allocator.cc:80] [0] VMM cuMemCreate with FABRIC+POSIX_FD handle types failed: INTERNAL: CUDA error: : CUDA_ERROR_NOT_PERMITTED: operation not permitted; will retry with simpler handle types.
W0614 00:52:06.493118    4173 cuda_vmm_allocator.cc:80] [0] VMM cuMemCreate with FABRIC+POSIX_FD handle types failed: INTERNAL: CUDA error: : CUDA_ERROR_NOT_PERMITTED: operation not permitted; will retry with simpler handle types.
W0614 00:52:06.493305    4173 cuda_vmm_allocator.cc:80] [0] VMM cuMemCreate with FABRIC+POSIX_FD handle types failed: INTERNAL: CUDA error: : CUDA_ERROR_NOT_PERMITTED: operation not permitted; will retry with simpler handle types.
W0614 00:52:06.493474    4173 cuda_vmm_allocator.cc:80] [0] VMM cuMemCreate with FABRIC+POSIX_FD handle types failed: INTERNAL: CUDA error: : CUDA_ERROR_NOT_PERMITTED: operation not permitted; will retry with simpler handle types.
W0614 00:52:06.493695    4173 cuda_vmm_allocator.cc:80] [0] VMM cuMemCreate with FABRIC+POSIX_FD handle types failed: INTERNAL: CUDA error: : CUDA_ERROR_NOT_PERMITTED: operation not permitted; will retry with simpler handle types.
W0614 00:52:06.493879    4173 cuda_vmm_allocator.cc:80] [0] VMM cuMemCreate with FABRIC+POSIX_FD handle types failed: INTERNAL: CUDA error: : CUDA_ERROR_NOT_PERMITTED: operation not permitted; will retry with simpler handle types.
W0614 00:52:06.494129    4173 cuda_vmm_allocator.cc:80] [0] VMM cuMemCreate with FABRIC+POSIX_FD handle types failed: INTERNAL: CUDA error: : CUDA_ERROR_NOT_PERMITTED: operation not permitted; will retry with simpler handle types.
W0614 00:52:06.494320    4173 cuda_vmm_allocator.cc:80] [0] VMM cuMemCreate with FABRIC+POSIX_FD handle types failed: INTERNAL: CUDA error: : CUDA_ERROR_NOT_PERMITTED: operation not permitted; will retry with simpler handle types.
W0614 00:52:06.494504    4173 cuda_vmm_allocator.cc:80] [0] VMM cuMemCreate with FABRIC+POSIX_FD handle types failed: INTERNAL: CUDA error: : CUDA_ERROR_NOT_PERMITTED: operation not permitted; will retry with simpler handle types.
W0614 00:52:06.494766    4173 cuda_vmm_allocator.cc:80] [0] VMM cuMemCreate with FABRIC+POSIX_FD handle types failed: INTERNAL: CUDA error: : CUDA_ERROR_NOT_PERMITTED: operation not permitted; will retry with simpler handle types.
W0614 00:52:06.494959    4173 cuda_vmm_allocator.cc:80] [0] VMM cuMemCreate with FABRIC+POSIX_FD handle types failed: INTERNAL: CUDA error: : CUDA_ERROR_NOT_PERMITTED: operation not permitted; will retry with simpler handle types.
W0614 00:52:06.495129    4173 cuda_vmm_allocator.cc:80] [0] VMM cuMemCreate with FABRIC+POSIX_FD handle types failed: INTERNAL: CUDA error: : CUDA_ERROR_NOT_PERMITTED: operation not permitted; will retry with simpler handle types.
W0614 00:52:06.495359    4173 cuda_vmm_allocator.cc:80] [0] VMM cuMemCreate with FABRIC+POSIX_FD handle types failed: INTERNAL: CUDA error: : CUDA_ERROR_NOT_PERMITTED: operation not permitted; will retry with simpler handle types.
W0614 00:52:06.495530    4173 cuda_vmm_allocator.cc:80] [0] VMM cuMemCreate with FABRIC+POSIX_FD handle types failed: INTERNAL: CUDA error: : CUDA_ERROR_NOT_PERMITTED: operation not permitted; will retry with simpler handle types.
W0614 00:52:06.495726    4173 cuda_vmm_allocator.cc:80] [0] VMM cuMemCreate with FABRIC+POSIX_FD handle types failed: INTERNAL: CUDA error: : CUDA_ERROR_NOT_PERMITTED: operation not permitted; will retry with simpler handle types.
W0614 00:52:06.495896    4173 cuda_vmm_allocator.cc:80] [0] VMM cuMemCreate with FABRIC+POSIX_FD handle types failed: INTERNAL: CUDA error: : CUDA_ERROR_NOT_PERMITTED: operation not permitted; will retry with simpler handle types.
W0614 00:52:06.496122    4173 cuda_vmm_allocator.cc:80] [0] VMM cuMemCreate with FABRIC+POSIX_FD handle types failed: INTERNAL: CUDA error: : CUDA_ERROR_NOT_PERMITTED: operation not permitted; will retry with simpler handle types.
W0614 00:52:06.496293    4173 cuda_vmm_allocator.cc:80] [0] VMM cuMemCreate with FABRIC+POSIX_FD handle types failed: INTERNAL: CUDA error: : CUDA_ERROR_NOT_PERMITTED: operation not permitted; will retry with simpler handle types.
W0614 00:52:06.496477    4173 cuda_vmm_allocator.cc:80] [0] VMM cuMemCreate with FABRIC+POSIX_FD handle types failed: INTERNAL: CUDA error: : CUDA_ERROR_NOT_PERMITTED: operation not permitted; will retry with simpler handle types.
W0614 00:52:06.496680    4173 cuda_vmm_allocator.cc:80] [0] VMM cuMemCreate with FABRIC+POSIX_FD handle types failed: INTERNAL: CUDA error: : CUDA_ERROR_NOT_PERMITTED: operation not permitted; will retry with simpler handle types.
W0614 00:52:06.496876    4173 cuda_vmm_allocator.cc:80] [0] VMM cuMemCreate with FABRIC+POSIX_FD handle types failed: INTERNAL: CUDA error: : CUDA_ERROR_NOT_PERMITTED: operation not permitted; will retry with simpler handle types.
W0614 00:52:06.497045    4173 cuda_vmm_allocator.cc:80] [0] VMM cuMemCreate with FABRIC+POSIX_FD handle types failed: INTERNAL: CUDA error: : CUDA_ERROR_NOT_PERMITTED: operation not permitted; will retry with simpler handle types.
W0614 00:52:06.497269    4173 cuda_vmm_allocator.cc:80] [0] VMM cuMemCreate with FABRIC+POSIX_FD handle types failed: INTERNAL: CUDA error: : CUDA_ERROR_NOT_PERMITTED: operation not permitted; will retry with simpler handle types.
W0614 00:52:06.497438    4173 cuda_vmm_allocator.cc:80] [0] VMM cuMemCreate with FABRIC+POSIX_FD handle types failed: INTERNAL: CUDA error: : CUDA_ERROR_NOT_PERMITTED: operation not permitted; will retry with simpler handle types.
W0614 00:52:06.497627    4173 cuda_vmm_allocator.cc:80] [0] VMM cuMemCreate with FABRIC+POSIX_FD handle types failed: INTERNAL: CUDA error: : CUDA_ERROR_NOT_PERMITTED: operation not permitted; will retry with simpler handle types.
W0614 00:52:06.497827    4173 cuda_vmm_allocator.cc:80] [0] VMM cuMemCreate with FABRIC+POSIX_FD handle types failed: INTERNAL: CUDA error: : CUDA_ERROR_NOT_PERMITTED: operation not permitted; will retry with simpler handle types.
W0614 00:52:06.498052    4173 cuda_vmm_allocator.cc:80] [0] VMM cuMemCreate with FABRIC+POSIX_FD handle types failed: INTERNAL: CUDA error: : CUDA_ERROR_NOT_PERMITTED: operation not permitted; will retry with simpler handle types.
W0614 00:52:06.498211    4173 cuda_vmm_allocator.cc:80] [0] VMM cuMemCreate with FABRIC+POSIX_FD handle types failed: INTERNAL: CUDA error: : CUDA_ERROR_NOT_PERMITTED: operation not permitted; will retry with simpler handle types.
W0614 00:52:06.498374    4173 cuda_vmm_allocator.cc:80] [0] VMM cuMemCreate with FABRIC+POSIX_FD handle types failed: INTERNAL: CUDA error: : CUDA_ERROR_NOT_PERMITTED: operation not permitted; will retry with simpler handle types.
W0614 00:52:06.498522    4173 cuda_vmm_allocator.cc:80] [0] VMM cuMemCreate with FABRIC+POSIX_FD handle types failed: INTERNAL: CUDA error: : CUDA_ERROR_NOT_PERMITTED: operation not permitted; will retry with simpler handle types.
W0614 00:52:06.498725    4173 cuda_vmm_allocator.cc:80] [0] VMM cuMemCreate with FABRIC+POSIX_FD handle types failed: INTERNAL: CUDA error: : CUDA_ERROR_NOT_PERMITTED: operation not permitted; will retry with simpler handle types.
W0614 00:52:06.498876    4173 cuda_vmm_allocator.cc:80] [0] VMM cuMemCreate with FABRIC+POSIX_FD handle types failed: INTERNAL: CUDA error: : CUDA_ERROR_NOT_PERMITTED: operation not permitted; will retry with simpler handle types.
W0614 00:52:06.499080    4173 cuda_vmm_allocator.cc:80] [0] VMM cuMemCreate with FABRIC+POSIX_FD handle types failed: INTERNAL: CUDA error: : CUDA_ERROR_NOT_PERMITTED: operation not permitted; will retry with simpler handle types.
W0614 00:52:06.499229    4173 cuda_vmm_allocator.cc:80] [0] VMM cuMemCreate with FABRIC+POSIX_FD handle types failed: INTERNAL: CUDA error: : CUDA_ERROR_NOT_PERMITTED: operation not permitted; will retry with simpler handle types.
W0614 00:52:06.499392    4173 cuda_vmm_allocator.cc:80] [0] VMM cuMemCreate with FABRIC+POSIX_FD handle types failed: INTERNAL: CUDA error: : CUDA_ERROR_NOT_PERMITTED: operation not permitted; will retry with simpler handle types.
W0614 00:52:06.499540    4173 cuda_vmm_allocator.cc:80] [0] VMM cuMemCreate with FABRIC+POSIX_FD handle types failed: INTERNAL: CUDA error: : CUDA_ERROR_NOT_PERMITTED: operation not permitted; will retry with simpler handle types.
W0614 00:52:06.499727    4173 cuda_vmm_allocator.cc:80] [0] VMM cuMemCreate with FABRIC+POSIX_FD handle types failed: INTERNAL: CUDA error: : CUDA_ERROR_NOT_PERMITTED: operation not permitted; will retry with simpler handle types.
W0614 00:52:06.499880    4173 cuda_vmm_allocator.cc:80] [0] VMM cuMemCreate with FABRIC+POSIX_FD handle types failed: INTERNAL: CUDA error: : CUDA_ERROR_NOT_PERMITTED: operation not permitted; will retry with simpler handle types.
W0614 00:52:06.500039    4173 cuda_vmm_allocator.cc:80] [0] VMM cuMemCreate with FABRIC+POSIX_FD handle types failed: INTERNAL: CUDA error: : CUDA_ERROR_NOT_PERMITTED: operation not permitted; will retry with simpler handle types.
W0614 00:52:06.500193    4173 cuda_vmm_allocator.cc:80] [0] VMM cuMemCreate with FABRIC+POSIX_FD handle types failed: INTERNAL: CUDA error: : CUDA_ERROR_NOT_PERMITTED: operation not permitted; will retry with simpler handle types.
W0614 00:52:06.500352    4173 cuda_vmm_allocator.cc:80] [0] VMM cuMemCreate with FABRIC+POSIX_FD handle types failed: INTERNAL: CUDA error: : CUDA_ERROR_NOT_PERMITTED: operation not permitted; will retry with simpler handle types.
W0614 00:52:06.500533    4173 cuda_vmm_allocator.cc:80] [0] VMM cuMemCreate with FABRIC+POSIX_FD handle types failed: INTERNAL: CUDA error: : CUDA_ERROR_NOT_PERMITTED: operation not permitted; will retry with simpler handle types.
W0614 00:52:06.500748    4173 cuda_vmm_allocator.cc:80] [0] VMM cuMemCreate with FABRIC+POSIX_FD handle types failed: INTERNAL: CUDA error: : CUDA_ERROR_NOT_PERMITTED: operation not permitted; will retry with simpler handle types.
W0614 00:52:06.500905    4173 cuda_vmm_allocator.cc:80] [0] VMM cuMemCreate with FABRIC+POSIX_FD handle types failed: INTERNAL: CUDA error: : CUDA_ERROR_NOT_PERMITTED: operation not permitted; will retry with simpler handle types.
W0614 00:52:06.760485    4176 cuda_vmm_allocator.cc:80] [1] VMM cuMemCreate with FABRIC+POSIX_FD handle types failed: INTERNAL: CUDA error: : CUDA_ERROR_NOT_PERMITTED: operation not permitted; will retry with simpler handle types.
W0614 00:52:06.760771    4176 cuda_vmm_allocator.cc:80] [1] VMM cuMemCreate with FABRIC+POSIX_FD handle types failed: INTERNAL: CUDA error: : CUDA_ERROR_NOT_PERMITTED: operation not permitted; will retry with simpler handle types.
W0614 00:52:06.760979    4176 cuda_vmm_allocator.cc:80] [1] VMM cuMemCreate with FABRIC+POSIX_FD handle types failed: INTERNAL: CUDA error: : CUDA_ERROR_NOT_PERMITTED: operation not permitted; will retry with simpler handle types.
W0614 00:52:06.761134    4176 cuda_vmm_allocator.cc:80] [1] VMM cuMemCreate with FABRIC+POSIX_FD handle types failed: INTERNAL: CUDA error: : CUDA_ERROR_NOT_PERMITTED: operation not permitted; will retry with simpler handle types.
W0614 00:52:06.761301    4176 cuda_vmm_allocator.cc:80] [1] VMM cuMemCreate with FABRIC+POSIX_FD handle types failed: INTERNAL: CUDA error: : CUDA_ERROR_NOT_PERMITTED: operation not permitted; will retry with simpler handle types.
W0614 00:52:06.761451    4176 cuda_vmm_allocator.cc:80] [1] VMM cuMemCreate with FABRIC+POSIX_FD handle types failed: INTERNAL: CUDA error: : CUDA_ERROR_NOT_PERMITTED: operation not permitted; will retry with simpler handle types.
W0614 00:52:06.761626    4176 cuda_vmm_allocator.cc:80] [1] VMM cuMemCreate with FABRIC+POSIX_FD handle types failed: INTERNAL: CUDA error: : CUDA_ERROR_NOT_PERMITTED: operation not permitted; will retry with simpler handle types.
W0614 00:52:06.761785    4176 cuda_vmm_allocator.cc:80] [1] VMM cuMemCreate with FABRIC+POSIX_FD handle types failed: INTERNAL: CUDA error: : CUDA_ERROR_NOT_PERMITTED: operation not permitted; will retry with simpler handle types.
W0614 00:52:06.761963    4176 cuda_vmm_allocator.cc:80] [1] VMM cuMemCreate with FABRIC+POSIX_FD handle types failed: INTERNAL: CUDA error: : CUDA_ERROR_NOT_PERMITTED: operation not permitted; will retry with simpler handle types.
W0614 00:52:06.762112    4176 cuda_vmm_allocator.cc:80] [1] VMM cuMemCreate with FABRIC+POSIX_FD handle types failed: INTERNAL: CUDA error: : CUDA_ERROR_NOT_PERMITTED: operation not permitted; will retry with simpler handle types.
W0614 00:52:06.762277    4176 cuda_vmm_allocator.cc:80] [1] VMM cuMemCreate with FABRIC+POSIX_FD handle types failed: INTERNAL: CUDA error: : CUDA_ERROR_NOT_PERMITTED: operation not permitted; will retry with simpler handle types.
W0614 00:52:06.762427    4176 cuda_vmm_allocator.cc:80] [1] VMM cuMemCreate with FABRIC+POSIX_FD handle types failed: INTERNAL: CUDA error: : CUDA_ERROR_NOT_PERMITTED: operation not permitted; will retry with simpler handle types.
W0614 00:52:06.762602    4176 cuda_vmm_allocator.cc:80] [1] VMM cuMemCreate with FABRIC+POSIX_FD handle types failed: INTERNAL: CUDA error: : CUDA_ERROR_NOT_PERMITTED: operation not permitted; will retry with simpler handle types.
W0614 00:52:06.762804    4176 cuda_vmm_allocator.cc:80] [1] VMM cuMemCreate with FABRIC+POSIX_FD handle types failed: INTERNAL: CUDA error: : CUDA_ERROR_NOT_PERMITTED: operation not permitted; will retry with simpler handle types.
W0614 00:52:06.762982    4176 cuda_vmm_allocator.cc:80] [1] VMM cuMemCreate with FABRIC+POSIX_FD handle types failed: INTERNAL: CUDA error: : CUDA_ERROR_NOT_PERMITTED: operation not permitted; will retry with simpler handle types.
W0614 00:52:06.763131    4176 cuda_vmm_allocator.cc:80] [1] VMM cuMemCreate with FABRIC+POSIX_FD handle types failed: INTERNAL: CUDA error: : CUDA_ERROR_NOT_PERMITTED: operation not permitted; will retry with simpler handle types.
W0614 00:52:06.763296    4176 cuda_vmm_allocator.cc:80] [1] VMM cuMemCreate with FABRIC+POSIX_FD handle types failed: INTERNAL: CUDA error: : CUDA_ERROR_NOT_PERMITTED: operation not permitted; will retry with simpler handle types.
W0614 00:52:06.763444    4176 cuda_vmm_allocator.cc:80] [1] VMM cuMemCreate with FABRIC+POSIX_FD handle types failed: INTERNAL: CUDA error: : CUDA_ERROR_NOT_PERMITTED: operation not permitted; will retry with simpler handle types.
W0614 00:52:06.763624    4176 cuda_vmm_allocator.cc:80] [1] VMM cuMemCreate with FABRIC+POSIX_FD handle types failed: INTERNAL: CUDA error: : CUDA_ERROR_NOT_PERMITTED: operation not permitted; will retry with simpler handle types.
W0614 00:52:06.763774    4176 cuda_vmm_allocator.cc:80] [1] VMM cuMemCreate with FABRIC+POSIX_FD handle types failed: INTERNAL: CUDA error: : CUDA_ERROR_NOT_PERMITTED: operation not permitted; will retry with simpler handle types.
W0614 00:52:06.763946    4176 cuda_vmm_allocator.cc:80] [1] VMM cuMemCreate with FABRIC+POSIX_FD handle types failed: INTERNAL: CUDA error: : CUDA_ERROR_NOT_PERMITTED: operation not permitted; will retry with simpler handle types.
W0614 00:52:06.764092    4176 cuda_vmm_allocator.cc:80] [1] VMM cuMemCreate with FABRIC+POSIX_FD handle types failed: INTERNAL: CUDA error: : CUDA_ERROR_NOT_PERMITTED: operation not permitted; will retry with simpler handle types.
W0614 00:52:06.764256    4176 cuda_vmm_allocator.cc:80] [1] VMM cuMemCreate with FABRIC+POSIX_FD handle types failed: INTERNAL: CUDA error: : CUDA_ERROR_NOT_PERMITTED: operation not permitted; will retry with simpler handle types.
W0614 00:52:06.764410    4176 cuda_vmm_allocator.cc:80] [1] VMM cuMemCreate with FABRIC+POSIX_FD handle types failed: INTERNAL: CUDA error: : CUDA_ERROR_NOT_PERMITTED: operation not permitted; will retry with simpler handle types.
W0614 00:52:06.764588    4176 cuda_vmm_allocator.cc:80] [1] VMM cuMemCreate with FABRIC+POSIX_FD handle types failed: INTERNAL: CUDA error: : CUDA_ERROR_NOT_PERMITTED: operation not permitted; will retry with simpler handle types.
W0614 00:52:06.764739    4176 cuda_vmm_allocator.cc:80] [1] VMM cuMemCreate with FABRIC+POSIX_FD handle types failed: INTERNAL: CUDA error: : CUDA_ERROR_NOT_PERMITTED: operation not permitted; will retry with simpler handle types.
W0614 00:52:06.764911    4176 cuda_vmm_allocator.cc:80] [1] VMM cuMemCreate with FABRIC+POSIX_FD handle types failed: INTERNAL: CUDA error: : CUDA_ERROR_NOT_PERMITTED: operation not permitted; will retry with simpler handle types.
W0614 00:52:06.765058    4176 cuda_vmm_allocator.cc:80] [1] VMM cuMemCreate with FABRIC+POSIX_FD handle types failed: INTERNAL: CUDA error: : CUDA_ERROR_NOT_PERMITTED: operation not permitted; will retry with simpler handle types.
W0614 00:52:06.765230    4176 cuda_vmm_allocator.cc:80] [1] VMM cuMemCreate with FABRIC+POSIX_FD handle types failed: INTERNAL: CUDA error: : CUDA_ERROR_NOT_PERMITTED: operation not permitted; will retry with simpler handle types.
W0614 00:52:06.765417    4176 cuda_vmm_allocator.cc:80] [1] VMM cuMemCreate with FABRIC+POSIX_FD handle types failed: INTERNAL: CUDA error: : CUDA_ERROR_NOT_PERMITTED: operation not permitted; will retry with simpler handle types.
W0614 00:52:06.765584    4176 cuda_vmm_allocator.cc:80] [1] VMM cuMemCreate with FABRIC+POSIX_FD handle types failed: INTERNAL: CUDA error: : CUDA_ERROR_NOT_PERMITTED: operation not permitted; will retry with simpler handle types.
W0614 00:52:06.765732    4176 cuda_vmm_allocator.cc:80] [1] VMM cuMemCreate with FABRIC+POSIX_FD handle types failed: INTERNAL: CUDA error: : CUDA_ERROR_NOT_PERMITTED: operation not permitted; will retry with simpler handle types.
W0614 00:52:06.765901    4176 cuda_vmm_allocator.cc:80] [1] VMM cuMemCreate with FABRIC+POSIX_FD handle types failed: INTERNAL: CUDA error: : CUDA_ERROR_NOT_PERMITTED: operation not permitted; will retry with simpler handle types.
W0614 00:52:06.766046    4176 cuda_vmm_allocator.cc:80] [1] VMM cuMemCreate with FABRIC+POSIX_FD handle types failed: INTERNAL: CUDA error: : CUDA_ERROR_NOT_PERMITTED: operation not permitted; will retry with simpler handle types.
W0614 00:52:06.766212    4176 cuda_vmm_allocator.cc:80] [1] VMM cuMemCreate with FABRIC+POSIX_FD handle types failed: INTERNAL: CUDA error: : CUDA_ERROR_NOT_PERMITTED: operation not permitted; will retry with simpler handle types.
W0614 00:52:06.766356    4176 cuda_vmm_allocator.cc:80] [1] VMM cuMemCreate with FABRIC+POSIX_FD handle types failed: INTERNAL: CUDA error: : CUDA_ERROR_NOT_PERMITTED: operation not permitted; will retry with simpler handle types.
W0614 00:52:06.766515    4176 cuda_vmm_allocator.cc:80] [1] VMM cuMemCreate with FABRIC+POSIX_FD handle types failed: INTERNAL: CUDA error: : CUDA_ERROR_NOT_PERMITTED: operation not permitted; will retry with simpler handle types.
W0614 00:52:06.766666    4176 cuda_vmm_allocator.cc:80] [1] VMM cuMemCreate with FABRIC+POSIX_FD handle types failed: INTERNAL: CUDA error: : CUDA_ERROR_NOT_PERMITTED: operation not permitted; will retry with simpler handle types.
W0614 00:52:06.766834    4176 cuda_vmm_allocator.cc:80] [1] VMM cuMemCreate with FABRIC+POSIX_FD handle types failed: INTERNAL: CUDA error: : CUDA_ERROR_NOT_PERMITTED: operation not permitted; will retry with simpler handle types.
W0614 00:52:06.766984    4176 cuda_vmm_allocator.cc:80] [1] VMM cuMemCreate with FABRIC+POSIX_FD handle types failed: INTERNAL: CUDA error: : CUDA_ERROR_NOT_PERMITTED: operation not permitted; will retry with simpler handle types.
W0614 00:52:06.767142    4176 cuda_vmm_allocator.cc:80] [1] VMM cuMemCreate with FABRIC+POSIX_FD handle types failed: INTERNAL: CUDA error: : CUDA_ERROR_NOT_PERMITTED: operation not permitted; will retry with simpler handle types.
W0614 00:52:06.767285    4176 cuda_vmm_allocator.cc:80] [1] VMM cuMemCreate with FABRIC+POSIX_FD handle types failed: INTERNAL: CUDA error: : CUDA_ERROR_NOT_PERMITTED: operation not permitted; will retry with simpler handle types.
W0614 00:52:06.767453    4176 cuda_vmm_allocator.cc:80] [1] VMM cuMemCreate with FABRIC+POSIX_FD handle types failed: INTERNAL: CUDA error: : CUDA_ERROR_NOT_PERMITTED: operation not permitted; will retry with simpler handle types.
W0614 00:52:06.767607    4176 cuda_vmm_allocator.cc:80] [1] VMM cuMemCreate with FABRIC+POSIX_FD handle types failed: INTERNAL: CUDA error: : CUDA_ERROR_NOT_PERMITTED: operation not permitted; will retry with simpler handle types.
W0614 00:52:06.767780    4176 cuda_vmm_allocator.cc:80] [1] VMM cuMemCreate with FABRIC+POSIX_FD handle types failed: INTERNAL: CUDA error: : CUDA_ERROR_NOT_PERMITTED: operation not permitted; will retry with simpler handle types.
W0614 00:52:06.767963    4176 cuda_vmm_allocator.cc:80] [1] VMM cuMemCreate with FABRIC+POSIX_FD handle types failed: INTERNAL: CUDA error: : CUDA_ERROR_NOT_PERMITTED: operation not permitted; will retry with simpler handle types.
W0614 00:52:06.768123    4176 cuda_vmm_allocator.cc:80] [1] VMM cuMemCreate with FABRIC+POSIX_FD handle types failed: INTERNAL: CUDA error: : CUDA_ERROR_NOT_PERMITTED: operation not permitted; will retry with simpler handle types.
W0614 00:52:06.768267    4176 cuda_vmm_allocator.cc:80] [1] VMM cuMemCreate with FABRIC+POSIX_FD handle types failed: INTERNAL: CUDA error: : CUDA_ERROR_NOT_PERMITTED: operation not permitted; will retry with simpler handle types.
W0614 00:52:06.768430    4176 cuda_vmm_allocator.cc:80] [1] VMM cuMemCreate with FABRIC+POSIX_FD handle types failed: INTERNAL: CUDA error: : CUDA_ERROR_NOT_PERMITTED: operation not permitted; will retry with simpler handle types.
W0614 00:52:06.768592    4176 cuda_vmm_allocator.cc:80] [1] VMM cuMemCreate with FABRIC+POSIX_FD handle types failed: INTERNAL: CUDA error: : CUDA_ERROR_NOT_PERMITTED: operation not permitted; will retry with simpler handle types.
W0614 00:52:06.768774    4176 cuda_vmm_allocator.cc:80] [1] VMM cuMemCreate with FABRIC+POSIX_FD handle types failed: INTERNAL: CUDA error: : CUDA_ERROR_NOT_PERMITTED: operation not permitted; will retry with simpler handle types.
W0614 00:52:06.768920    4176 cuda_vmm_allocator.cc:80] [1] VMM cuMemCreate with FABRIC+POSIX_FD handle types failed: INTERNAL: CUDA error: : CUDA_ERROR_NOT_PERMITTED: operation not permitted; will retry with simpler handle types.
W0614 00:52:06.769080    4176 cuda_vmm_allocator.cc:80] [1] VMM cuMemCreate with FABRIC+POSIX_FD handle types failed: INTERNAL: CUDA error: : CUDA_ERROR_NOT_PERMITTED: operation not permitted; will retry with simpler handle types.
W0614 00:52:06.769225    4176 cuda_vmm_allocator.cc:80] [1] VMM cuMemCreate with FABRIC+POSIX_FD handle types failed: INTERNAL: CUDA error: : CUDA_ERROR_NOT_PERMITTED: operation not permitted; will retry with simpler handle types.
W0614 00:52:06.769388    4176 cuda_vmm_allocator.cc:80] [1] VMM cuMemCreate with FABRIC+POSIX_FD handle types failed: INTERNAL: CUDA error: : CUDA_ERROR_NOT_PERMITTED: operation not permitted; will retry with simpler handle types.
W0614 00:52:06.769538    4176 cuda_vmm_allocator.cc:80] [1] VMM cuMemCreate with FABRIC+POSIX_FD handle types failed: INTERNAL: CUDA error: : CUDA_ERROR_NOT_PERMITTED: operation not permitted; will retry with simpler handle types.
W0614 00:52:06.769721    4176 cuda_vmm_allocator.cc:80] [1] VMM cuMemCreate with FABRIC+POSIX_FD handle types failed: INTERNAL: CUDA error: : CUDA_ERROR_NOT_PERMITTED: operation not permitted; will retry with simpler handle types.
W0614 00:52:06.769869    4176 cuda_vmm_allocator.cc:80] [1] VMM cuMemCreate with FABRIC+POSIX_FD handle types failed: INTERNAL: CUDA error: : CUDA_ERROR_NOT_PERMITTED: operation not permitted; will retry with simpler handle types.
W0614 00:52:06.770029    4176 cuda_vmm_allocator.cc:80] [1] VMM cuMemCreate with FABRIC+POSIX_FD handle types failed: INTERNAL: CUDA error: : CUDA_ERROR_NOT_PERMITTED: operation not permitted; will retry with simpler handle types.
W0614 00:52:06.770176    4176 cuda_vmm_allocator.cc:80] [1] VMM cuMemCreate with FABRIC+POSIX_FD handle types failed: INTERNAL: CUDA error: : CUDA_ERROR_NOT_PERMITTED: operation not permitted; will retry with simpler handle types.
W0614 00:52:06.770339    4176 cuda_vmm_allocator.cc:80] [1] VMM cuMemCreate with FABRIC+POSIX_FD handle types failed: INTERNAL: CUDA error: : CUDA_ERROR_NOT_PERMITTED: operation not permitted; will retry with simpler handle types.
W0614 00:52:06.770518    4176 cuda_vmm_allocator.cc:80] [1] VMM cuMemCreate with FABRIC+POSIX_FD handle types failed: INTERNAL: CUDA error: : CUDA_ERROR_NOT_PERMITTED: operation not permitted; will retry with simpler handle types.
W0614 00:52:06.770692    4176 cuda_vmm_allocator.cc:80] [1] VMM cuMemCreate with FABRIC+POSIX_FD handle types failed: INTERNAL: CUDA error: : CUDA_ERROR_NOT_PERMITTED: operation not permitted; will retry with simpler handle types.
W0614 00:52:06.770838    4176 cuda_vmm_allocator.cc:80] [1] VMM cuMemCreate with FABRIC+POSIX_FD handle types failed: INTERNAL: CUDA error: : CUDA_ERROR_NOT_PERMITTED: operation not permitted; will retry with simpler handle types.
W0614 00:52:06.770999    4176 cuda_vmm_allocator.cc:80] [1] VMM cuMemCreate with FABRIC+POSIX_FD handle types failed: INTERNAL: CUDA error: : CUDA_ERROR_NOT_PERMITTED: operation not permitted; will retry with simpler handle types.
W0614 00:52:06.771145    4176 cuda_vmm_allocator.cc:80] [1] VMM cuMemCreate with FABRIC+POSIX_FD handle types failed: INTERNAL: CUDA error: : CUDA_ERROR_NOT_PERMITTED: operation not permitted; will retry with simpler handle types.
W0614 00:52:06.771312    4176 cuda_vmm_allocator.cc:80] [1] VMM cuMemCreate with FABRIC+POSIX_FD handle types failed: INTERNAL: CUDA error: : CUDA_ERROR_NOT_PERMITTED: operation not permitted; will retry with simpler handle types.
W0614 00:52:06.771458    4176 cuda_vmm_allocator.cc:80] [1] VMM cuMemCreate with FABRIC+POSIX_FD handle types failed: INTERNAL: CUDA error: : CUDA_ERROR_NOT_PERMITTED: operation not permitted; will retry with simpler handle types.
W0614 00:52:06.771634    4176 cuda_vmm_allocator.cc:80] [1] VMM cuMemCreate with FABRIC+POSIX_FD handle types failed: INTERNAL: CUDA error: : CUDA_ERROR_NOT_PERMITTED: operation not permitted; will retry with simpler handle types.
W0614 00:52:06.771784    4176 cuda_vmm_allocator.cc:80] [1] VMM cuMemCreate with FABRIC+POSIX_FD handle types failed: INTERNAL: CUDA error: : CUDA_ERROR_NOT_PERMITTED: operation not permitted; will retry with simpler handle types.
W0614 00:52:06.771945    4176 cuda_vmm_allocator.cc:80] [1] VMM cuMemCreate with FABRIC+POSIX_FD handle types failed: INTERNAL: CUDA error: : CUDA_ERROR_NOT_PERMITTED: operation not permitted; will retry with simpler handle types.
W0614 00:52:06.772097    4176 cuda_vmm_allocator.cc:80] [1] VMM cuMemCreate with FABRIC+POSIX_FD handle types failed: INTERNAL: CUDA error: : CUDA_ERROR_NOT_PERMITTED: operation not permitted; will retry with simpler handle types.
W0614 00:52:06.772258    4176 cuda_vmm_allocator.cc:80] [1] VMM cuMemCreate with FABRIC+POSIX_FD handle types failed: INTERNAL: CUDA error: : CUDA_ERROR_NOT_PERMITTED: operation not permitted; will retry with simpler handle types.
W0614 00:52:06.772404    4176 cuda_vmm_allocator.cc:80] [1] VMM cuMemCreate with FABRIC+POSIX_FD handle types failed: INTERNAL: CUDA error: : CUDA_ERROR_NOT_PERMITTED: operation not permitted; will retry with simpler handle types.
W0614 00:52:06.772589    4176 cuda_vmm_allocator.cc:80] [1] VMM cuMemCreate with FABRIC+POSIX_FD handle types failed: INTERNAL: CUDA error: : CUDA_ERROR_NOT_PERMITTED: operation not permitted; will retry with simpler handle types.
W0614 00:52:06.772742    4176 cuda_vmm_allocator.cc:80] [1] VMM cuMemCreate with FABRIC+POSIX_FD handle types failed: INTERNAL: CUDA error: : CUDA_ERROR_NOT_PERMITTED: operation not permitted; will retry with simpler handle types.
W0614 00:52:06.772906    4176 cuda_vmm_allocator.cc:80] [1] VMM cuMemCreate with FABRIC+POSIX_FD handle types failed: INTERNAL: CUDA error: : CUDA_ERROR_NOT_PERMITTED: operation not permitted; will retry with simpler handle types.
W0614 00:52:06.773086    4176 cuda_vmm_allocator.cc:80] [1] VMM cuMemCreate with FABRIC+POSIX_FD handle types failed: INTERNAL: CUDA error: : CUDA_ERROR_NOT_PERMITTED: operation not permitted; will retry with simpler handle types.
W0614 00:52:06.773250    4176 cuda_vmm_allocator.cc:80] [1] VMM cuMemCreate with FABRIC+POSIX_FD handle types failed: INTERNAL: CUDA error: : CUDA_ERROR_NOT_PERMITTED: operation not permitted; will retry with simpler handle types.
W0614 00:52:06.773399    4176 cuda_vmm_allocator.cc:80] [1] VMM cuMemCreate with FABRIC+POSIX_FD handle types failed: INTERNAL: CUDA error: : CUDA_ERROR_NOT_PERMITTED: operation not permitted; will retry with simpler handle types.
W0614 00:52:06.773574    4176 cuda_vmm_allocator.cc:80] [1] VMM cuMemCreate with FABRIC+POSIX_FD handle types failed: INTERNAL: CUDA error: : CUDA_ERROR_NOT_PERMITTED: operation not permitted; will retry with simpler handle types.
W0614 00:52:06.773725    4176 cuda_vmm_allocator.cc:80] [1] VMM cuMemCreate with FABRIC+POSIX_FD handle types failed: INTERNAL: CUDA error: : CUDA_ERROR_NOT_PERMITTED: operation not permitted; will retry with simpler handle types.
W0614 00:52:06.773891    4176 cuda_vmm_allocator.cc:80] [1] VMM cuMemCreate with FABRIC+POSIX_FD handle types failed: INTERNAL: CUDA error: : CUDA_ERROR_NOT_PERMITTED: operation not permitted; will retry with simpler handle types.
W0614 00:52:06.774035    4176 cuda_vmm_allocator.cc:80] [1] VMM cuMemCreate with FABRIC+POSIX_FD handle types failed: INTERNAL: CUDA error: : CUDA_ERROR_NOT_PERMITTED: operation not permitted; will retry with simpler handle types.
W0614 00:52:06.774194    4176 cuda_vmm_allocator.cc:80] [1] VMM cuMemCreate with FABRIC+POSIX_FD handle types failed: INTERNAL: CUDA error: : CUDA_ERROR_NOT_PERMITTED: operation not permitted; will retry with simpler handle types.
W0614 00:52:06.774341    4176 cuda_vmm_allocator.cc:80] [1] VMM cuMemCreate with FABRIC+POSIX_FD handle types failed: INTERNAL: CUDA error: : CUDA_ERROR_NOT_PERMITTED: operation not permitted; will retry with simpler handle types.
W0614 00:52:06.774506    4176 cuda_vmm_allocator.cc:80] [1] VMM cuMemCreate with FABRIC+POSIX_FD handle types failed: INTERNAL: CUDA error: : CUDA_ERROR_NOT_PERMITTED: operation not permitted; will retry with simpler handle types.
W0614 00:52:06.774664    4176 cuda_vmm_allocator.cc:80] [1] VMM cuMemCreate with FABRIC+POSIX_FD handle types failed: INTERNAL: CUDA error: : CUDA_ERROR_NOT_PERMITTED: operation not permitted; will retry with simpler handle types.
W0614 00:52:06.774828    4176 cuda_vmm_allocator.cc:80] [1] VMM cuMemCreate with FABRIC+POSIX_FD handle types failed: INTERNAL: CUDA error: : CUDA_ERROR_NOT_PERMITTED: operation not permitted; will retry with simpler handle types.
W0614 00:52:06.774972    4176 cuda_vmm_allocator.cc:80] [1] VMM cuMemCreate with FABRIC+POSIX_FD handle types failed: INTERNAL: CUDA error: : CUDA_ERROR_NOT_PERMITTED: operation not permitted; will retry with simpler handle types.
W0614 00:52:06.775132    4176 cuda_vmm_allocator.cc:80] [1] VMM cuMemCreate with FABRIC+POSIX_FD handle types failed: INTERNAL: CUDA error: : CUDA_ERROR_NOT_PERMITTED: operation not permitted; will retry with simpler handle types.
W0614 00:52:06.775279    4176 cuda_vmm_allocator.cc:80] [1] VMM cuMemCreate with FABRIC+POSIX_FD handle types failed: INTERNAL: CUDA error: : CUDA_ERROR_NOT_PERMITTED: operation not permitted; will retry with simpler handle types.
W0614 00:52:06.775449    4176 cuda_vmm_allocator.cc:80] [1] VMM cuMemCreate with FABRIC+POSIX_FD handle types failed: INTERNAL: CUDA error: : CUDA_ERROR_NOT_PERMITTED: operation not permitted; will retry with simpler handle types.
W0614 00:52:06.775634    4176 cuda_vmm_allocator.cc:80] [1] VMM cuMemCreate with FABRIC+POSIX_FD handle types failed: INTERNAL: CUDA error: : CUDA_ERROR_NOT_PERMITTED: operation not permitted; will retry with simpler handle types.
W0614 00:52:06.775799    4176 cuda_vmm_allocator.cc:80] [1] VMM cuMemCreate with FABRIC+POSIX_FD handle types failed: INTERNAL: CUDA error: : CUDA_ERROR_NOT_PERMITTED: operation not permitted; will retry with simpler handle types.
W0614 00:52:06.775945    4176 cuda_vmm_allocator.cc:80] [1] VMM cuMemCreate with FABRIC+POSIX_FD handle types failed: INTERNAL: CUDA error: : CUDA_ERROR_NOT_PERMITTED: operation not permitted; will retry with simpler handle types.
W0614 00:52:06.776107    4176 cuda_vmm_allocator.cc:80] [1] VMM cuMemCreate with FABRIC+POSIX_FD handle types failed: INTERNAL: CUDA error: : CUDA_ERROR_NOT_PERMITTED: operation not permitted; will retry with simpler handle types.
W0614 00:52:06.776254    4176 cuda_vmm_allocator.cc:80] [1] VMM cuMemCreate with FABRIC+POSIX_FD handle types failed: INTERNAL: CUDA error: : CUDA_ERROR_NOT_PERMITTED: operation not permitted; will retry with simpler handle types.
W0614 00:52:06.776436    4176 cuda_vmm_allocator.cc:80] [1] VMM cuMemCreate with FABRIC+POSIX_FD handle types failed: INTERNAL: CUDA error: : CUDA_ERROR_NOT_PERMITTED: operation not permitted; will retry with simpler handle types.
W0614 00:52:06.776601    4176 cuda_vmm_allocator.cc:80] [1] VMM cuMemCreate with FABRIC+POSIX_FD handle types failed: INTERNAL: CUDA error: : CUDA_ERROR_NOT_PERMITTED: operation not permitted; will retry with simpler handle types.
W0614 00:52:06.776766    4176 cuda_vmm_allocator.cc:80] [1] VMM cuMemCreate with FABRIC+POSIX_FD handle types failed: INTERNAL: CUDA error: : CUDA_ERROR_NOT_PERMITTED: operation not permitted; will retry with simpler handle types.
W0614 00:52:06.776914    4176 cuda_vmm_allocator.cc:80] [1] VMM cuMemCreate with FABRIC+POSIX_FD handle types failed: INTERNAL: CUDA error: : CUDA_ERROR_NOT_PERMITTED: operation not permitted; will retry with simpler handle types.
W0614 00:52:06.777076    4176 cuda_vmm_allocator.cc:80] [1] VMM cuMemCreate with FABRIC+POSIX_FD handle types failed: INTERNAL: CUDA error: : CUDA_ERROR_NOT_PERMITTED: operation not permitted; will retry with simpler handle types.
W0614 00:52:06.777228    4176 cuda_vmm_allocator.cc:80] [1] VMM cuMemCreate with FABRIC+POSIX_FD handle types failed: INTERNAL: CUDA error: : CUDA_ERROR_NOT_PERMITTED: operation not permitted; will retry with simpler handle types.
W0614 00:52:06.777395    4176 cuda_vmm_allocator.cc:80] [1] VMM cuMemCreate with FABRIC+POSIX_FD handle types failed: INTERNAL: CUDA error: : CUDA_ERROR_NOT_PERMITTED: operation not permitted; will retry with simpler handle types.
W0614 00:52:06.777541    4176 cuda_vmm_allocator.cc:80] [1] VMM cuMemCreate with FABRIC+POSIX_FD handle types failed: INTERNAL: CUDA error: : CUDA_ERROR_NOT_PERMITTED: operation not permitted; will retry with simpler handle types.
W0614 00:52:06.777715    4176 cuda_vmm_allocator.cc:80] [1] VMM cuMemCreate with FABRIC+POSIX_FD handle types failed: INTERNAL: CUDA error: : CUDA_ERROR_NOT_PERMITTED: operation not permitted; will retry with simpler handle types.
W0614 00:52:06.777862    4176 cuda_vmm_allocator.cc:80] [1] VMM cuMemCreate with FABRIC+POSIX_FD handle types failed: INTERNAL: CUDA error: : CUDA_ERROR_NOT_PERMITTED: operation not permitted; will retry with simpler handle types.
W0614 00:52:06.778026    4176 cuda_vmm_allocator.cc:80] [1] VMM cuMemCreate with FABRIC+POSIX_FD handle types failed: INTERNAL: CUDA error: : CUDA_ERROR_NOT_PERMITTED: operation not permitted; will retry with simpler handle types.
W0614 00:52:06.778207    4176 cuda_vmm_allocator.cc:80] [1] VMM cuMemCreate with FABRIC+POSIX_FD handle types failed: INTERNAL: CUDA error: : CUDA_ERROR_NOT_PERMITTED: operation not permitted; will retry with simpler handle types.
W0614 00:52:06.778377    4176 cuda_vmm_allocator.cc:80] [1] VMM cuMemCreate with FABRIC+POSIX_FD handle types failed: INTERNAL: CUDA error: : CUDA_ERROR_NOT_PERMITTED: operation not permitted; will retry with simpler handle types.
W0614 00:52:06.778523    4176 cuda_vmm_allocator.cc:80] [1] VMM cuMemCreate with FABRIC+POSIX_FD handle types failed: INTERNAL: CUDA error: : CUDA_ERROR_NOT_PERMITTED: operation not permitted; will retry with simpler handle types.
W0614 00:52:06.778694    4176 cuda_vmm_allocator.cc:80] [1] VMM cuMemCreate with FABRIC+POSIX_FD handle types failed: INTERNAL: CUDA error: : CUDA_ERROR_NOT_PERMITTED: operation not permitted; will retry with simpler handle types.
W0614 00:52:06.778843    4176 cuda_vmm_allocator.cc:80] [1] VMM cuMemCreate with FABRIC+POSIX_FD handle types failed: INTERNAL: CUDA error: : CUDA_ERROR_NOT_PERMITTED: operation not permitted; will retry with simpler handle types.
W0614 00:52:06.779009    4176 cuda_vmm_allocator.cc:80] [1] VMM cuMemCreate with FABRIC+POSIX_FD handle types failed: INTERNAL: CUDA error: : CUDA_ERROR_NOT_PERMITTED: operation not permitted; will retry with simpler handle types.
W0614 00:52:06.779152    4176 cuda_vmm_allocator.cc:80] [1] VMM cuMemCreate with FABRIC+POSIX_FD handle types failed: INTERNAL: CUDA error: : CUDA_ERROR_NOT_PERMITTED: operation not permitted; will retry with simpler handle types.
W0614 00:52:06.779318    4176 cuda_vmm_allocator.cc:80] [1] VMM cuMemCreate with FABRIC+POSIX_FD handle types failed: INTERNAL: CUDA error: : CUDA_ERROR_NOT_PERMITTED: operation not permitted; will retry with simpler handle types.
W0614 00:52:06.779463    4176 cuda_vmm_allocator.cc:80] [1] VMM cuMemCreate with FABRIC+POSIX_FD handle types failed: INTERNAL: CUDA error: : CUDA_ERROR_NOT_PERMITTED: operation not permitted; will retry with simpler handle types.
W0614 00:52:06.779631    4176 cuda_vmm_allocator.cc:80] [1] VMM cuMemCreate with FABRIC+POSIX_FD handle types failed: INTERNAL: CUDA error: : CUDA_ERROR_NOT_PERMITTED: operation not permitted; will retry with simpler handle types.
W0614 00:52:06.779785    4176 cuda_vmm_allocator.cc:80] [1] VMM cuMemCreate with FABRIC+POSIX_FD handle types failed: INTERNAL: CUDA error: : CUDA_ERROR_NOT_PERMITTED: operation not permitted; will retry with simpler handle types.
W0614 00:52:06.779946    4176 cuda_vmm_allocator.cc:80] [1] VMM cuMemCreate with FABRIC+POSIX_FD handle types failed: INTERNAL: CUDA error: : CUDA_ERROR_NOT_PERMITTED: operation not permitted; will retry with simpler handle types.
W0614 00:52:06.780091    4176 cuda_vmm_allocator.cc:80] [1] VMM cuMemCreate with FABRIC+POSIX_FD handle types failed: INTERNAL: CUDA error: : CUDA_ERROR_NOT_PERMITTED: operation not permitted; will retry with simpler handle types.
W0614 00:52:06.780261    4176 cuda_vmm_allocator.cc:80] [1] VMM cuMemCreate with FABRIC+POSIX_FD handle types failed: INTERNAL: CUDA error: : CUDA_ERROR_NOT_PERMITTED: operation not permitted; will retry with simpler handle types.
W0614 00:52:06.780408    4176 cuda_vmm_allocator.cc:80] [1] VMM cuMemCreate with FABRIC+POSIX_FD handle types failed: INTERNAL: CUDA error: : CUDA_ERROR_NOT_PERMITTED: operation not permitted; will retry with simpler handle types.
W0614 00:52:06.780586    4176 cuda_vmm_allocator.cc:80] [1] VMM cuMemCreate with FABRIC+POSIX_FD handle types failed: INTERNAL: CUDA error: : CUDA_ERROR_NOT_PERMITTED: operation not permitted; will retry with simpler handle types.
W0614 00:52:06.780770    4176 cuda_vmm_allocator.cc:80] [1] VMM cuMemCreate with FABRIC+POSIX_FD handle types failed: INTERNAL: CUDA error: : CUDA_ERROR_NOT_PERMITTED: operation not permitted; will retry with simpler handle types.
W0614 00:52:06.780932    4176 cuda_vmm_allocator.cc:80] [1] VMM cuMemCreate with FABRIC+POSIX_FD handle types failed: INTERNAL: CUDA error: : CUDA_ERROR_NOT_PERMITTED: operation not permitted; will retry with simpler handle types.
W0614 00:52:06.781080    4176 cuda_vmm_allocator.cc:80] [1] VMM cuMemCreate with FABRIC+POSIX_FD handle types failed: INTERNAL: CUDA error: : CUDA_ERROR_NOT_PERMITTED: operation not permitted; will retry with simpler handle types.
W0614 00:52:06.781248    4176 cuda_vmm_allocator.cc:80] [1] VMM cuMemCreate with FABRIC+POSIX_FD handle types failed: INTERNAL: CUDA error: : CUDA_ERROR_NOT_PERMITTED: operation not permitted; will retry with simpler handle types.
W0614 00:52:06.781392    4176 cuda_vmm_allocator.cc:80] [1] VMM cuMemCreate with FABRIC+POSIX_FD handle types failed: INTERNAL: CUDA error: : CUDA_ERROR_NOT_PERMITTED: operation not permitted; will retry with simpler handle types.
W0614 00:52:06.781563    4176 cuda_vmm_allocator.cc:80] [1] VMM cuMemCreate with FABRIC+POSIX_FD handle types failed: INTERNAL: CUDA error: : CUDA_ERROR_NOT_PERMITTED: operation not permitted; will retry with simpler handle types.
W0614 00:52:06.781711    4176 cuda_vmm_allocator.cc:80] [1] VMM cuMemCreate with FABRIC+POSIX_FD handle types failed: INTERNAL: CUDA error: : CUDA_ERROR_NOT_PERMITTED: operation not permitted; will retry with simpler handle types.
W0614 00:52:06.781871    4176 cuda_vmm_allocator.cc:80] [1] VMM cuMemCreate with FABRIC+POSIX_FD handle types failed: INTERNAL: CUDA error: : CUDA_ERROR_NOT_PERMITTED: operation not permitted; will retry with simpler handle types.
W0614 00:52:06.782017    4176 cuda_vmm_allocator.cc:80] [1] VMM cuMemCreate with FABRIC+POSIX_FD handle types failed: INTERNAL: CUDA error: : CUDA_ERROR_NOT_PERMITTED: operation not permitted; will retry with simpler handle types.
W0614 00:52:06.782185    4176 cuda_vmm_allocator.cc:80] [1] VMM cuMemCreate with FABRIC+POSIX_FD handle types failed: INTERNAL: CUDA error: : CUDA_ERROR_NOT_PERMITTED: operation not permitted; will retry with simpler handle types.
W0614 00:52:06.782337    4176 cuda_vmm_allocator.cc:80] [1] VMM cuMemCreate with FABRIC+POSIX_FD handle types failed: INTERNAL: CUDA error: : CUDA_ERROR_NOT_PERMITTED: operation not permitted; will retry with simpler handle types.
W0614 00:52:06.782500    4176 cuda_vmm_allocator.cc:80] [1] VMM cuMemCreate with FABRIC+POSIX_FD handle types failed: INTERNAL: CUDA error: : CUDA_ERROR_NOT_PERMITTED: operation not permitted; will retry with simpler handle types.
W0614 00:52:06.782653    4176 cuda_vmm_allocator.cc:80] [1] VMM cuMemCreate with FABRIC+POSIX_FD handle types failed: INTERNAL: CUDA error: : CUDA_ERROR_NOT_PERMITTED: operation not permitted; will retry with simpler handle types.
W0614 00:52:06.782817    4176 cuda_vmm_allocator.cc:80] [1] VMM cuMemCreate with FABRIC+POSIX_FD handle types failed: INTERNAL: CUDA error: : CUDA_ERROR_NOT_PERMITTED: operation not permitted; will retry with simpler handle types.
W0614 00:52:06.782966    4176 cuda_vmm_allocator.cc:80] [1] VMM cuMemCreate with FABRIC+POSIX_FD handle types failed: INTERNAL: CUDA error: : CUDA_ERROR_NOT_PERMITTED: operation not permitted; will retry with simpler handle types.
W0614 00:52:06.783145    4176 cuda_vmm_allocator.cc:80] [1] VMM cuMemCreate with FABRIC+POSIX_FD handle types failed: INTERNAL: CUDA error: : CUDA_ERROR_NOT_PERMITTED: operation not permitted; will retry with simpler handle types.
W0614 00:52:06.783325    4176 cuda_vmm_allocator.cc:80] [1] VMM cuMemCreate with FABRIC+POSIX_FD handle types failed: INTERNAL: CUDA error: : CUDA_ERROR_NOT_PERMITTED: operation not permitted; will retry with simpler handle types.
W0614 00:52:06.783485    4176 cuda_vmm_allocator.cc:80] [1] VMM cuMemCreate with FABRIC+POSIX_FD handle types failed: INTERNAL: CUDA error: : CUDA_ERROR_NOT_PERMITTED: operation not permitted; will retry with simpler handle types.
W0614 00:52:06.783643    4176 cuda_vmm_allocator.cc:80] [1] VMM cuMemCreate with FABRIC+POSIX_FD handle types failed: INTERNAL: CUDA error: : CUDA_ERROR_NOT_PERMITTED: operation not permitted; will retry with simpler handle types.
W0614 00:52:06.783816    4176 cuda_vmm_allocator.cc:80] [1] VMM cuMemCreate with FABRIC+POSIX_FD handle types failed: INTERNAL: CUDA error: : CUDA_ERROR_NOT_PERMITTED: operation not permitted; will retry with simpler handle types.
W0614 00:52:06.783971    4176 cuda_vmm_allocator.cc:80] [1] VMM cuMemCreate with FABRIC+POSIX_FD handle types failed: INTERNAL: CUDA error: : CUDA_ERROR_NOT_PERMITTED: operation not permitted; will retry with simpler handle types.
W0614 00:52:06.784147    4176 cuda_vmm_allocator.cc:80] [1] VMM cuMemCreate with FABRIC+POSIX_FD handle types failed: INTERNAL: CUDA error: : CUDA_ERROR_NOT_PERMITTED: operation not permitted; will retry with simpler handle types.
W0614 00:52:06.784297    4176 cuda_vmm_allocator.cc:80] [1] VMM cuMemCreate with FABRIC+POSIX_FD handle types failed: INTERNAL: CUDA error: : CUDA_ERROR_NOT_PERMITTED: operation not permitted; will retry with simpler handle types.
W0614 00:52:06.784457    4176 cuda_vmm_allocator.cc:80] [1] VMM cuMemCreate with FABRIC+POSIX_FD handle types failed: INTERNAL: CUDA error: : CUDA_ERROR_NOT_PERMITTED: operation not permitted; will retry with simpler handle types.
W0614 00:52:06.784619    4176 cuda_vmm_allocator.cc:80] [1] VMM cuMemCreate with FABRIC+POSIX_FD handle types failed: INTERNAL: CUDA error: : CUDA_ERROR_NOT_PERMITTED: operation not permitted; will retry with simpler handle types.
W0614 00:52:06.784791    4176 cuda_vmm_allocator.cc:80] [1] VMM cuMemCreate with FABRIC+POSIX_FD handle types failed: INTERNAL: CUDA error: : CUDA_ERROR_NOT_PERMITTED: operation not permitted; will retry with simpler handle types.
W0614 00:52:06.784946    4176 cuda_vmm_allocator.cc:80] [1] VMM cuMemCreate with FABRIC+POSIX_FD handle types failed: INTERNAL: CUDA error: : CUDA_ERROR_NOT_PERMITTED: operation not permitted; will retry with simpler handle types.
W0614 00:52:06.785116    4176 cuda_vmm_allocator.cc:80] [1] VMM cuMemCreate with FABRIC+POSIX_FD handle types failed: INTERNAL: CUDA error: : CUDA_ERROR_NOT_PERMITTED: operation not permitted; will retry with simpler handle types.
W0614 00:52:06.785264    4176 cuda_vmm_allocator.cc:80] [1] VMM cuMemCreate with FABRIC+POSIX_FD handle types failed: INTERNAL: CUDA error: : CUDA_ERROR_NOT_PERMITTED: operation not permitted; will retry with simpler handle types.
W0614 00:52:06.785426    4176 cuda_vmm_allocator.cc:80] [1] VMM cuMemCreate with FABRIC+POSIX_FD handle types failed: INTERNAL: CUDA error: : CUDA_ERROR_NOT_PERMITTED: operation not permitted; will retry with simpler handle types.
W0614 00:52:06.785583    4176 cuda_vmm_allocator.cc:80] [1] VMM cuMemCreate with FABRIC+POSIX_FD handle types failed: INTERNAL: CUDA error: : CUDA_ERROR_NOT_PERMITTED: operation not permitted; will retry with simpler handle types.
W0614 00:52:06.785751    4176 cuda_vmm_allocator.cc:80] [1] VMM cuMemCreate with FABRIC+POSIX_FD handle types failed: INTERNAL: CUDA error: : CUDA_ERROR_NOT_PERMITTED: operation not permitted; will retry with simpler handle types.
W0614 00:52:06.785935    4176 cuda_vmm_allocator.cc:80] [1] VMM cuMemCreate with FABRIC+POSIX_FD handle types failed: INTERNAL: CUDA error: : CUDA_ERROR_NOT_PERMITTED: operation not permitted; will retry with simpler handle types.
W0614 00:52:06.786108    4176 cuda_vmm_allocator.cc:80] [1] VMM cuMemCreate with FABRIC+POSIX_FD handle types failed: INTERNAL: CUDA error: : CUDA_ERROR_NOT_PERMITTED: operation not permitted; will retry with simpler handle types.
W0614 00:52:06.786257    4176 cuda_vmm_allocator.cc:80] [1] VMM cuMemCreate with FABRIC+POSIX_FD handle types failed: INTERNAL: CUDA error: : CUDA_ERROR_NOT_PERMITTED: operation not permitted; will retry with simpler handle types.
W0614 00:52:06.786418    4176 cuda_vmm_allocator.cc:80] [1] VMM cuMemCreate with FABRIC+POSIX_FD handle types failed: INTERNAL: CUDA error: : CUDA_ERROR_NOT_PERMITTED: operation not permitted; will retry with simpler handle types.
W0614 00:52:06.786573    4176 cuda_vmm_allocator.cc:80] [1] VMM cuMemCreate with FABRIC+POSIX_FD handle types failed: INTERNAL: CUDA error: : CUDA_ERROR_NOT_PERMITTED: operation not permitted; will retry with simpler handle types.
W0614 00:52:06.786746    4176 cuda_vmm_allocator.cc:80] [1] VMM cuMemCreate with FABRIC+POSIX_FD handle types failed: INTERNAL: CUDA error: : CUDA_ERROR_NOT_PERMITTED: operation not permitted; will retry with simpler handle types.
W0614 00:52:06.786897    4176 cuda_vmm_allocator.cc:80] [1] VMM cuMemCreate with FABRIC+POSIX_FD handle types failed: INTERNAL: CUDA error: : CUDA_ERROR_NOT_PERMITTED: operation not permitted; will retry with simpler handle types.
W0614 00:52:06.787071    4176 cuda_vmm_allocator.cc:80] [1] VMM cuMemCreate with FABRIC+POSIX_FD handle types failed: INTERNAL: CUDA error: : CUDA_ERROR_NOT_PERMITTED: operation not permitted; will retry with simpler handle types.
W0614 00:52:06.787219    4176 cuda_vmm_allocator.cc:80] [1] VMM cuMemCreate with FABRIC+POSIX_FD handle types failed: INTERNAL: CUDA error: : CUDA_ERROR_NOT_PERMITTED: operation not permitted; will retry with simpler handle types.
W0614 00:52:06.787381    4176 cuda_vmm_allocator.cc:80] [1] VMM cuMemCreate with FABRIC+POSIX_FD handle types failed: INTERNAL: CUDA error: : CUDA_ERROR_NOT_PERMITTED: operation not permitted; will retry with simpler handle types.
W0614 00:52:06.787538    4176 cuda_vmm_allocator.cc:80] [1] VMM cuMemCreate with FABRIC+POSIX_FD handle types failed: INTERNAL: CUDA error: : CUDA_ERROR_NOT_PERMITTED: operation not permitted; will retry with simpler handle types.
W0614 00:52:06.787714    4176 cuda_vmm_allocator.cc:80] [1] VMM cuMemCreate with FABRIC+POSIX_FD handle types failed: INTERNAL: CUDA error: : CUDA_ERROR_NOT_PERMITTED: operation not permitted; will retry with simpler handle types.
W0614 00:52:06.787863    4176 cuda_vmm_allocator.cc:80] [1] VMM cuMemCreate with FABRIC+POSIX_FD handle types failed: INTERNAL: CUDA error: : CUDA_ERROR_NOT_PERMITTED: operation not permitted; will retry with simpler handle types.
W0614 00:52:06.788033    4176 cuda_vmm_allocator.cc:80] [1] VMM cuMemCreate with FABRIC+POSIX_FD handle types failed: INTERNAL: CUDA error: : CUDA_ERROR_NOT_PERMITTED: operation not permitted; will retry with simpler handle types.
W0614 00:52:06.788184    4176 cuda_vmm_allocator.cc:80] [1] VMM cuMemCreate with FABRIC+POSIX_FD handle types failed: INTERNAL: CUDA error: : CUDA_ERROR_NOT_PERMITTED: operation not permitted; will retry with simpler handle types.
W0614 00:52:06.788348    4176 cuda_vmm_allocator.cc:80] [1] VMM cuMemCreate with FABRIC+POSIX_FD handle types failed: INTERNAL: CUDA error: : CUDA_ERROR_NOT_PERMITTED: operation not permitted; will retry with simpler handle types.
W0614 00:52:06.788534    4176 cuda_vmm_allocator.cc:80] [1] VMM cuMemCreate with FABRIC+POSIX_FD handle types failed: INTERNAL: CUDA error: : CUDA_ERROR_NOT_PERMITTED: operation not permitted; will retry with simpler handle types.
W0614 00:52:06.788717    4176 cuda_vmm_allocator.cc:80] [1] VMM cuMemCreate with FABRIC+POSIX_FD handle types failed: INTERNAL: CUDA error: : CUDA_ERROR_NOT_PERMITTED: operation not permitted; will retry with simpler handle types.
W0614 00:52:06.788865    4176 cuda_vmm_allocator.cc:80] [1] VMM cuMemCreate with FABRIC+POSIX_FD handle types failed: INTERNAL: CUDA error: : CUDA_ERROR_NOT_PERMITTED: operation not permitted; will retry with simpler handle types.
W0614 00:52:06.789034    4176 cuda_vmm_allocator.cc:80] [1] VMM cuMemCreate with FABRIC+POSIX_FD handle types failed: INTERNAL: CUDA error: : CUDA_ERROR_NOT_PERMITTED: operation not permitted; will retry with simpler handle types.
W0614 00:52:06.789180    4176 cuda_vmm_allocator.cc:80] [1] VMM cuMemCreate with FABRIC+POSIX_FD handle types failed: INTERNAL: CUDA error: : CUDA_ERROR_NOT_PERMITTED: operation not permitted; will retry with simpler handle types.
W0614 00:52:06.789349    4176 cuda_vmm_allocator.cc:80] [1] VMM cuMemCreate with FABRIC+POSIX_FD handle types failed: INTERNAL: CUDA error: : CUDA_ERROR_NOT_PERMITTED: operation not permitted; will retry with simpler handle types.
W0614 00:52:06.789497    4176 cuda_vmm_allocator.cc:80] [1] VMM cuMemCreate with FABRIC+POSIX_FD handle types failed: INTERNAL: CUDA error: : CUDA_ERROR_NOT_PERMITTED: operation not permitted; will retry with simpler handle types.
W0614 00:52:06.789666    4176 cuda_vmm_allocator.cc:80] [1] VMM cuMemCreate with FABRIC+POSIX_FD handle types failed: INTERNAL: CUDA error: : CUDA_ERROR_NOT_PERMITTED: operation not permitted; will retry with simpler handle types.
W0614 00:52:06.789814    4176 cuda_vmm_allocator.cc:80] [1] VMM cuMemCreate with FABRIC+POSIX_FD handle types failed: INTERNAL: CUDA error: : CUDA_ERROR_NOT_PERMITTED: operation not permitted; will retry with simpler handle types.
W0614 00:52:06.789966    4176 cuda_vmm_allocator.cc:80] [1] VMM cuMemCreate with FABRIC+POSIX_FD handle types failed: INTERNAL: CUDA error: : CUDA_ERROR_NOT_PERMITTED: operation not permitted; will retry with simpler handle types.
W0614 00:52:06.790121    4176 cuda_vmm_allocator.cc:80] [1] VMM cuMemCreate with FABRIC+POSIX_FD handle types failed: INTERNAL: CUDA error: : CUDA_ERROR_NOT_PERMITTED: operation not permitted; will retry with simpler handle types.
W0614 00:52:06.790275    4176 cuda_vmm_allocator.cc:80] [1] VMM cuMemCreate with FABRIC+POSIX_FD handle types failed: INTERNAL: CUDA error: : CUDA_ERROR_NOT_PERMITTED: operation not permitted; will retry with simpler handle types.
W0614 00:52:06.790422    4176 cuda_vmm_allocator.cc:80] [1] VMM cuMemCreate with FABRIC+POSIX_FD handle types failed: INTERNAL: CUDA error: : CUDA_ERROR_NOT_PERMITTED: operation not permitted; will retry with simpler handle types.
W0614 00:52:06.790597    4176 cuda_vmm_allocator.cc:80] [1] VMM cuMemCreate with FABRIC+POSIX_FD handle types failed: INTERNAL: CUDA error: : CUDA_ERROR_NOT_PERMITTED: operation not permitted; will retry with simpler handle types.
W0614 00:52:06.790750    4176 cuda_vmm_allocator.cc:80] [1] VMM cuMemCreate with FABRIC+POSIX_FD handle types failed: INTERNAL: CUDA error: : CUDA_ERROR_NOT_PERMITTED: operation not permitted; will retry with simpler handle types.
W0614 00:52:06.790917    4176 cuda_vmm_allocator.cc:80] [1] VMM cuMemCreate with FABRIC+POSIX_FD handle types failed: INTERNAL: CUDA error: : CUDA_ERROR_NOT_PERMITTED: operation not permitted; will retry with simpler handle types.
W0614 00:52:06.791101    4176 cuda_vmm_allocator.cc:80] [1] VMM cuMemCreate with FABRIC+POSIX_FD handle types failed: INTERNAL: CUDA error: : CUDA_ERROR_NOT_PERMITTED: operation not permitted; will retry with simpler handle types.
W0614 00:52:06.791270    4176 cuda_vmm_allocator.cc:80] [1] VMM cuMemCreate with FABRIC+POSIX_FD handle types failed: INTERNAL: CUDA error: : CUDA_ERROR_NOT_PERMITTED: operation not permitted; will retry with simpler handle types.
W0614 00:52:06.791417    4176 cuda_vmm_allocator.cc:80] [1] VMM cuMemCreate with FABRIC+POSIX_FD handle types failed: INTERNAL: CUDA error: : CUDA_ERROR_NOT_PERMITTED: operation not permitted; will retry with simpler handle types.
W0614 00:52:06.791586    4176 cuda_vmm_allocator.cc:80] [1] VMM cuMemCreate with FABRIC+POSIX_FD handle types failed: INTERNAL: CUDA error: : CUDA_ERROR_NOT_PERMITTED: operation not permitted; will retry with simpler handle types.
W0614 00:52:06.791738    4176 cuda_vmm_allocator.cc:80] [1] VMM cuMemCreate with FABRIC+POSIX_FD handle types failed: INTERNAL: CUDA error: : CUDA_ERROR_NOT_PERMITTED: operation not permitted; will retry with simpler handle types.
W0614 00:52:06.791908    4176 cuda_vmm_allocator.cc:80] [1] VMM cuMemCreate with FABRIC+POSIX_FD handle types failed: INTERNAL: CUDA error: : CUDA_ERROR_NOT_PERMITTED: operation not permitted; will retry with simpler handle types.
W0614 00:52:06.792059    4176 cuda_vmm_allocator.cc:80] [1] VMM cuMemCreate with FABRIC+POSIX_FD handle types failed: INTERNAL: CUDA error: : CUDA_ERROR_NOT_PERMITTED: operation not permitted; will retry with simpler handle types.
W0614 00:52:06.792222    4176 cuda_vmm_allocator.cc:80] [1] VMM cuMemCreate with FABRIC+POSIX_FD handle types failed: INTERNAL: CUDA error: : CUDA_ERROR_NOT_PERMITTED: operation not permitted; will retry with simpler handle types.
W0614 00:52:06.792374    4176 cuda_vmm_allocator.cc:80] [1] VMM cuMemCreate with FABRIC+POSIX_FD handle types failed: INTERNAL: CUDA error: : CUDA_ERROR_NOT_PERMITTED: operation not permitted; will retry with simpler handle types.
W0614 00:52:06.792539    4176 cuda_vmm_allocator.cc:80] [1] VMM cuMemCreate with FABRIC+POSIX_FD handle types failed: INTERNAL: CUDA error: : CUDA_ERROR_NOT_PERMITTED: operation not permitted; will retry with simpler handle types.
W0614 00:52:06.792712    4176 cuda_vmm_allocator.cc:80] [1] VMM cuMemCreate with FABRIC+POSIX_FD handle types failed: INTERNAL: CUDA error: : CUDA_ERROR_NOT_PERMITTED: operation not permitted; will retry with simpler handle types.
W0614 00:52:06.792878    4176 cuda_vmm_allocator.cc:80] [1] VMM cuMemCreate with FABRIC+POSIX_FD handle types failed: INTERNAL: CUDA error: : CUDA_ERROR_NOT_PERMITTED: operation not permitted; will retry with simpler handle types.
W0614 00:52:06.793024    4176 cuda_vmm_allocator.cc:80] [1] VMM cuMemCreate with FABRIC+POSIX_FD handle types failed: INTERNAL: CUDA error: : CUDA_ERROR_NOT_PERMITTED: operation not permitted; will retry with simpler handle types.
W0614 00:52:06.793193    4176 cuda_vmm_allocator.cc:80] [1] VMM cuMemCreate with FABRIC+POSIX_FD handle types failed: INTERNAL: CUDA error: : CUDA_ERROR_NOT_PERMITTED: operation not permitted; will retry with simpler handle types.
W0614 00:52:06.793343    4176 cuda_vmm_allocator.cc:80] [1] VMM cuMemCreate with FABRIC+POSIX_FD handle types failed: INTERNAL: CUDA error: : CUDA_ERROR_NOT_PERMITTED: operation not permitted; will retry with simpler handle types.
W0614 00:52:06.793507    4176 cuda_vmm_allocator.cc:80] [1] VMM cuMemCreate with FABRIC+POSIX_FD handle types failed: INTERNAL: CUDA error: : CUDA_ERROR_NOT_PERMITTED: operation not permitted; will retry with simpler handle types.
W0614 00:52:06.793705    4176 cuda_vmm_allocator.cc:80] [1] VMM cuMemCreate with FABRIC+POSIX_FD handle types failed: INTERNAL: CUDA error: : CUDA_ERROR_NOT_PERMITTED: operation not permitted; will retry with simpler handle types.
W0614 00:52:06.793873    4176 cuda_vmm_allocator.cc:80] [1] VMM cuMemCreate with FABRIC+POSIX_FD handle types failed: INTERNAL: CUDA error: : CUDA_ERROR_NOT_PERMITTED: operation not permitted; will retry with simpler handle types.
W0614 00:52:06.794022    4176 cuda_vmm_allocator.cc:80] [1] VMM cuMemCreate with FABRIC+POSIX_FD handle types failed: INTERNAL: CUDA error: : CUDA_ERROR_NOT_PERMITTED: operation not permitted; will retry with simpler handle types.
W0614 00:52:06.794185    4176 cuda_vmm_allocator.cc:80] [1] VMM cuMemCreate with FABRIC+POSIX_FD handle types failed: INTERNAL: CUDA error: : CUDA_ERROR_NOT_PERMITTED: operation not permitted; will retry with simpler handle types.
W0614 00:52:06.794334    4176 cuda_vmm_allocator.cc:80] [1] VMM cuMemCreate with FABRIC+POSIX_FD handle types failed: INTERNAL: CUDA error: : CUDA_ERROR_NOT_PERMITTED: operation not permitted; will retry with simpler handle types.
W0614 00:52:06.794504    4176 cuda_vmm_allocator.cc:80] [1] VMM cuMemCreate with FABRIC+POSIX_FD handle types failed: INTERNAL: CUDA error: : CUDA_ERROR_NOT_PERMITTED: operation not permitted; will retry with simpler handle types.
W0614 00:52:06.794663    4176 cuda_vmm_allocator.cc:80] [1] VMM cuMemCreate with FABRIC+POSIX_FD handle types failed: INTERNAL: CUDA error: : CUDA_ERROR_NOT_PERMITTED: operation not permitted; will retry with simpler handle types.
W0614 00:52:06.794829    4176 cuda_vmm_allocator.cc:80] [1] VMM cuMemCreate with FABRIC+POSIX_FD handle types failed: INTERNAL: CUDA error: : CUDA_ERROR_NOT_PERMITTED: operation not permitted; will retry with simpler handle types.
W0614 00:52:06.794976    4176 cuda_vmm_allocator.cc:80] [1] VMM cuMemCreate with FABRIC+POSIX_FD handle types failed: INTERNAL: CUDA error: : CUDA_ERROR_NOT_PERMITTED: operation not permitted; will retry with simpler handle types.
W0614 00:52:06.795140    4176 cuda_vmm_allocator.cc:80] [1] VMM cuMemCreate with FABRIC+POSIX_FD handle types failed: INTERNAL: CUDA error: : CUDA_ERROR_NOT_PERMITTED: operation not permitted; will retry with simpler handle types.
W0614 00:52:06.795291    4176 cuda_vmm_allocator.cc:80] [1] VMM cuMemCreate with FABRIC+POSIX_FD handle types failed: INTERNAL: CUDA error: : CUDA_ERROR_NOT_PERMITTED: operation not permitted; will retry with simpler handle types.
W0614 00:52:06.795449    4176 cuda_vmm_allocator.cc:80] [1] VMM cuMemCreate with FABRIC+POSIX_FD handle types failed: INTERNAL: CUDA error: : CUDA_ERROR_NOT_PERMITTED: operation not permitted; will retry with simpler handle types.
W0614 00:52:06.795602    4176 cuda_vmm_allocator.cc:80] [1] VMM cuMemCreate with FABRIC+POSIX_FD handle types failed: INTERNAL: CUDA error: : CUDA_ERROR_NOT_PERMITTED: operation not permitted; will retry with simpler handle types.
W0614 00:52:06.795772    4176 cuda_vmm_allocator.cc:80] [1] VMM cuMemCreate with FABRIC+POSIX_FD handle types failed: INTERNAL: CUDA error: : CUDA_ERROR_NOT_PERMITTED: operation not permitted; will retry with simpler handle types.
W0614 00:52:06.795921    4176 cuda_vmm_allocator.cc:80] [1] VMM cuMemCreate with FABRIC+POSIX_FD handle types failed: INTERNAL: CUDA error: : CUDA_ERROR_NOT_PERMITTED: operation not permitted; will retry with simpler handle types.
W0614 00:52:06.796081    4176 cuda_vmm_allocator.cc:80] [1] VMM cuMemCreate with FABRIC+POSIX_FD handle types failed: INTERNAL: CUDA error: : CUDA_ERROR_NOT_PERMITTED: operation not permitted; will retry with simpler handle types.
W0614 00:52:06.796316    4176 cuda_vmm_allocator.cc:80] [1] VMM cuMemCreate with FABRIC+POSIX_FD handle types failed: INTERNAL: CUDA error: : CUDA_ERROR_NOT_PERMITTED: operation not permitted; will retry with simpler handle types.
W0614 00:52:06.796483    4176 cuda_vmm_allocator.cc:80] [1] VMM cuMemCreate with FABRIC+POSIX_FD handle types failed: INTERNAL: CUDA error: : CUDA_ERROR_NOT_PERMITTED: operation not permitted; will retry with simpler handle types.
W0614 00:52:06.796649    4176 cuda_vmm_allocator.cc:80] [1] VMM cuMemCreate with FABRIC+POSIX_FD handle types failed: INTERNAL: CUDA error: : CUDA_ERROR_NOT_PERMITTED: operation not permitted; will retry with simpler handle types.
W0614 00:52:06.796815    4176 cuda_vmm_allocator.cc:80] [1] VMM cuMemCreate with FABRIC+POSIX_FD handle types failed: INTERNAL: CUDA error: : CUDA_ERROR_NOT_PERMITTED: operation not permitted; will retry with simpler handle types.
W0614 00:52:06.796965    4176 cuda_vmm_allocator.cc:80] [1] VMM cuMemCreate with FABRIC+POSIX_FD handle types failed: INTERNAL: CUDA error: : CUDA_ERROR_NOT_PERMITTED: operation not permitted; will retry with simpler handle types.
W0614 00:52:06.797138    4176 cuda_vmm_allocator.cc:80] [1] VMM cuMemCreate with FABRIC+POSIX_FD handle types failed: INTERNAL: CUDA error: : CUDA_ERROR_NOT_PERMITTED: operation not permitted; will retry with simpler handle types.
W0614 00:52:06.797286    4176 cuda_vmm_allocator.cc:80] [1] VMM cuMemCreate with FABRIC+POSIX_FD handle types failed: INTERNAL: CUDA error: : CUDA_ERROR_NOT_PERMITTED: operation not permitted; will retry with simpler handle types.
W0614 00:52:06.797448    4176 cuda_vmm_allocator.cc:80] [1] VMM cuMemCreate with FABRIC+POSIX_FD handle types failed: INTERNAL: CUDA error: : CUDA_ERROR_NOT_PERMITTED: operation not permitted; will retry with simpler handle types.
W0614 00:52:06.797602    4176 cuda_vmm_allocator.cc:80] [1] VMM cuMemCreate with FABRIC+POSIX_FD handle types failed: INTERNAL: CUDA error: : CUDA_ERROR_NOT_PERMITTED: operation not permitted; will retry with simpler handle types.
W0614 00:52:06.797773    4176 cuda_vmm_allocator.cc:80] [1] VMM cuMemCreate with FABRIC+POSIX_FD handle types failed: INTERNAL: CUDA error: : CUDA_ERROR_NOT_PERMITTED: operation not permitted; will retry with simpler handle types.
W0614 00:52:06.797926    4176 cuda_vmm_allocator.cc:80] [1] VMM cuMemCreate with FABRIC+POSIX_FD handle types failed: INTERNAL: CUDA error: : CUDA_ERROR_NOT_PERMITTED: operation not permitted; will retry with simpler handle types.
W0614 00:52:06.798085    4176 cuda_vmm_allocator.cc:80] [1] VMM cuMemCreate with FABRIC+POSIX_FD handle types failed: INTERNAL: CUDA error: : CUDA_ERROR_NOT_PERMITTED: operation not permitted; will retry with simpler handle types.
W0614 00:52:06.798228    4176 cuda_vmm_allocator.cc:80] [1] VMM cuMemCreate with FABRIC+POSIX_FD handle types failed: INTERNAL: CUDA error: : CUDA_ERROR_NOT_PERMITTED: operation not permitted; will retry with simpler handle types.
W0614 00:52:06.798389    4176 cuda_vmm_allocator.cc:80] [1] VMM cuMemCreate with FABRIC+POSIX_FD handle types failed: INTERNAL: CUDA error: : CUDA_ERROR_NOT_PERMITTED: operation not permitted; will retry with simpler handle types.
W0614 00:52:06.798534    4176 cuda_vmm_allocator.cc:80] [1] VMM cuMemCreate with FABRIC+POSIX_FD handle types failed: INTERNAL: CUDA error: : CUDA_ERROR_NOT_PERMITTED: operation not permitted; will retry with simpler handle types.
W0614 00:52:06.798706    4176 cuda_vmm_allocator.cc:80] [1] VMM cuMemCreate with FABRIC+POSIX_FD handle types failed: INTERNAL: CUDA error: : CUDA_ERROR_NOT_PERMITTED: operation not permitted; will retry with simpler handle types.
W0614 00:52:06.798889    4176 cuda_vmm_allocator.cc:80] [1] VMM cuMemCreate with FABRIC+POSIX_FD handle types failed: INTERNAL: CUDA error: : CUDA_ERROR_NOT_PERMITTED: operation not permitted; will retry with simpler handle types.
W0614 00:52:06.799054    4176 cuda_vmm_allocator.cc:80] [1] VMM cuMemCreate with FABRIC+POSIX_FD handle types failed: INTERNAL: CUDA error: : CUDA_ERROR_NOT_PERMITTED: operation not permitted; will retry with simpler handle types.
W0614 00:52:06.799200    4176 cuda_vmm_allocator.cc:80] [1] VMM cuMemCreate with FABRIC+POSIX_FD handle types failed: INTERNAL: CUDA error: : CUDA_ERROR_NOT_PERMITTED: operation not permitted; will retry with simpler handle types.
W0614 00:52:06.799358    4176 cuda_vmm_allocator.cc:80] [1] VMM cuMemCreate with FABRIC+POSIX_FD handle types failed: INTERNAL: CUDA error: : CUDA_ERROR_NOT_PERMITTED: operation not permitted; will retry with simpler handle types.
W0614 00:52:06.799504    4176 cuda_vmm_allocator.cc:80] [1] VMM cuMemCreate with FABRIC+POSIX_FD handle types failed: INTERNAL: CUDA error: : CUDA_ERROR_NOT_PERMITTED: operation not permitted; will retry with simpler handle types.
W0614 00:52:06.799681    4176 cuda_vmm_allocator.cc:80] [1] VMM cuMemCreate with FABRIC+POSIX_FD handle types failed: INTERNAL: CUDA error: : CUDA_ERROR_NOT_PERMITTED: operation not permitted; will retry with simpler handle types.
W0614 00:52:06.799828    4176 cuda_vmm_allocator.cc:80] [1] VMM cuMemCreate with FABRIC+POSIX_FD handle types failed: INTERNAL: CUDA error: : CUDA_ERROR_NOT_PERMITTED: operation not permitted; will retry with simpler handle types.
W0614 00:52:06.799989    4176 cuda_vmm_allocator.cc:80] [1] VMM cuMemCreate with FABRIC+POSIX_FD handle types failed: INTERNAL: CUDA error: : CUDA_ERROR_NOT_PERMITTED: operation not permitted; will retry with simpler handle types.
W0614 00:52:06.800131    4176 cuda_vmm_allocator.cc:80] [1] VMM cuMemCreate with FABRIC+POSIX_FD handle types failed: INTERNAL: CUDA error: : CUDA_ERROR_NOT_PERMITTED: operation not permitted; will retry with simpler handle types.
W0614 00:52:06.800291    4176 cuda_vmm_allocator.cc:80] [1] VMM cuMemCreate with FABRIC+POSIX_FD handle types failed: INTERNAL: CUDA error: : CUDA_ERROR_NOT_PERMITTED: operation not permitted; will retry with simpler handle types.
W0614 00:52:06.800444    4176 cuda_vmm_allocator.cc:80] [1] VMM cuMemCreate with FABRIC+POSIX_FD handle types failed: INTERNAL: CUDA error: : CUDA_ERROR_NOT_PERMITTED: operation not permitted; will retry with simpler handle types.
W0614 00:52:06.800619    4176 cuda_vmm_allocator.cc:80] [1] VMM cuMemCreate with FABRIC+POSIX_FD handle types failed: INTERNAL: CUDA error: : CUDA_ERROR_NOT_PERMITTED: operation not permitted; will retry with simpler handle types.
W0614 00:52:06.800770    4176 cuda_vmm_allocator.cc:80] [1] VMM cuMemCreate with FABRIC+POSIX_FD handle types failed: INTERNAL: CUDA error: : CUDA_ERROR_NOT_PERMITTED: operation not permitted; will retry with simpler handle types.
W0614 00:52:06.800933    4176 cuda_vmm_allocator.cc:80] [1] VMM cuMemCreate with FABRIC+POSIX_FD handle types failed: INTERNAL: CUDA error: : CUDA_ERROR_NOT_PERMITTED: operation not permitted; will retry with simpler handle types.
W0614 00:52:06.801078    4176 cuda_vmm_allocator.cc:80] [1] VMM cuMemCreate with FABRIC+POSIX_FD handle types failed: INTERNAL: CUDA error: : CUDA_ERROR_NOT_PERMITTED: operation not permitted; will retry with simpler handle types.
W0614 00:52:06.801247    4176 cuda_vmm_allocator.cc:80] [1] VMM cuMemCreate with FABRIC+POSIX_FD handle types failed: INTERNAL: CUDA error: : CUDA_ERROR_NOT_PERMITTED: operation not permitted; will retry with simpler handle types.
W0614 00:52:06.801430    4176 cuda_vmm_allocator.cc:80] [1] VMM cuMemCreate with FABRIC+POSIX_FD handle types failed: INTERNAL: CUDA error: : CUDA_ERROR_NOT_PERMITTED: operation not permitted; will retry with simpler handle types.
W0614 00:52:06.801600    4176 cuda_vmm_allocator.cc:80] [1] VMM cuMemCreate with FABRIC+POSIX_FD handle types failed: INTERNAL: CUDA error: : CUDA_ERROR_NOT_PERMITTED: operation not permitted; will retry with simpler handle types.
W0614 00:52:06.801750    4176 cuda_vmm_allocator.cc:80] [1] VMM cuMemCreate with FABRIC+POSIX_FD handle types failed: INTERNAL: CUDA error: : CUDA_ERROR_NOT_PERMITTED: operation not permitted; will retry with simpler handle types.
W0614 00:52:06.801912    4176 cuda_vmm_allocator.cc:80] [1] VMM cuMemCreate with FABRIC+POSIX_FD handle types failed: INTERNAL: CUDA error: : CUDA_ERROR_NOT_PERMITTED: operation not permitted; will retry with simpler handle types.
W0614 00:52:06.802060    4176 cuda_vmm_allocator.cc:80] [1] VMM cuMemCreate with FABRIC+POSIX_FD handle types failed: INTERNAL: CUDA error: : CUDA_ERROR_NOT_PERMITTED: operation not permitted; will retry with simpler handle types.
W0614 00:52:06.802228    4176 cuda_vmm_allocator.cc:80] [1] VMM cuMemCreate with FABRIC+POSIX_FD handle types failed: INTERNAL: CUDA error: : CUDA_ERROR_NOT_PERMITTED: operation not permitted; will retry with simpler handle types.
W0614 00:52:06.802375    4176 cuda_vmm_allocator.cc:80] [1] VMM cuMemCreate with FABRIC+POSIX_FD handle types failed: INTERNAL: CUDA error: : CUDA_ERROR_NOT_PERMITTED: operation not permitted; will retry with simpler handle types.
W0614 00:52:06.802534    4176 cuda_vmm_allocator.cc:80] [1] VMM cuMemCreate with FABRIC+POSIX_FD handle types failed: INTERNAL: CUDA error: : CUDA_ERROR_NOT_PERMITTED: operation not permitted; will retry with simpler handle types.
W0614 00:52:06.802690    4176 cuda_vmm_allocator.cc:80] [1] VMM cuMemCreate with FABRIC+POSIX_FD handle types failed: INTERNAL: CUDA error: : CUDA_ERROR_NOT_PERMITTED: operation not permitted; will retry with simpler handle types.
W0614 00:52:06.802855    4176 cuda_vmm_allocator.cc:80] [1] VMM cuMemCreate with FABRIC+POSIX_FD handle types failed: INTERNAL: CUDA error: : CUDA_ERROR_NOT_PERMITTED: operation not permitted; will retry with simpler handle types.
W0614 00:52:06.803005    4176 cuda_vmm_allocator.cc:80] [1] VMM cuMemCreate with FABRIC+POSIX_FD handle types failed: INTERNAL: CUDA error: : CUDA_ERROR_NOT_PERMITTED: operation not permitted; will retry with simpler handle types.
W0614 00:52:06.803165    4176 cuda_vmm_allocator.cc:80] [1] VMM cuMemCreate with FABRIC+POSIX_FD handle types failed: INTERNAL: CUDA error: : CUDA_ERROR_NOT_PERMITTED: operation not permitted; will retry with simpler handle types.
W0614 00:52:06.803308    4176 cuda_vmm_allocator.cc:80] [1] VMM cuMemCreate with FABRIC+POSIX_FD handle types failed: INTERNAL: CUDA error: : CUDA_ERROR_NOT_PERMITTED: operation not permitted; will retry with simpler handle types.
W0614 00:52:06.803470    4176 cuda_vmm_allocator.cc:80] [1] VMM cuMemCreate with FABRIC+POSIX_FD handle types failed: INTERNAL: CUDA error: : CUDA_ERROR_NOT_PERMITTED: operation not permitted; will retry with simpler handle types.
W0614 00:52:06.803622    4176 cuda_vmm_allocator.cc:80] [1] VMM cuMemCreate with FABRIC+POSIX_FD handle types failed: INTERNAL: CUDA error: : CUDA_ERROR_NOT_PERMITTED: operation not permitted; will retry with simpler handle types.
W0614 00:52:06.803789    4176 cuda_vmm_allocator.cc:80] [1] VMM cuMemCreate with FABRIC+POSIX_FD handle types failed: INTERNAL: CUDA error: : CUDA_ERROR_NOT_PERMITTED: operation not permitted; will retry with simpler handle types.
W0614 00:52:06.803971    4176 cuda_vmm_allocator.cc:80] [1] VMM cuMemCreate with FABRIC+POSIX_FD handle types failed: INTERNAL: CUDA error: : CUDA_ERROR_NOT_PERMITTED: operation not permitted; will retry with simpler handle types.
W0614 00:52:06.804135    4176 cuda_vmm_allocator.cc:80] [1] VMM cuMemCreate with FABRIC+POSIX_FD handle types failed: INTERNAL: CUDA error: : CUDA_ERROR_NOT_PERMITTED: operation not permitted; will retry with simpler handle types.
W0614 00:52:06.804284    4176 cuda_vmm_allocator.cc:80] [1] VMM cuMemCreate with FABRIC+POSIX_FD handle types failed: INTERNAL: CUDA error: : CUDA_ERROR_NOT_PERMITTED: operation not permitted; will retry with simpler handle types.
W0614 00:52:06.804442    4176 cuda_vmm_allocator.cc:80] [1] VMM cuMemCreate with FABRIC+POSIX_FD handle types failed: INTERNAL: CUDA error: : CUDA_ERROR_NOT_PERMITTED: operation not permitted; will retry with simpler handle types.
W0614 00:52:06.804606    4176 cuda_vmm_allocator.cc:80] [1] VMM cuMemCreate with FABRIC+POSIX_FD handle types failed: INTERNAL: CUDA error: : CUDA_ERROR_NOT_PERMITTED: operation not permitted; will retry with simpler handle types.
W0614 00:52:06.804778    4176 cuda_vmm_allocator.cc:80] [1] VMM cuMemCreate with FABRIC+POSIX_FD handle types failed: INTERNAL: CUDA error: : CUDA_ERROR_NOT_PERMITTED: operation not permitted; will retry with simpler handle types.
W0614 00:52:06.804924    4176 cuda_vmm_allocator.cc:80] [1] VMM cuMemCreate with FABRIC+POSIX_FD handle types failed: INTERNAL: CUDA error: : CUDA_ERROR_NOT_PERMITTED: operation not permitted; will retry with simpler handle types.
W0614 00:52:06.805083    4176 cuda_vmm_allocator.cc:80] [1] VMM cuMemCreate with FABRIC+POSIX_FD handle types failed: INTERNAL: CUDA error: : CUDA_ERROR_NOT_PERMITTED: operation not permitted; will retry with simpler handle types.
W0614 00:52:06.805227    4176 cuda_vmm_allocator.cc:80] [1] VMM cuMemCreate with FABRIC+POSIX_FD handle types failed: INTERNAL: CUDA error: : CUDA_ERROR_NOT_PERMITTED: operation not permitted; will retry with simpler handle types.
W0614 00:52:06.805388    4176 cuda_vmm_allocator.cc:80] [1] VMM cuMemCreate with FABRIC+POSIX_FD handle types failed: INTERNAL: CUDA error: : CUDA_ERROR_NOT_PERMITTED: operation not permitted; will retry with simpler handle types.
W0614 00:52:06.805538    4176 cuda_vmm_allocator.cc:80] [1] VMM cuMemCreate with FABRIC+POSIX_FD handle types failed: INTERNAL: CUDA error: : CUDA_ERROR_NOT_PERMITTED: operation not permitted; will retry with simpler handle types.
W0614 00:52:06.805709    4176 cuda_vmm_allocator.cc:80] [1] VMM cuMemCreate with FABRIC+POSIX_FD handle types failed: INTERNAL: CUDA error: : CUDA_ERROR_NOT_PERMITTED: operation not permitted; will retry with simpler handle types.
W0614 00:52:06.805859    4176 cuda_vmm_allocator.cc:80] [1] VMM cuMemCreate with FABRIC+POSIX_FD handle types failed: INTERNAL: CUDA error: : CUDA_ERROR_NOT_PERMITTED: operation not permitted; will retry with simpler handle types.
W0614 00:52:06.806024    4176 cuda_vmm_allocator.cc:80] [1] VMM cuMemCreate with FABRIC+POSIX_FD handle types failed: INTERNAL: CUDA error: : CUDA_ERROR_NOT_PERMITTED: operation not permitted; will retry with simpler handle types.
W0614 00:52:06.806171    4176 cuda_vmm_allocator.cc:80] [1] VMM cuMemCreate with FABRIC+POSIX_FD handle types failed: INTERNAL: CUDA error: : CUDA_ERROR_NOT_PERMITTED: operation not permitted; will retry with simpler handle types.
W0614 00:52:06.806334    4176 cuda_vmm_allocator.cc:80] [1] VMM cuMemCreate with FABRIC+POSIX_FD handle types failed: INTERNAL: CUDA error: : CUDA_ERROR_NOT_PERMITTED: operation not permitted; will retry with simpler handle types.
W0614 00:52:06.806514    4176 cuda_vmm_allocator.cc:80] [1] VMM cuMemCreate with FABRIC+POSIX_FD handle types failed: INTERNAL: CUDA error: : CUDA_ERROR_NOT_PERMITTED: operation not permitted; will retry with simpler handle types.
W0614 00:52:06.806688    4176 cuda_vmm_allocator.cc:80] [1] VMM cuMemCreate with FABRIC+POSIX_FD handle types failed: INTERNAL: CUDA error: : CUDA_ERROR_NOT_PERMITTED: operation not permitted; will retry with simpler handle types.
W0614 00:52:06.806833    4176 cuda_vmm_allocator.cc:80] [1] VMM cuMemCreate with FABRIC+POSIX_FD handle types failed: INTERNAL: CUDA error: : CUDA_ERROR_NOT_PERMITTED: operation not permitted; will retry with simpler handle types.
W0614 00:52:06.806993    4176 cuda_vmm_allocator.cc:80] [1] VMM cuMemCreate with FABRIC+POSIX_FD handle types failed: INTERNAL: CUDA error: : CUDA_ERROR_NOT_PERMITTED: operation not permitted; will retry with simpler handle types.
W0614 00:52:06.807139    4176 cuda_vmm_allocator.cc:80] [1] VMM cuMemCreate with FABRIC+POSIX_FD handle types failed: INTERNAL: CUDA error: : CUDA_ERROR_NOT_PERMITTED: operation not permitted; will retry with simpler handle types.
W0614 00:52:06.807308    4176 cuda_vmm_allocator.cc:80] [1] VMM cuMemCreate with FABRIC+POSIX_FD handle types failed: INTERNAL: CUDA error: : CUDA_ERROR_NOT_PERMITTED: operation not permitted; will retry with simpler handle types.
W0614 00:52:06.807456    4176 cuda_vmm_allocator.cc:80] [1] VMM cuMemCreate with FABRIC+POSIX_FD handle types failed: INTERNAL: CUDA error: : CUDA_ERROR_NOT_PERMITTED: operation not permitted; will retry with simpler handle types.
W0614 00:52:06.807622    4176 cuda_vmm_allocator.cc:80] [1] VMM cuMemCreate with FABRIC+POSIX_FD handle types failed: INTERNAL: CUDA error: : CUDA_ERROR_NOT_PERMITTED: operation not permitted; will retry with simpler handle types.
W0614 00:52:06.807768    4176 cuda_vmm_allocator.cc:80] [1] VMM cuMemCreate with FABRIC+POSIX_FD handle types failed: INTERNAL: CUDA error: : CUDA_ERROR_NOT_PERMITTED: operation not permitted; will retry with simpler handle types.
W0614 00:52:06.807931    4176 cuda_vmm_allocator.cc:80] [1] VMM cuMemCreate with FABRIC+POSIX_FD handle types failed: INTERNAL: CUDA error: : CUDA_ERROR_NOT_PERMITTED: operation not permitted; will retry with simpler handle types.
W0614 00:52:06.808083    4176 cuda_vmm_allocator.cc:80] [1] VMM cuMemCreate with FABRIC+POSIX_FD handle types failed: INTERNAL: CUDA error: : CUDA_ERROR_NOT_PERMITTED: operation not permitted; will retry with simpler handle types.
W0614 00:52:06.808237    4176 cuda_vmm_allocator.cc:80] [1] VMM cuMemCreate with FABRIC+POSIX_FD handle types failed: INTERNAL: CUDA error: : CUDA_ERROR_NOT_PERMITTED: operation not permitted; will retry with simpler handle types.
W0614 00:52:06.808378    4176 cuda_vmm_allocator.cc:80] [1] VMM cuMemCreate with FABRIC+POSIX_FD handle types failed: INTERNAL: CUDA error: : CUDA_ERROR_NOT_PERMITTED: operation not permitted; will retry with simpler handle types.
W0614 00:52:06.808542    4176 cuda_vmm_allocator.cc:80] [1] VMM cuMemCreate with FABRIC+POSIX_FD handle types failed: INTERNAL: CUDA error: : CUDA_ERROR_NOT_PERMITTED: operation not permitted; will retry with simpler handle types.
W0614 00:52:06.808707    4176 cuda_vmm_allocator.cc:80] [1] VMM cuMemCreate with FABRIC+POSIX_FD handle types failed: INTERNAL: CUDA error: : CUDA_ERROR_NOT_PERMITTED: operation not permitted; will retry with simpler handle types.
W0614 00:52:06.808866    4176 cuda_vmm_allocator.cc:80] [1] VMM cuMemCreate with FABRIC+POSIX_FD handle types failed: INTERNAL: CUDA error: : CUDA_ERROR_NOT_PERMITTED: operation not permitted; will retry with simpler handle types.
W0614 00:52:06.809048    4176 cuda_vmm_allocator.cc:80] [1] VMM cuMemCreate with FABRIC+POSIX_FD handle types failed: INTERNAL: CUDA error: : CUDA_ERROR_NOT_PERMITTED: operation not permitted; will retry with simpler handle types.
W0614 00:52:06.809211    4176 cuda_vmm_allocator.cc:80] [1] VMM cuMemCreate with FABRIC+POSIX_FD handle types failed: INTERNAL: CUDA error: : CUDA_ERROR_NOT_PERMITTED: operation not permitted; will retry with simpler handle types.
W0614 00:52:06.809354    4176 cuda_vmm_allocator.cc:80] [1] VMM cuMemCreate with FABRIC+POSIX_FD handle types failed: INTERNAL: CUDA error: : CUDA_ERROR_NOT_PERMITTED: operation not permitted; will retry with simpler handle types.
W0614 00:52:06.809511    4176 cuda_vmm_allocator.cc:80] [1] VMM cuMemCreate with FABRIC+POSIX_FD handle types failed: INTERNAL: CUDA error: : CUDA_ERROR_NOT_PERMITTED: operation not permitted; will retry with simpler handle types.
W0614 00:52:06.809661    4176 cuda_vmm_allocator.cc:80] [1] VMM cuMemCreate with FABRIC+POSIX_FD handle types failed: INTERNAL: CUDA error: : CUDA_ERROR_NOT_PERMITTED: operation not permitted; will retry with simpler handle types.
W0614 00:52:06.809826    4176 cuda_vmm_allocator.cc:80] [1] VMM cuMemCreate with FABRIC+POSIX_FD handle types failed: INTERNAL: CUDA error: : CUDA_ERROR_NOT_PERMITTED: operation not permitted; will retry with simpler handle types.
W0614 00:52:06.809971    4176 cuda_vmm_allocator.cc:80] [1] VMM cuMemCreate with FABRIC+POSIX_FD handle types failed: INTERNAL: CUDA error: : CUDA_ERROR_NOT_PERMITTED: operation not permitted; will retry with simpler handle types.
W0614 00:52:06.810131    4176 cuda_vmm_allocator.cc:80] [1] VMM cuMemCreate with FABRIC+POSIX_FD handle types failed: INTERNAL: CUDA error: : CUDA_ERROR_NOT_PERMITTED: operation not permitted; will retry with simpler handle types.
W0614 00:52:06.810272    4176 cuda_vmm_allocator.cc:80] [1] VMM cuMemCreate with FABRIC+POSIX_FD handle types failed: INTERNAL: CUDA error: : CUDA_ERROR_NOT_PERMITTED: operation not permitted; will retry with simpler handle types.
W0614 00:52:06.810431    4176 cuda_vmm_allocator.cc:80] [1] VMM cuMemCreate with FABRIC+POSIX_FD handle types failed: INTERNAL: CUDA error: : CUDA_ERROR_NOT_PERMITTED: operation not permitted; will retry with simpler handle types.
W0614 00:52:06.810587    4176 cuda_vmm_allocator.cc:80] [1] VMM cuMemCreate with FABRIC+POSIX_FD handle types failed: INTERNAL: CUDA error: : CUDA_ERROR_NOT_PERMITTED: operation not permitted; will retry with simpler handle types.
W0614 00:52:06.810775    4176 cuda_vmm_allocator.cc:80] [1] VMM cuMemCreate with FABRIC+POSIX_FD handle types failed: INTERNAL: CUDA error: : CUDA_ERROR_NOT_PERMITTED: operation not permitted; will retry with simpler handle types.
W0614 00:52:06.810918    4176 cuda_vmm_allocator.cc:80] [1] VMM cuMemCreate with FABRIC+POSIX_FD handle types failed: INTERNAL: CUDA error: : CUDA_ERROR_NOT_PERMITTED: operation not permitted; will retry with simpler handle types.
W0614 00:52:06.811075    4176 cuda_vmm_allocator.cc:80] [1] VMM cuMemCreate with FABRIC+POSIX_FD handle types failed: INTERNAL: CUDA error: : CUDA_ERROR_NOT_PERMITTED: operation not permitted; will retry with simpler handle types.
W0614 00:52:06.811220    4176 cuda_vmm_allocator.cc:80] [1] VMM cuMemCreate with FABRIC+POSIX_FD handle types failed: INTERNAL: CUDA error: : CUDA_ERROR_NOT_PERMITTED: operation not permitted; will retry with simpler handle types.
W0614 00:52:06.811403    4176 cuda_vmm_allocator.cc:80] [1] VMM cuMemCreate with FABRIC+POSIX_FD handle types failed: INTERNAL: CUDA error: : CUDA_ERROR_NOT_PERMITTED: operation not permitted; will retry with simpler handle types.
W0614 00:52:06.811592    4176 cuda_vmm_allocator.cc:80] [1] VMM cuMemCreate with FABRIC+POSIX_FD handle types failed: INTERNAL: CUDA error: : CUDA_ERROR_NOT_PERMITTED: operation not permitted; will retry with simpler handle types.
W0614 00:52:06.811758    4176 cuda_vmm_allocator.cc:80] [1] VMM cuMemCreate with FABRIC+POSIX_FD handle types failed: INTERNAL: CUDA error: : CUDA_ERROR_NOT_PERMITTED: operation not permitted; will retry with simpler handle types.
W0614 00:52:06.811902    4176 cuda_vmm_allocator.cc:80] [1] VMM cuMemCreate with FABRIC+POSIX_FD handle types failed: INTERNAL: CUDA error: : CUDA_ERROR_NOT_PERMITTED: operation not permitted; will retry with simpler handle types.
W0614 00:52:06.812081    4176 cuda_vmm_allocator.cc:80] [1] VMM cuMemCreate with FABRIC+POSIX_FD handle types failed: INTERNAL: CUDA error: : CUDA_ERROR_NOT_PERMITTED: operation not permitted; will retry with simpler handle types.
W0614 00:52:06.812222    4176 cuda_vmm_allocator.cc:80] [1] VMM cuMemCreate with FABRIC+POSIX_FD handle types failed: INTERNAL: CUDA error: : CUDA_ERROR_NOT_PERMITTED: operation not permitted; will retry with simpler handle types.
W0614 00:52:06.812391    4176 cuda_vmm_allocator.cc:80] [1] VMM cuMemCreate with FABRIC+POSIX_FD handle types failed: INTERNAL: CUDA error: : CUDA_ERROR_NOT_PERMITTED: operation not permitted; will retry with simpler handle types.
W0614 00:52:06.812539    4176 cuda_vmm_allocator.cc:80] [1] VMM cuMemCreate with FABRIC+POSIX_FD handle types failed: INTERNAL: CUDA error: : CUDA_ERROR_NOT_PERMITTED: operation not permitted; will retry with simpler handle types.
W0614 00:52:06.812740    4176 cuda_vmm_allocator.cc:80] [1] VMM cuMemCreate with FABRIC+POSIX_FD handle types failed: INTERNAL: CUDA error: : CUDA_ERROR_NOT_PERMITTED: operation not permitted; will retry with simpler handle types.
W0614 00:52:06.812887    4176 cuda_vmm_allocator.cc:80] [1] VMM cuMemCreate with FABRIC+POSIX_FD handle types failed: INTERNAL: CUDA error: : CUDA_ERROR_NOT_PERMITTED: operation not permitted; will retry with simpler handle types.
W0614 00:52:06.813047    4176 cuda_vmm_allocator.cc:80] [1] VMM cuMemCreate with FABRIC+POSIX_FD handle types failed: INTERNAL: CUDA error: : CUDA_ERROR_NOT_PERMITTED: operation not permitted; will retry with simpler handle types.
W0614 00:52:06.813196    4176 cuda_vmm_allocator.cc:80] [1] VMM cuMemCreate with FABRIC+POSIX_FD handle types failed: INTERNAL: CUDA error: : CUDA_ERROR_NOT_PERMITTED: operation not permitted; will retry with simpler handle types.
W0614 00:52:06.813373    4176 cuda_vmm_allocator.cc:80] [1] VMM cuMemCreate with FABRIC+POSIX_FD handle types failed: INTERNAL: CUDA error: : CUDA_ERROR_NOT_PERMITTED: operation not permitted; will retry with simpler handle types.
W0614 00:52:06.813516    4176 cuda_vmm_allocator.cc:80] [1] VMM cuMemCreate with FABRIC+POSIX_FD handle types failed: INTERNAL: CUDA error: : CUDA_ERROR_NOT_PERMITTED: operation not permitted; will retry with simpler handle types.
W0614 00:52:06.813684    4176 cuda_vmm_allocator.cc:80] [1] VMM cuMemCreate with FABRIC+POSIX_FD handle types failed: INTERNAL: CUDA error: : CUDA_ERROR_NOT_PERMITTED: operation not permitted; will retry with simpler handle types.
W0614 00:52:06.813832    4176 cuda_vmm_allocator.cc:80] [1] VMM cuMemCreate with FABRIC+POSIX_FD handle types failed: INTERNAL: CUDA error: : CUDA_ERROR_NOT_PERMITTED: operation not permitted; will retry with simpler handle types.
W0614 00:52:06.814012    4176 cuda_vmm_allocator.cc:80] [1] VMM cuMemCreate with FABRIC+POSIX_FD handle types failed: INTERNAL: CUDA error: : CUDA_ERROR_NOT_PERMITTED: operation not permitted; will retry with simpler handle types.
W0614 00:52:06.814198    4176 cuda_vmm_allocator.cc:80] [1] VMM cuMemCreate with FABRIC+POSIX_FD handle types failed: INTERNAL: CUDA error: : CUDA_ERROR_NOT_PERMITTED: operation not permitted; will retry with simpler handle types.
W0614 00:52:06.814359    4176 cuda_vmm_allocator.cc:80] [1] VMM cuMemCreate with FABRIC+POSIX_FD handle types failed: INTERNAL: CUDA error: : CUDA_ERROR_NOT_PERMITTED: operation not permitted; will retry with simpler handle types.
W0614 00:52:06.814505    4176 cuda_vmm_allocator.cc:80] [1] VMM cuMemCreate with FABRIC+POSIX_FD handle types failed: INTERNAL: CUDA error: : CUDA_ERROR_NOT_PERMITTED: operation not permitted; will retry with simpler handle types.
W0614 00:52:06.814692    4176 cuda_vmm_allocator.cc:80] [1] VMM cuMemCreate with FABRIC+POSIX_FD handle types failed: INTERNAL: CUDA error: : CUDA_ERROR_NOT_PERMITTED: operation not permitted; will retry with simpler handle types.
W0614 00:52:06.814836    4176 cuda_vmm_allocator.cc:80] [1] VMM cuMemCreate with FABRIC+POSIX_FD handle types failed: INTERNAL: CUDA error: : CUDA_ERROR_NOT_PERMITTED: operation not permitted; will retry with simpler handle types.
W0614 00:52:06.815001    4176 cuda_vmm_allocator.cc:80] [1] VMM cuMemCreate with FABRIC+POSIX_FD handle types failed: INTERNAL: CUDA error: : CUDA_ERROR_NOT_PERMITTED: operation not permitted; will retry with simpler handle types.
W0614 00:52:06.815146    4176 cuda_vmm_allocator.cc:80] [1] VMM cuMemCreate with FABRIC+POSIX_FD handle types failed: INTERNAL: CUDA error: : CUDA_ERROR_NOT_PERMITTED: operation not permitted; will retry with simpler handle types.
W0614 00:52:06.815321    4176 cuda_vmm_allocator.cc:80] [1] VMM cuMemCreate with FABRIC+POSIX_FD handle types failed: INTERNAL: CUDA error: : CUDA_ERROR_NOT_PERMITTED: operation not permitted; will retry with simpler handle types.
W0614 00:52:06.815461    4176 cuda_vmm_allocator.cc:80] [1] VMM cuMemCreate with FABRIC+POSIX_FD handle types failed: INTERNAL: CUDA error: : CUDA_ERROR_NOT_PERMITTED: operation not permitted; will retry with simpler handle types.
W0614 00:52:06.815629    4176 cuda_vmm_allocator.cc:80] [1] VMM cuMemCreate with FABRIC+POSIX_FD handle types failed: INTERNAL: CUDA error: : CUDA_ERROR_NOT_PERMITTED: operation not permitted; will retry with simpler handle types.
W0614 00:52:06.815781    4176 cuda_vmm_allocator.cc:80] [1] VMM cuMemCreate with FABRIC+POSIX_FD handle types failed: INTERNAL: CUDA error: : CUDA_ERROR_NOT_PERMITTED: operation not permitted; will retry with simpler handle types.
W0614 00:52:06.815958    4176 cuda_vmm_allocator.cc:80] [1] VMM cuMemCreate with FABRIC+POSIX_FD handle types failed: INTERNAL: CUDA error: : CUDA_ERROR_NOT_PERMITTED: operation not permitted; will retry with simpler handle types.
W0614 00:52:06.816100    4176 cuda_vmm_allocator.cc:80] [1] VMM cuMemCreate with FABRIC+POSIX_FD handle types failed: INTERNAL: CUDA error: : CUDA_ERROR_NOT_PERMITTED: operation not permitted; will retry with simpler handle types.
W0614 00:52:06.816260    4176 cuda_vmm_allocator.cc:80] [1] VMM cuMemCreate with FABRIC+POSIX_FD handle types failed: INTERNAL: CUDA error: : CUDA_ERROR_NOT_PERMITTED: operation not permitted; will retry with simpler handle types.
W0614 00:52:06.816406    4176 cuda_vmm_allocator.cc:80] [1] VMM cuMemCreate with FABRIC+POSIX_FD handle types failed: INTERNAL: CUDA error: : CUDA_ERROR_NOT_PERMITTED: operation not permitted; will retry with simpler handle types.
W0614 00:52:06.816602    4176 cuda_vmm_allocator.cc:80] [1] VMM cuMemCreate with FABRIC+POSIX_FD handle types failed: INTERNAL: CUDA error: : CUDA_ERROR_NOT_PERMITTED: operation not permitted; will retry with simpler handle types.
W0614 00:52:06.816795    4176 cuda_vmm_allocator.cc:80] [1] VMM cuMemCreate with FABRIC+POSIX_FD handle types failed: INTERNAL: CUDA error: : CUDA_ERROR_NOT_PERMITTED: operation not permitted; will retry with simpler handle types.
W0614 00:52:06.816959    4176 cuda_vmm_allocator.cc:80] [1] VMM cuMemCreate with FABRIC+POSIX_FD handle types failed: INTERNAL: CUDA error: : CUDA_ERROR_NOT_PERMITTED: operation not permitted; will retry with simpler handle types.
W0614 00:52:06.817104    4176 cuda_vmm_allocator.cc:80] [1] VMM cuMemCreate with FABRIC+POSIX_FD handle types failed: INTERNAL: CUDA error: : CUDA_ERROR_NOT_PERMITTED: operation not permitted; will retry with simpler handle types.
W0614 00:52:06.817288    4176 cuda_vmm_allocator.cc:80] [1] VMM cuMemCreate with FABRIC+POSIX_FD handle types failed: INTERNAL: CUDA error: : CUDA_ERROR_NOT_PERMITTED: operation not permitted; will retry with simpler handle types.
W0614 00:52:06.817432    4176 cuda_vmm_allocator.cc:80] [1] VMM cuMemCreate with FABRIC+POSIX_FD handle types failed: INTERNAL: CUDA error: : CUDA_ERROR_NOT_PERMITTED: operation not permitted; will retry with simpler handle types.
W0614 00:52:06.817612    4176 cuda_vmm_allocator.cc:80] [1] VMM cuMemCreate with FABRIC+POSIX_FD handle types failed: INTERNAL: CUDA error: : CUDA_ERROR_NOT_PERMITTED: operation not permitted; will retry with simpler handle types.
W0614 00:52:06.817763    4176 cuda_vmm_allocator.cc:80] [1] VMM cuMemCreate with FABRIC+POSIX_FD handle types failed: INTERNAL: CUDA error: : CUDA_ERROR_NOT_PERMITTED: operation not permitted; will retry with simpler handle types.
W0614 00:52:06.817940    4176 cuda_vmm_allocator.cc:80] [1] VMM cuMemCreate with FABRIC+POSIX_FD handle types failed: INTERNAL: CUDA error: : CUDA_ERROR_NOT_PERMITTED: operation not permitted; will retry with simpler handle types.
W0614 00:52:06.818081    4176 cuda_vmm_allocator.cc:80] [1] VMM cuMemCreate with FABRIC+POSIX_FD handle types failed: INTERNAL: CUDA error: : CUDA_ERROR_NOT_PERMITTED: operation not permitted; will retry with simpler handle types.
W0614 00:52:06.818239    4176 cuda_vmm_allocator.cc:80] [1] VMM cuMemCreate with FABRIC+POSIX_FD handle types failed: INTERNAL: CUDA error: : CUDA_ERROR_NOT_PERMITTED: operation not permitted; will retry with simpler handle types.
W0614 00:52:06.818388    4176 cuda_vmm_allocator.cc:80] [1] VMM cuMemCreate with FABRIC+POSIX_FD handle types failed: INTERNAL: CUDA error: : CUDA_ERROR_NOT_PERMITTED: operation not permitted; will retry with simpler handle types.
W0614 00:52:06.818570    4176 cuda_vmm_allocator.cc:80] [1] VMM cuMemCreate with FABRIC+POSIX_FD handle types failed: INTERNAL: CUDA error: : CUDA_ERROR_NOT_PERMITTED: operation not permitted; will retry with simpler handle types.
W0614 00:52:06.818712    4176 cuda_vmm_allocator.cc:80] [1] VMM cuMemCreate with FABRIC+POSIX_FD handle types failed: INTERNAL: CUDA error: : CUDA_ERROR_NOT_PERMITTED: operation not permitted; will retry with simpler handle types.
W0614 00:52:06.818876    4176 cuda_vmm_allocator.cc:80] [1] VMM cuMemCreate with FABRIC+POSIX_FD handle types failed: INTERNAL: CUDA error: : CUDA_ERROR_NOT_PERMITTED: operation not permitted; will retry with simpler handle types.
W0614 00:52:06.819022    4176 cuda_vmm_allocator.cc:80] [1] VMM cuMemCreate with FABRIC+POSIX_FD handle types failed: INTERNAL: CUDA error: : CUDA_ERROR_NOT_PERMITTED: operation not permitted; will retry with simpler handle types.
W0614 00:52:06.819202    4176 cuda_vmm_allocator.cc:80] [1] VMM cuMemCreate with FABRIC+POSIX_FD handle types failed: INTERNAL: CUDA error: : CUDA_ERROR_NOT_PERMITTED: operation not permitted; will retry with simpler handle types.
W0614 00:52:06.819391    4176 cuda_vmm_allocator.cc:80] [1] VMM cuMemCreate with FABRIC+POSIX_FD handle types failed: INTERNAL: CUDA error: : CUDA_ERROR_NOT_PERMITTED: operation not permitted; will retry with simpler handle types.
W0614 00:52:06.819548    4176 cuda_vmm_allocator.cc:80] [1] VMM cuMemCreate with FABRIC+POSIX_FD handle types failed: INTERNAL: CUDA error: : CUDA_ERROR_NOT_PERMITTED: operation not permitted; will retry with simpler handle types.
W0614 00:52:06.819705    4176 cuda_vmm_allocator.cc:80] [1] VMM cuMemCreate with FABRIC+POSIX_FD handle types failed: INTERNAL: CUDA error: : CUDA_ERROR_NOT_PERMITTED: operation not permitted; will retry with simpler handle types.
W0614 00:52:06.819882    4176 cuda_vmm_allocator.cc:80] [1] VMM cuMemCreate with FABRIC+POSIX_FD handle types failed: INTERNAL: CUDA error: : CUDA_ERROR_NOT_PERMITTED: operation not permitted; will retry with simpler handle types.
W0614 00:52:06.820025    4176 cuda_vmm_allocator.cc:80] [1] VMM cuMemCreate with FABRIC+POSIX_FD handle types failed: INTERNAL: CUDA error: : CUDA_ERROR_NOT_PERMITTED: operation not permitted; will retry with simpler handle types.
W0614 00:52:06.820190    4176 cuda_vmm_allocator.cc:80] [1] VMM cuMemCreate with FABRIC+POSIX_FD handle types failed: INTERNAL: CUDA error: : CUDA_ERROR_NOT_PERMITTED: operation not permitted; will retry with simpler handle types.
W0614 00:52:06.820333    4176 cuda_vmm_allocator.cc:80] [1] VMM cuMemCreate with FABRIC+POSIX_FD handle types failed: INTERNAL: CUDA error: : CUDA_ERROR_NOT_PERMITTED: operation not permitted; will retry with simpler handle types.
W0614 00:52:06.820514    4176 cuda_vmm_allocator.cc:80] [1] VMM cuMemCreate with FABRIC+POSIX_FD handle types failed: INTERNAL: CUDA error: : CUDA_ERROR_NOT_PERMITTED: operation not permitted; will retry with simpler handle types.
W0614 00:52:06.820676    4176 cuda_vmm_allocator.cc:80] [1] VMM cuMemCreate with FABRIC+POSIX_FD handle types failed: INTERNAL: CUDA error: : CUDA_ERROR_NOT_PERMITTED: operation not permitted; will retry with simpler handle types.
W0614 00:52:06.820837    4176 cuda_vmm_allocator.cc:80] [1] VMM cuMemCreate with FABRIC+POSIX_FD handle types failed: INTERNAL: CUDA error: : CUDA_ERROR_NOT_PERMITTED: operation not permitted; will retry with simpler handle types.
W0614 00:52:06.820988    4176 cuda_vmm_allocator.cc:80] [1] VMM cuMemCreate with FABRIC+POSIX_FD handle types failed: INTERNAL: CUDA error: : CUDA_ERROR_NOT_PERMITTED: operation not permitted; will retry with simpler handle types.
W0614 00:52:06.821168    4176 cuda_vmm_allocator.cc:80] [1] VMM cuMemCreate with FABRIC+POSIX_FD handle types failed: INTERNAL: CUDA error: : CUDA_ERROR_NOT_PERMITTED: operation not permitted; will retry with simpler handle types.
W0614 00:52:06.821311    4176 cuda_vmm_allocator.cc:80] [1] VMM cuMemCreate with FABRIC+POSIX_FD handle types failed: INTERNAL: CUDA error: : CUDA_ERROR_NOT_PERMITTED: operation not permitted; will retry with simpler handle types.
W0614 00:52:06.821470    4176 cuda_vmm_allocator.cc:80] [1] VMM cuMemCreate with FABRIC+POSIX_FD handle types failed: INTERNAL: CUDA error: : CUDA_ERROR_NOT_PERMITTED: operation not permitted; will retry with simpler handle types.
W0614 00:52:06.821627    4176 cuda_vmm_allocator.cc:80] [1] VMM cuMemCreate with FABRIC+POSIX_FD handle types failed: INTERNAL: CUDA error: : CUDA_ERROR_NOT_PERMITTED: operation not permitted; will retry with simpler handle types.
W0614 00:52:06.821814    4176 cuda_vmm_allocator.cc:80] [1] VMM cuMemCreate with FABRIC+POSIX_FD handle types failed: INTERNAL: CUDA error: : CUDA_ERROR_NOT_PERMITTED: operation not permitted; will retry with simpler handle types.
W0614 00:52:06.822006    4176 cuda_vmm_allocator.cc:80] [1] VMM cuMemCreate with FABRIC+POSIX_FD handle types failed: INTERNAL: CUDA error: : CUDA_ERROR_NOT_PERMITTED: operation not permitted; will retry with simpler handle types.
W0614 00:52:06.822175    4176 cuda_vmm_allocator.cc:80] [1] VMM cuMemCreate with FABRIC+POSIX_FD handle types failed: INTERNAL: CUDA error: : CUDA_ERROR_NOT_PERMITTED: operation not permitted; will retry with simpler handle types.
W0614 00:52:06.822321    4176 cuda_vmm_allocator.cc:80] [1] VMM cuMemCreate with FABRIC+POSIX_FD handle types failed: INTERNAL: CUDA error: : CUDA_ERROR_NOT_PERMITTED: operation not permitted; will retry with simpler handle types.
W0614 00:52:06.822480    4176 cuda_vmm_allocator.cc:80] [1] VMM cuMemCreate with FABRIC+POSIX_FD handle types failed: INTERNAL: CUDA error: : CUDA_ERROR_NOT_PERMITTED: operation not permitted; will retry with simpler handle types.
W0614 00:52:06.822629    4176 cuda_vmm_allocator.cc:80] [1] VMM cuMemCreate with FABRIC+POSIX_FD handle types failed: INTERNAL: CUDA error: : CUDA_ERROR_NOT_PERMITTED: operation not permitted; will retry with simpler handle types.
W0614 00:52:06.822824    4176 cuda_vmm_allocator.cc:80] [1] VMM cuMemCreate with FABRIC+POSIX_FD handle types failed: INTERNAL: CUDA error: : CUDA_ERROR_NOT_PERMITTED: operation not permitted; will retry with simpler handle types.
W0614 00:52:06.822973    4176 cuda_vmm_allocator.cc:80] [1] VMM cuMemCreate with FABRIC+POSIX_FD handle types failed: INTERNAL: CUDA error: : CUDA_ERROR_NOT_PERMITTED: operation not permitted; will retry with simpler handle types.
W0614 00:52:06.823128    4176 cuda_vmm_allocator.cc:80] [1] VMM cuMemCreate with FABRIC+POSIX_FD handle types failed: INTERNAL: CUDA error: : CUDA_ERROR_NOT_PERMITTED: operation not permitted; will retry with simpler handle types.
W0614 00:52:06.823267    4176 cuda_vmm_allocator.cc:80] [1] VMM cuMemCreate with FABRIC+POSIX_FD handle types failed: INTERNAL: CUDA error: : CUDA_ERROR_NOT_PERMITTED: operation not permitted; will retry with simpler handle types.
W0614 00:52:06.823446    4176 cuda_vmm_allocator.cc:80] [1] VMM cuMemCreate with FABRIC+POSIX_FD handle types failed: INTERNAL: CUDA error: : CUDA_ERROR_NOT_PERMITTED: operation not permitted; will retry with simpler handle types.
W0614 00:52:06.823601    4176 cuda_vmm_allocator.cc:80] [1] VMM cuMemCreate with FABRIC+POSIX_FD handle types failed: INTERNAL: CUDA error: : CUDA_ERROR_NOT_PERMITTED: operation not permitted; will retry with simpler handle types.
W0614 00:52:06.823800    4176 cuda_vmm_allocator.cc:80] [1] VMM cuMemCreate with FABRIC+POSIX_FD handle types failed: INTERNAL: CUDA error: : CUDA_ERROR_NOT_PERMITTED: operation not permitted; will retry with simpler handle types.
W0614 00:52:06.823946    4176 cuda_vmm_allocator.cc:80] [1] VMM cuMemCreate with FABRIC+POSIX_FD handle types failed: INTERNAL: CUDA error: : CUDA_ERROR_NOT_PERMITTED: operation not permitted; will retry with simpler handle types.
W0614 00:52:06.824107    4176 cuda_vmm_allocator.cc:80] [1] VMM cuMemCreate with FABRIC+POSIX_FD handle types failed: INTERNAL: CUDA error: : CUDA_ERROR_NOT_PERMITTED: operation not permitted; will retry with simpler handle types.
W0614 00:52:06.824254    4176 cuda_vmm_allocator.cc:80] [1] VMM cuMemCreate with FABRIC+POSIX_FD handle types failed: INTERNAL: CUDA error: : CUDA_ERROR_NOT_PERMITTED: operation not permitted; will retry with simpler handle types.
W0614 00:52:06.824419    4176 cuda_vmm_allocator.cc:80] [1] VMM cuMemCreate with FABRIC+POSIX_FD handle types failed: INTERNAL: CUDA error: : CUDA_ERROR_NOT_PERMITTED: operation not permitted; will retry with simpler handle types.
W0614 00:52:06.824625    4176 cuda_vmm_allocator.cc:80] [1] VMM cuMemCreate with FABRIC+POSIX_FD handle types failed: INTERNAL: CUDA error: : CUDA_ERROR_NOT_PERMITTED: operation not permitted; will retry with simpler handle types.
W0614 00:52:06.824817    4176 cuda_vmm_allocator.cc:80] [1] VMM cuMemCreate with FABRIC+POSIX_FD handle types failed: INTERNAL: CUDA error: : CUDA_ERROR_NOT_PERMITTED: operation not permitted; will retry with simpler handle types.
W0614 00:52:06.824966    4176 cuda_vmm_allocator.cc:80] [1] VMM cuMemCreate with FABRIC+POSIX_FD handle types failed: INTERNAL: CUDA error: : CUDA_ERROR_NOT_PERMITTED: operation not permitted; will retry with simpler handle types.
W0614 00:52:06.825124    4176 cuda_vmm_allocator.cc:80] [1] VMM cuMemCreate with FABRIC+POSIX_FD handle types failed: INTERNAL: CUDA error: : CUDA_ERROR_NOT_PERMITTED: operation not permitted; will retry with simpler handle types.
W0614 00:52:06.825266    4176 cuda_vmm_allocator.cc:80] [1] VMM cuMemCreate with FABRIC+POSIX_FD handle types failed: INTERNAL: CUDA error: : CUDA_ERROR_NOT_PERMITTED: operation not permitted; will retry with simpler handle types.
W0614 00:52:06.825454    4176 cuda_vmm_allocator.cc:80] [1] VMM cuMemCreate with FABRIC+POSIX_FD handle types failed: INTERNAL: CUDA error: : CUDA_ERROR_NOT_PERMITTED: operation not permitted; will retry with simpler handle types.
W0614 00:52:06.825614    4176 cuda_vmm_allocator.cc:80] [1] VMM cuMemCreate with FABRIC+POSIX_FD handle types failed: INTERNAL: CUDA error: : CUDA_ERROR_NOT_PERMITTED: operation not permitted; will retry with simpler handle types.
W0614 00:52:06.825776    4176 cuda_vmm_allocator.cc:80] [1] VMM cuMemCreate with FABRIC+POSIX_FD handle types failed: INTERNAL: CUDA error: : CUDA_ERROR_NOT_PERMITTED: operation not permitted; will retry with simpler handle types.
W0614 00:52:06.825918    4176 cuda_vmm_allocator.cc:80] [1] VMM cuMemCreate with FABRIC+POSIX_FD handle types failed: INTERNAL: CUDA error: : CUDA_ERROR_NOT_PERMITTED: operation not permitted; will retry with simpler handle types.
W0614 00:52:06.826101    4176 cuda_vmm_allocator.cc:80] [1] VMM cuMemCreate with FABRIC+POSIX_FD handle types failed: INTERNAL: CUDA error: : CUDA_ERROR_NOT_PERMITTED: operation not permitted; will retry with simpler handle types.
W0614 00:52:06.826255    4176 cuda_vmm_allocator.cc:80] [1] VMM cuMemCreate with FABRIC+POSIX_FD handle types failed: INTERNAL: CUDA error: : CUDA_ERROR_NOT_PERMITTED: operation not permitted; will retry with simpler handle types.
W0614 00:52:06.826409    4176 cuda_vmm_allocator.cc:80] [1] VMM cuMemCreate with FABRIC+POSIX_FD handle types failed: INTERNAL: CUDA error: : CUDA_ERROR_NOT_PERMITTED: operation not permitted; will retry with simpler handle types.
W0614 00:52:06.826549    4176 cuda_vmm_allocator.cc:80] [1] VMM cuMemCreate with FABRIC+POSIX_FD handle types failed: INTERNAL: CUDA error: : CUDA_ERROR_NOT_PERMITTED: operation not permitted; will retry with simpler handle types.
W0614 00:52:06.826739    4176 cuda_vmm_allocator.cc:80] [1] VMM cuMemCreate with FABRIC+POSIX_FD handle types failed: INTERNAL: CUDA error: : CUDA_ERROR_NOT_PERMITTED: operation not permitted; will retry with simpler handle types.
W0614 00:52:06.826888    4176 cuda_vmm_allocator.cc:80] [1] VMM cuMemCreate with FABRIC+POSIX_FD handle types failed: INTERNAL: CUDA error: : CUDA_ERROR_NOT_PERMITTED: operation not permitted; will retry with simpler handle types.
W0614 00:52:06.827047    4176 cuda_vmm_allocator.cc:80] [1] VMM cuMemCreate with FABRIC+POSIX_FD handle types failed: INTERNAL: CUDA error: : CUDA_ERROR_NOT_PERMITTED: operation not permitted; will retry with simpler handle types.
W0614 00:52:06.827237    4176 cuda_vmm_allocator.cc:80] [1] VMM cuMemCreate with FABRIC+POSIX_FD handle types failed: INTERNAL: CUDA error: : CUDA_ERROR_NOT_PERMITTED: operation not permitted; will retry with simpler handle types.
W0614 00:52:06.827420    4176 cuda_vmm_allocator.cc:80] [1] VMM cuMemCreate with FABRIC+POSIX_FD handle types failed: INTERNAL: CUDA error: : CUDA_ERROR_NOT_PERMITTED: operation not permitted; will retry with simpler handle types.
W0614 00:52:06.827572    4176 cuda_vmm_allocator.cc:80] [1] VMM cuMemCreate with FABRIC+POSIX_FD handle types failed: INTERNAL: CUDA error: : CUDA_ERROR_NOT_PERMITTED: operation not permitted; will retry with simpler handle types.
W0614 00:52:06.827736    4176 cuda_vmm_allocator.cc:80] [1] VMM cuMemCreate with FABRIC+POSIX_FD handle types failed: INTERNAL: CUDA error: : CUDA_ERROR_NOT_PERMITTED: operation not permitted; will retry with simpler handle types.
W0614 00:52:06.827880    4176 cuda_vmm_allocator.cc:80] [1] VMM cuMemCreate with FABRIC+POSIX_FD handle types failed: INTERNAL: CUDA error: : CUDA_ERROR_NOT_PERMITTED: operation not permitted; will retry with simpler handle types.
W0614 00:52:06.828067    4176 cuda_vmm_allocator.cc:80] [1] VMM cuMemCreate with FABRIC+POSIX_FD handle types failed: INTERNAL: CUDA error: : CUDA_ERROR_NOT_PERMITTED: operation not permitted; will retry with simpler handle types.
W0614 00:52:06.828211    4176 cuda_vmm_allocator.cc:80] [1] VMM cuMemCreate with FABRIC+POSIX_FD handle types failed: INTERNAL: CUDA error: : CUDA_ERROR_NOT_PERMITTED: operation not permitted; will retry with simpler handle types.
W0614 00:52:06.828367    4176 cuda_vmm_allocator.cc:80] [1] VMM cuMemCreate with FABRIC+POSIX_FD handle types failed: INTERNAL: CUDA error: : CUDA_ERROR_NOT_PERMITTED: operation not permitted; will retry with simpler handle types.
W0614 00:52:06.828510    4176 cuda_vmm_allocator.cc:80] [1] VMM cuMemCreate with FABRIC+POSIX_FD handle types failed: INTERNAL: CUDA error: : CUDA_ERROR_NOT_PERMITTED: operation not permitted; will retry with simpler handle types.
W0614 00:52:06.828710    4176 cuda_vmm_allocator.cc:80] [1] VMM cuMemCreate with FABRIC+POSIX_FD handle types failed: INTERNAL: CUDA error: : CUDA_ERROR_NOT_PERMITTED: operation not permitted; will retry with simpler handle types.
W0614 00:52:06.828864    4176 cuda_vmm_allocator.cc:80] [1] VMM cuMemCreate with FABRIC+POSIX_FD handle types failed: INTERNAL: CUDA error: : CUDA_ERROR_NOT_PERMITTED: operation not permitted; will retry with simpler handle types.
W0614 00:52:06.829021    4176 cuda_vmm_allocator.cc:80] [1] VMM cuMemCreate with FABRIC+POSIX_FD handle types failed: INTERNAL: CUDA error: : CUDA_ERROR_NOT_PERMITTED: operation not permitted; will retry with simpler handle types.
W0614 00:52:06.829163    4176 cuda_vmm_allocator.cc:80] [1] VMM cuMemCreate with FABRIC+POSIX_FD handle types failed: INTERNAL: CUDA error: : CUDA_ERROR_NOT_PERMITTED: operation not permitted; will retry with simpler handle types.
W0614 00:52:06.829343    4176 cuda_vmm_allocator.cc:80] [1] VMM cuMemCreate with FABRIC+POSIX_FD handle types failed: INTERNAL: CUDA error: : CUDA_ERROR_NOT_PERMITTED: operation not permitted; will retry with simpler handle types.
W0614 00:52:06.829489    4176 cuda_vmm_allocator.cc:80] [1] VMM cuMemCreate with FABRIC+POSIX_FD handle types failed: INTERNAL: CUDA error: : CUDA_ERROR_NOT_PERMITTED: operation not permitted; will retry with simpler handle types.
W0614 00:52:06.829661    4176 cuda_vmm_allocator.cc:80] [1] VMM cuMemCreate with FABRIC+POSIX_FD handle types failed: INTERNAL: CUDA error: : CUDA_ERROR_NOT_PERMITTED: operation not permitted; will retry with simpler handle types.
W0614 00:52:06.829850    4176 cuda_vmm_allocator.cc:80] [1] VMM cuMemCreate with FABRIC+POSIX_FD handle types failed: INTERNAL: CUDA error: : CUDA_ERROR_NOT_PERMITTED: operation not permitted; will retry with simpler handle types.
W0614 00:52:06.830031    4176 cuda_vmm_allocator.cc:80] [1] VMM cuMemCreate with FABRIC+POSIX_FD handle types failed: INTERNAL: CUDA error: : CUDA_ERROR_NOT_PERMITTED: operation not permitted; will retry with simpler handle types.
W0614 00:52:06.830175    4176 cuda_vmm_allocator.cc:80] [1] VMM cuMemCreate with FABRIC+POSIX_FD handle types failed: INTERNAL: CUDA error: : CUDA_ERROR_NOT_PERMITTED: operation not permitted; will retry with simpler handle types.
W0614 00:52:06.830336    4176 cuda_vmm_allocator.cc:80] [1] VMM cuMemCreate with FABRIC+POSIX_FD handle types failed: INTERNAL: CUDA error: : CUDA_ERROR_NOT_PERMITTED: operation not permitted; will retry with simpler handle types.
W0614 00:52:06.830479    4176 cuda_vmm_allocator.cc:80] [1] VMM cuMemCreate with FABRIC+POSIX_FD handle types failed: INTERNAL: CUDA error: : CUDA_ERROR_NOT_PERMITTED: operation not permitted; will retry with simpler handle types.
W0614 00:52:06.830668    4176 cuda_vmm_allocator.cc:80] [1] VMM cuMemCreate with FABRIC+POSIX_FD handle types failed: INTERNAL: CUDA error: : CUDA_ERROR_NOT_PERMITTED: operation not permitted; will retry with simpler handle types.
W0614 00:52:06.830818    4176 cuda_vmm_allocator.cc:80] [1] VMM cuMemCreate with FABRIC+POSIX_FD handle types failed: INTERNAL: CUDA error: : CUDA_ERROR_NOT_PERMITTED: operation not permitted; will retry with simpler handle types.
W0614 00:52:06.830973    4176 cuda_vmm_allocator.cc:80] [1] VMM cuMemCreate with FABRIC+POSIX_FD handle types failed: INTERNAL: CUDA error: : CUDA_ERROR_NOT_PERMITTED: operation not permitted; will retry with simpler handle types.
W0614 00:52:06.831114    4176 cuda_vmm_allocator.cc:80] [1] VMM cuMemCreate with FABRIC+POSIX_FD handle types failed: INTERNAL: CUDA error: : CUDA_ERROR_NOT_PERMITTED: operation not permitted; will retry with simpler handle types.
W0614 00:52:06.831292    4176 cuda_vmm_allocator.cc:80] [1] VMM cuMemCreate with FABRIC+POSIX_FD handle types failed: INTERNAL: CUDA error: : CUDA_ERROR_NOT_PERMITTED: operation not permitted; will retry with simpler handle types.
W0614 00:52:06.831444    4176 cuda_vmm_allocator.cc:80] [1] VMM cuMemCreate with FABRIC+POSIX_FD handle types failed: INTERNAL: CUDA error: : CUDA_ERROR_NOT_PERMITTED: operation not permitted; will retry with simpler handle types.
W0614 00:52:06.831608    4176 cuda_vmm_allocator.cc:80] [1] VMM cuMemCreate with FABRIC+POSIX_FD handle types failed: INTERNAL: CUDA error: : CUDA_ERROR_NOT_PERMITTED: operation not permitted; will retry with simpler handle types.
W0614 00:52:06.831751    4176 cuda_vmm_allocator.cc:80] [1] VMM cuMemCreate with FABRIC+POSIX_FD handle types failed: INTERNAL: CUDA error: : CUDA_ERROR_NOT_PERMITTED: operation not permitted; will retry with simpler handle types.
W0614 00:52:06.831935    4176 cuda_vmm_allocator.cc:80] [1] VMM cuMemCreate with FABRIC+POSIX_FD handle types failed: INTERNAL: CUDA error: : CUDA_ERROR_NOT_PERMITTED: operation not permitted; will retry with simpler handle types.
W0614 00:52:06.832081    4176 cuda_vmm_allocator.cc:80] [1] VMM cuMemCreate with FABRIC+POSIX_FD handle types failed: INTERNAL: CUDA error: : CUDA_ERROR_NOT_PERMITTED: operation not permitted; will retry with simpler handle types.
W0614 00:52:06.832241    4176 cuda_vmm_allocator.cc:80] [1] VMM cuMemCreate with FABRIC+POSIX_FD handle types failed: INTERNAL: CUDA error: : CUDA_ERROR_NOT_PERMITTED: operation not permitted; will retry with simpler handle types.
W0614 00:52:06.832430    4176 cuda_vmm_allocator.cc:80] [1] VMM cuMemCreate with FABRIC+POSIX_FD handle types failed: INTERNAL: CUDA error: : CUDA_ERROR_NOT_PERMITTED: operation not permitted; will retry with simpler handle types.
W0614 00:52:06.832630    4176 cuda_vmm_allocator.cc:80] [1] VMM cuMemCreate with FABRIC+POSIX_FD handle types failed: INTERNAL: CUDA error: : CUDA_ERROR_NOT_PERMITTED: operation not permitted; will retry with simpler handle types.
W0614 00:52:06.832778    4176 cuda_vmm_allocator.cc:80] [1] VMM cuMemCreate with FABRIC+POSIX_FD handle types failed: INTERNAL: CUDA error: : CUDA_ERROR_NOT_PERMITTED: operation not permitted; will retry with simpler handle types.
W0614 00:52:06.832943    4176 cuda_vmm_allocator.cc:80] [1] VMM cuMemCreate with FABRIC+POSIX_FD handle types failed: INTERNAL: CUDA error: : CUDA_ERROR_NOT_PERMITTED: operation not permitted; will retry with simpler handle types.
W0614 00:52:06.833095    4176 cuda_vmm_allocator.cc:80] [1] VMM cuMemCreate with FABRIC+POSIX_FD handle types failed: INTERNAL: CUDA error: : CUDA_ERROR_NOT_PERMITTED: operation not permitted; will retry with simpler handle types.
W0614 00:52:06.833292    4176 cuda_vmm_allocator.cc:80] [1] VMM cuMemCreate with FABRIC+POSIX_FD handle types failed: INTERNAL: CUDA error: : CUDA_ERROR_NOT_PERMITTED: operation not permitted; will retry with simpler handle types.
W0614 00:52:06.833436    4176 cuda_vmm_allocator.cc:80] [1] VMM cuMemCreate with FABRIC+POSIX_FD handle types failed: INTERNAL: CUDA error: : CUDA_ERROR_NOT_PERMITTED: operation not permitted; will retry with simpler handle types.
W0614 00:52:06.833600    4176 cuda_vmm_allocator.cc:80] [1] VMM cuMemCreate with FABRIC+POSIX_FD handle types failed: INTERNAL: CUDA error: : CUDA_ERROR_NOT_PERMITTED: operation not permitted; will retry with simpler handle types.
W0614 00:52:06.833752    4176 cuda_vmm_allocator.cc:80] [1] VMM cuMemCreate with FABRIC+POSIX_FD handle types failed: INTERNAL: CUDA error: : CUDA_ERROR_NOT_PERMITTED: operation not permitted; will retry with simpler handle types.
W0614 00:52:06.833938    4176 cuda_vmm_allocator.cc:80] [1] VMM cuMemCreate with FABRIC+POSIX_FD handle types failed: INTERNAL: CUDA error: : CUDA_ERROR_NOT_PERMITTED: operation not permitted; will retry with simpler handle types.
W0614 00:52:06.834086    4176 cuda_vmm_allocator.cc:80] [1] VMM cuMemCreate with FABRIC+POSIX_FD handle types failed: INTERNAL: CUDA error: : CUDA_ERROR_NOT_PERMITTED: operation not permitted; will retry with simpler handle types.
W0614 00:52:06.834241    4176 cuda_vmm_allocator.cc:80] [1] VMM cuMemCreate with FABRIC+POSIX_FD handle types failed: INTERNAL: CUDA error: : CUDA_ERROR_NOT_PERMITTED: operation not permitted; will retry with simpler handle types.
W0614 00:52:06.834386    4176 cuda_vmm_allocator.cc:80] [1] VMM cuMemCreate with FABRIC+POSIX_FD handle types failed: INTERNAL: CUDA error: : CUDA_ERROR_NOT_PERMITTED: operation not permitted; will retry with simpler handle types.
W0614 00:52:06.834569    4176 cuda_vmm_allocator.cc:80] [1] VMM cuMemCreate with FABRIC+POSIX_FD handle types failed: INTERNAL: CUDA error: : CUDA_ERROR_NOT_PERMITTED: operation not permitted; will retry with simpler handle types.
W0614 00:52:06.834717    4176 cuda_vmm_allocator.cc:80] [1] VMM cuMemCreate with FABRIC+POSIX_FD handle types failed: INTERNAL: CUDA error: : CUDA_ERROR_NOT_PERMITTED: operation not permitted; will retry with simpler handle types.
W0614 00:52:06.834909    4176 cuda_vmm_allocator.cc:80] [1] VMM cuMemCreate with FABRIC+POSIX_FD handle types failed: INTERNAL: CUDA error: : CUDA_ERROR_NOT_PERMITTED: operation not permitted; will retry with simpler handle types.
W0614 00:52:06.835110    4176 cuda_vmm_allocator.cc:80] [1] VMM cuMemCreate with FABRIC+POSIX_FD handle types failed: INTERNAL: CUDA error: : CUDA_ERROR_NOT_PERMITTED: operation not permitted; will retry with simpler handle types.
W0614 00:52:06.835269    4176 cuda_vmm_allocator.cc:80] [1] VMM cuMemCreate with FABRIC+POSIX_FD handle types failed: INTERNAL: CUDA error: : CUDA_ERROR_NOT_PERMITTED: operation not permitted; will retry with simpler handle types.
W0614 00:52:06.835413    4176 cuda_vmm_allocator.cc:80] [1] VMM cuMemCreate with FABRIC+POSIX_FD handle types failed: INTERNAL: CUDA error: : CUDA_ERROR_NOT_PERMITTED: operation not permitted; will retry with simpler handle types.
W0614 00:52:06.835578    4176 cuda_vmm_allocator.cc:80] [1] VMM cuMemCreate with FABRIC+POSIX_FD handle types failed: INTERNAL: CUDA error: : CUDA_ERROR_NOT_PERMITTED: operation not permitted; will retry with simpler handle types.
W0614 00:52:06.835727    4176 cuda_vmm_allocator.cc:80] [1] VMM cuMemCreate with FABRIC+POSIX_FD handle types failed: INTERNAL: CUDA error: : CUDA_ERROR_NOT_PERMITTED: operation not permitted; will retry with simpler handle types.
W0614 00:52:06.835920    4176 cuda_vmm_allocator.cc:80] [1] VMM cuMemCreate with FABRIC+POSIX_FD handle types failed: INTERNAL: CUDA error: : CUDA_ERROR_NOT_PERMITTED: operation not permitted; will retry with simpler handle types.
W0614 00:52:06.836063    4176 cuda_vmm_allocator.cc:80] [1] VMM cuMemCreate with FABRIC+POSIX_FD handle types failed: INTERNAL: CUDA error: : CUDA_ERROR_NOT_PERMITTED: operation not permitted; will retry with simpler handle types.
W0614 00:52:06.836225    4176 cuda_vmm_allocator.cc:80] [1] VMM cuMemCreate with FABRIC+POSIX_FD handle types failed: INTERNAL: CUDA error: : CUDA_ERROR_NOT_PERMITTED: operation not permitted; will retry with simpler handle types.
W0614 00:52:06.836369    4176 cuda_vmm_allocator.cc:80] [1] VMM cuMemCreate with FABRIC+POSIX_FD handle types failed: INTERNAL: CUDA error: : CUDA_ERROR_NOT_PERMITTED: operation not permitted; will retry with simpler handle types.
W0614 00:52:06.836576    4176 cuda_vmm_allocator.cc:80] [1] VMM cuMemCreate with FABRIC+POSIX_FD handle types failed: INTERNAL: CUDA error: : CUDA_ERROR_NOT_PERMITTED: operation not permitted; will retry with simpler handle types.
W0614 00:52:06.836730    4176 cuda_vmm_allocator.cc:80] [1] VMM cuMemCreate with FABRIC+POSIX_FD handle types failed: INTERNAL: CUDA error: : CUDA_ERROR_NOT_PERMITTED: operation not permitted; will retry with simpler handle types.
W0614 00:52:06.836888    4176 cuda_vmm_allocator.cc:80] [1] VMM cuMemCreate with FABRIC+POSIX_FD handle types failed: INTERNAL: CUDA error: : CUDA_ERROR_NOT_PERMITTED: operation not permitted; will retry with simpler handle types.
W0614 00:52:06.837031    4176 cuda_vmm_allocator.cc:80] [1] VMM cuMemCreate with FABRIC+POSIX_FD handle types failed: INTERNAL: CUDA error: : CUDA_ERROR_NOT_PERMITTED: operation not permitted; will retry with simpler handle types.
W0614 00:52:06.837208    4176 cuda_vmm_allocator.cc:80] [1] VMM cuMemCreate with FABRIC+POSIX_FD handle types failed: INTERNAL: CUDA error: : CUDA_ERROR_NOT_PERMITTED: operation not permitted; will retry with simpler handle types.
W0614 00:52:06.837351    4176 cuda_vmm_allocator.cc:80] [1] VMM cuMemCreate with FABRIC+POSIX_FD handle types failed: INTERNAL: CUDA error: : CUDA_ERROR_NOT_PERMITTED: operation not permitted; will retry with simpler handle types.
W0614 00:52:06.837520    4176 cuda_vmm_allocator.cc:80] [1] VMM cuMemCreate with FABRIC+POSIX_FD handle types failed: INTERNAL: CUDA error: : CUDA_ERROR_NOT_PERMITTED: operation not permitted; will retry with simpler handle types.
W0614 00:52:06.837761    4176 cuda_vmm_allocator.cc:80] [1] VMM cuMemCreate with FABRIC+POSIX_FD handle types failed: INTERNAL: CUDA error: : CUDA_ERROR_NOT_PERMITTED: operation not permitted; will retry with simpler handle types.
W0614 00:52:06.837926    4176 cuda_vmm_allocator.cc:80] [1] VMM cuMemCreate with FABRIC+POSIX_FD handle types failed: INTERNAL: CUDA error: : CUDA_ERROR_NOT_PERMITTED: operation not permitted; will retry with simpler handle types.
W0614 00:52:06.838069    4176 cuda_vmm_allocator.cc:80] [1] VMM cuMemCreate with FABRIC+POSIX_FD handle types failed: INTERNAL: CUDA error: : CUDA_ERROR_NOT_PERMITTED: operation not permitted; will retry with simpler handle types.
W0614 00:52:06.838250    4176 cuda_vmm_allocator.cc:80] [1] VMM cuMemCreate with FABRIC+POSIX_FD handle types failed: INTERNAL: CUDA error: : CUDA_ERROR_NOT_PERMITTED: operation not permitted; will retry with simpler handle types.
W0614 00:52:06.838396    4176 cuda_vmm_allocator.cc:80] [1] VMM cuMemCreate with FABRIC+POSIX_FD handle types failed: INTERNAL: CUDA error: : CUDA_ERROR_NOT_PERMITTED: operation not permitted; will retry with simpler handle types.
W0614 00:52:06.838570    4176 cuda_vmm_allocator.cc:80] [1] VMM cuMemCreate with FABRIC+POSIX_FD handle types failed: INTERNAL: CUDA error: : CUDA_ERROR_NOT_PERMITTED: operation not permitted; will retry with simpler handle types.
W0614 00:52:06.838716    4176 cuda_vmm_allocator.cc:80] [1] VMM cuMemCreate with FABRIC+POSIX_FD handle types failed: INTERNAL: CUDA error: : CUDA_ERROR_NOT_PERMITTED: operation not permitted; will retry with simpler handle types.
W0614 00:52:06.838893    4176 cuda_vmm_allocator.cc:80] [1] VMM cuMemCreate with FABRIC+POSIX_FD handle types failed: INTERNAL: CUDA error: : CUDA_ERROR_NOT_PERMITTED: operation not permitted; will retry with simpler handle types.
W0614 00:52:06.839040    4176 cuda_vmm_allocator.cc:80] [1] VMM cuMemCreate with FABRIC+POSIX_FD handle types failed: INTERNAL: CUDA error: : CUDA_ERROR_NOT_PERMITTED: operation not permitted; will retry with simpler handle types.
W0614 00:52:06.839201    4176 cuda_vmm_allocator.cc:80] [1] VMM cuMemCreate with FABRIC+POSIX_FD handle types failed: INTERNAL: CUDA error: : CUDA_ERROR_NOT_PERMITTED: operation not permitted; will retry with simpler handle types.
W0614 00:52:06.839346    4176 cuda_vmm_allocator.cc:80] [1] VMM cuMemCreate with FABRIC+POSIX_FD handle types failed: INTERNAL: CUDA error: : CUDA_ERROR_NOT_PERMITTED: operation not permitted; will retry with simpler handle types.
W0614 00:52:06.839532    4176 cuda_vmm_allocator.cc:80] [1] VMM cuMemCreate with FABRIC+POSIX_FD handle types failed: INTERNAL: CUDA error: : CUDA_ERROR_NOT_PERMITTED: operation not permitted; will retry with simpler handle types.
W0614 00:52:06.839691    4176 cuda_vmm_allocator.cc:80] [1] VMM cuMemCreate with FABRIC+POSIX_FD handle types failed: INTERNAL: CUDA error: : CUDA_ERROR_NOT_PERMITTED: operation not permitted; will retry with simpler handle types.
W0614 00:52:06.839858    4176 cuda_vmm_allocator.cc:80] [1] VMM cuMemCreate with FABRIC+POSIX_FD handle types failed: INTERNAL: CUDA error: : CUDA_ERROR_NOT_PERMITTED: operation not permitted; will retry with simpler handle types.
W0614 00:52:06.840002    4176 cuda_vmm_allocator.cc:80] [1] VMM cuMemCreate with FABRIC+POSIX_FD handle types failed: INTERNAL: CUDA error: : CUDA_ERROR_NOT_PERMITTED: operation not permitted; will retry with simpler handle types.
W0614 00:52:06.840189    4176 cuda_vmm_allocator.cc:80] [1] VMM cuMemCreate with FABRIC+POSIX_FD handle types failed: INTERNAL: CUDA error: : CUDA_ERROR_NOT_PERMITTED: operation not permitted; will retry with simpler handle types.
W0614 00:52:06.840385    4176 cuda_vmm_allocator.cc:80] [1] VMM cuMemCreate with FABRIC+POSIX_FD handle types failed: INTERNAL: CUDA error: : CUDA_ERROR_NOT_PERMITTED: operation not permitted; will retry with simpler handle types.
W0614 00:52:06.840544    4176 cuda_vmm_allocator.cc:80] [1] VMM cuMemCreate with FABRIC+POSIX_FD handle types failed: INTERNAL: CUDA error: : CUDA_ERROR_NOT_PERMITTED: operation not permitted; will retry with simpler handle types.
W0614 00:52:06.840707    4176 cuda_vmm_allocator.cc:80] [1] VMM cuMemCreate with FABRIC+POSIX_FD handle types failed: INTERNAL: CUDA error: : CUDA_ERROR_NOT_PERMITTED: operation not permitted; will retry with simpler handle types.
W0614 00:52:06.840886    4176 cuda_vmm_allocator.cc:80] [1] VMM cuMemCreate with FABRIC+POSIX_FD handle types failed: INTERNAL: CUDA error: : CUDA_ERROR_NOT_PERMITTED: operation not permitted; will retry with simpler handle types.
W0614 00:52:06.841037    4176 cuda_vmm_allocator.cc:80] [1] VMM cuMemCreate with FABRIC+POSIX_FD handle types failed: INTERNAL: CUDA error: : CUDA_ERROR_NOT_PERMITTED: operation not permitted; will retry with simpler handle types.
W0614 00:52:06.841233    4176 cuda_vmm_allocator.cc:80] [1] VMM cuMemCreate with FABRIC+POSIX_FD handle types failed: INTERNAL: CUDA error: : CUDA_ERROR_NOT_PERMITTED: operation not permitted; will retry with simpler handle types.
W0614 00:52:06.841378    4176 cuda_vmm_allocator.cc:80] [1] VMM cuMemCreate with FABRIC+POSIX_FD handle types failed: INTERNAL: CUDA error: : CUDA_ERROR_NOT_PERMITTED: operation not permitted; will retry with simpler handle types.
W0614 00:52:06.841536    4176 cuda_vmm_allocator.cc:80] [1] VMM cuMemCreate with FABRIC+POSIX_FD handle types failed: INTERNAL: CUDA error: : CUDA_ERROR_NOT_PERMITTED: operation not permitted; will retry with simpler handle types.
W0614 00:52:06.841691    4176 cuda_vmm_allocator.cc:80] [1] VMM cuMemCreate with FABRIC+POSIX_FD handle types failed: INTERNAL: CUDA error: : CUDA_ERROR_NOT_PERMITTED: operation not permitted; will retry with simpler handle types.
W0614 00:52:06.841857    4176 cuda_vmm_allocator.cc:80] [1] VMM cuMemCreate with FABRIC+POSIX_FD handle types failed: INTERNAL: CUDA error: : CUDA_ERROR_NOT_PERMITTED: operation not permitted; will retry with simpler handle types.
W0614 00:52:06.842004    4176 cuda_vmm_allocator.cc:80] [1] VMM cuMemCreate with FABRIC+POSIX_FD handle types failed: INTERNAL: CUDA error: : CUDA_ERROR_NOT_PERMITTED: operation not permitted; will retry with simpler handle types.
W0614 00:52:06.842191    4176 cuda_vmm_allocator.cc:80] [1] VMM cuMemCreate with FABRIC+POSIX_FD handle types failed: INTERNAL: CUDA error: : CUDA_ERROR_NOT_PERMITTED: operation not permitted; will retry with simpler handle types.
W0614 00:52:06.842340    4176 cuda_vmm_allocator.cc:80] [1] VMM cuMemCreate with FABRIC+POSIX_FD handle types failed: INTERNAL: CUDA error: : CUDA_ERROR_NOT_PERMITTED: operation not permitted; will retry with simpler handle types.
W0614 00:52:06.842502    4176 cuda_vmm_allocator.cc:80] [1] VMM cuMemCreate with FABRIC+POSIX_FD handle types failed: INTERNAL: CUDA error: : CUDA_ERROR_NOT_PERMITTED: operation not permitted; will retry with simpler handle types.
W0614 00:52:06.842654    4176 cuda_vmm_allocator.cc:80] [1] VMM cuMemCreate with FABRIC+POSIX_FD handle types failed: INTERNAL: CUDA error: : CUDA_ERROR_NOT_PERMITTED: operation not permitted; will retry with simpler handle types.
W0614 00:52:06.842846    4176 cuda_vmm_allocator.cc:80] [1] VMM cuMemCreate with FABRIC+POSIX_FD handle types failed: INTERNAL: CUDA error: : CUDA_ERROR_NOT_PERMITTED: operation not permitted; will retry with simpler handle types.
W0614 00:52:06.843045    4176 cuda_vmm_allocator.cc:80] [1] VMM cuMemCreate with FABRIC+POSIX_FD handle types failed: INTERNAL: CUDA error: : CUDA_ERROR_NOT_PERMITTED: operation not permitted; will retry with simpler handle types.
W0614 00:52:06.843209    4176 cuda_vmm_allocator.cc:80] [1] VMM cuMemCreate with FABRIC+POSIX_FD handle types failed: INTERNAL: CUDA error: : CUDA_ERROR_NOT_PERMITTED: operation not permitted; will retry with simpler handle types.
W0614 00:52:06.843351    4176 cuda_vmm_allocator.cc:80] [1] VMM cuMemCreate with FABRIC+POSIX_FD handle types failed: INTERNAL: CUDA error: : CUDA_ERROR_NOT_PERMITTED: operation not permitted; will retry with simpler handle types.
W0614 00:52:06.843515    4176 cuda_vmm_allocator.cc:80] [1] VMM cuMemCreate with FABRIC+POSIX_FD handle types failed: INTERNAL: CUDA error: : CUDA_ERROR_NOT_PERMITTED: operation not permitted; will retry with simpler handle types.
W0614 00:52:06.843668    4176 cuda_vmm_allocator.cc:80] [1] VMM cuMemCreate with FABRIC+POSIX_FD handle types failed: INTERNAL: CUDA error: : CUDA_ERROR_NOT_PERMITTED: operation not permitted; will retry with simpler handle types.
W0614 00:52:06.843868    4176 cuda_vmm_allocator.cc:80] [1] VMM cuMemCreate with FABRIC+POSIX_FD handle types failed: INTERNAL: CUDA error: : CUDA_ERROR_NOT_PERMITTED: operation not permitted; will retry with simpler handle types.
W0614 00:52:06.844011    4176 cuda_vmm_allocator.cc:80] [1] VMM cuMemCreate with FABRIC+POSIX_FD handle types failed: INTERNAL: CUDA error: : CUDA_ERROR_NOT_PERMITTED: operation not permitted; will retry with simpler handle types.
W0614 00:52:06.844173    4176 cuda_vmm_allocator.cc:80] [1] VMM cuMemCreate with FABRIC+POSIX_FD handle types failed: INTERNAL: CUDA error: : CUDA_ERROR_NOT_PERMITTED: operation not permitted; will retry with simpler handle types.
W0614 00:52:06.844321    4176 cuda_vmm_allocator.cc:80] [1] VMM cuMemCreate with FABRIC+POSIX_FD handle types failed: INTERNAL: CUDA error: : CUDA_ERROR_NOT_PERMITTED: operation not permitted; will retry with simpler handle types.
W0614 00:52:06.844511    4176 cuda_vmm_allocator.cc:80] [1] VMM cuMemCreate with FABRIC+POSIX_FD handle types failed: INTERNAL: CUDA error: : CUDA_ERROR_NOT_PERMITTED: operation not permitted; will retry with simpler handle types.
W0614 00:52:06.844686    4176 cuda_vmm_allocator.cc:80] [1] VMM cuMemCreate with FABRIC+POSIX_FD handle types failed: INTERNAL: CUDA error: : CUDA_ERROR_NOT_PERMITTED: operation not permitted; will retry with simpler handle types.
W0614 00:52:06.844845    4176 cuda_vmm_allocator.cc:80] [1] VMM cuMemCreate with FABRIC+POSIX_FD handle types failed: INTERNAL: CUDA error: : CUDA_ERROR_NOT_PERMITTED: operation not permitted; will retry with simpler handle types.
W0614 00:52:06.844993    4176 cuda_vmm_allocator.cc:80] [1] VMM cuMemCreate with FABRIC+POSIX_FD handle types failed: INTERNAL: CUDA error: : CUDA_ERROR_NOT_PERMITTED: operation not permitted; will retry with simpler handle types.
W0614 00:52:06.845174    4176 cuda_vmm_allocator.cc:80] [1] VMM cuMemCreate with FABRIC+POSIX_FD handle types failed: INTERNAL: CUDA error: : CUDA_ERROR_NOT_PERMITTED: operation not permitted; will retry with simpler handle types.
W0614 00:52:06.845317    4176 cuda_vmm_allocator.cc:80] [1] VMM cuMemCreate with FABRIC+POSIX_FD handle types failed: INTERNAL: CUDA error: : CUDA_ERROR_NOT_PERMITTED: operation not permitted; will retry with simpler handle types.
W0614 00:52:06.845507    4176 cuda_vmm_allocator.cc:80] [1] VMM cuMemCreate with FABRIC+POSIX_FD handle types failed: INTERNAL: CUDA error: : CUDA_ERROR_NOT_PERMITTED: operation not permitted; will retry with simpler handle types.
W0614 00:52:06.845723    4176 cuda_vmm_allocator.cc:80] [1] VMM cuMemCreate with FABRIC+POSIX_FD handle types failed: INTERNAL: CUDA error: : CUDA_ERROR_NOT_PERMITTED: operation not permitted; will retry with simpler handle types.
W0614 00:52:06.845885    4176 cuda_vmm_allocator.cc:80] [1] VMM cuMemCreate with FABRIC+POSIX_FD handle types failed: INTERNAL: CUDA error: : CUDA_ERROR_NOT_PERMITTED: operation not permitted; will retry with simpler handle types.
W0614 00:52:06.846029    4176 cuda_vmm_allocator.cc:80] [1] VMM cuMemCreate with FABRIC+POSIX_FD handle types failed: INTERNAL: CUDA error: : CUDA_ERROR_NOT_PERMITTED: operation not permitted; will retry with simpler handle types.
W0614 00:52:06.846200    4176 cuda_vmm_allocator.cc:80] [1] VMM cuMemCreate with FABRIC+POSIX_FD handle types failed: INTERNAL: CUDA error: : CUDA_ERROR_NOT_PERMITTED: operation not permitted; will retry with simpler handle types.
W0614 00:52:06.846346    4176 cuda_vmm_allocator.cc:80] [1] VMM cuMemCreate with FABRIC+POSIX_FD handle types failed: INTERNAL: CUDA error: : CUDA_ERROR_NOT_PERMITTED: operation not permitted; will retry with simpler handle types.
W0614 00:52:06.846512    4176 cuda_vmm_allocator.cc:80] [1] VMM cuMemCreate with FABRIC+POSIX_FD handle types failed: INTERNAL: CUDA error: : CUDA_ERROR_NOT_PERMITTED: operation not permitted; will retry with simpler handle types.
W0614 00:52:06.846664    4176 cuda_vmm_allocator.cc:80] [1] VMM cuMemCreate with FABRIC+POSIX_FD handle types failed: INTERNAL: CUDA error: : CUDA_ERROR_NOT_PERMITTED: operation not permitted; will retry with simpler handle types.
W0614 00:52:06.846824    4176 cuda_vmm_allocator.cc:80] [1] VMM cuMemCreate with FABRIC+POSIX_FD handle types failed: INTERNAL: CUDA error: : CUDA_ERROR_NOT_PERMITTED: operation not permitted; will retry with simpler handle types.
W0614 00:52:06.846974    4176 cuda_vmm_allocator.cc:80] [1] VMM cuMemCreate with FABRIC+POSIX_FD handle types failed: INTERNAL: CUDA error: : CUDA_ERROR_NOT_PERMITTED: operation not permitted; will retry with simpler handle types.
W0614 00:52:06.847157    4176 cuda_vmm_allocator.cc:80] [1] VMM cuMemCreate with FABRIC+POSIX_FD handle types failed: INTERNAL: CUDA error: : CUDA_ERROR_NOT_PERMITTED: operation not permitted; will retry with simpler handle types.
W0614 00:52:06.847308    4176 cuda_vmm_allocator.cc:80] [1] VMM cuMemCreate with FABRIC+POSIX_FD handle types failed: INTERNAL: CUDA error: : CUDA_ERROR_NOT_PERMITTED: operation not permitted; will retry with simpler handle types.
{"event": "official_backend_hybrid_trainstep_call_returned", "loop_step": 0, "state_step": 1}
{"event": "official_backend_hybrid_step_complete", "logged_losses": [], "loop_step": 0, "state_step": 1, "sync_after_step": "state"}
{"event": "official_backend_hybrid_step_start", "loop_step": 1, "state_step": 2}
{"event": "official_backend_hybrid_batch_host_ready", "loop_step": 1, "state_step": 2}
{"event": "official_backend_hybrid_batch_device_put", "loop_step": 1, "state_step": 2}
{"event": "official_backend_hybrid_trainstep_call_start", "log_losses": false, "loop_step": 1, "state_step": 2, "sync_after_step": "state"}
{"event": "official_backend_hybrid_trainstep_call_returned", "loop_step": 1, "state_step": 2}
{"event": "official_backend_hybrid_step_complete", "logged_losses": [], "loop_step": 1, "state_step": 2, "sync_after_step": "state"}
{"event": "official_backend_hybrid_step_start", "loop_step": 2, "state_step": 3}
{"event": "official_backend_hybrid_batch_host_ready", "loop_step": 2, "state_step": 3}
{"event": "official_backend_hybrid_batch_device_put", "loop_step": 2, "state_step": 3}
{"event": "official_backend_hybrid_trainstep_call_start", "log_losses": false, "loop_step": 2, "state_step": 3, "sync_after_step": "state"}
{"event": "official_backend_hybrid_trainstep_call_returned", "loop_step": 2, "state_step": 3}
{"event": "official_backend_hybrid_step_complete", "logged_losses": [], "loop_step": 2, "state_step": 3, "sync_after_step": "state"}
{"event": "official_backend_hybrid_step_start", "loop_step": 3, "state_step": 4}
{"event": "official_backend_hybrid_batch_host_ready", "loop_step": 3, "state_step": 4}
{"event": "official_backend_hybrid_batch_device_put", "loop_step": 3, "state_step": 4}
{"event": "official_backend_hybrid_trainstep_call_start", "log_losses": false, "loop_step": 3, "state_step": 4, "sync_after_step": "state"}
{"event": "official_backend_hybrid_trainstep_call_returned", "loop_step": 3, "state_step": 4}
{"event": "official_backend_hybrid_step_complete", "logged_losses": [], "loop_step": 3, "state_step": 4, "sync_after_step": "state"}
{"event": "official_backend_hybrid_step_start", "loop_step": 4, "state_step": 5}
{"event": "official_backend_hybrid_batch_host_ready", "loop_step": 4, "state_step": 5}
{"event": "official_backend_hybrid_batch_device_put", "loop_step": 4, "state_step": 5}
{"event": "official_backend_hybrid_trainstep_call_start", "log_losses": false, "loop_step": 4, "state_step": 5, "sync_after_step": "state"}
{"event": "official_backend_hybrid_trainstep_call_returned", "loop_step": 4, "state_step": 5}
{"event": "official_backend_hybrid_step_complete", "logged_losses": [], "loop_step": 4, "state_step": 5, "sync_after_step": "state"}
{"event": "official_backend_hybrid_step_start", "loop_step": 5, "state_step": 6}
{"event": "official_backend_hybrid_batch_host_ready", "loop_step": 5, "state_step": 6}
{"event": "official_backend_hybrid_batch_device_put", "loop_step": 5, "state_step": 6}
{"event": "official_backend_hybrid_trainstep_call_start", "log_losses": false, "loop_step": 5, "state_step": 6, "sync_after_step": "state"}
{"event": "official_backend_hybrid_trainstep_call_returned", "loop_step": 5, "state_step": 6}
{"event": "official_backend_hybrid_step_complete", "logged_losses": [], "loop_step": 5, "state_step": 6, "sync_after_step": "state"}
{"event": "official_backend_hybrid_step_start", "loop_step": 6, "state_step": 7}
{"event": "official_backend_hybrid_batch_host_ready", "loop_step": 6, "state_step": 7}
{"event": "official_backend_hybrid_batch_device_put", "loop_step": 6, "state_step": 7}
{"event": "official_backend_hybrid_trainstep_call_start", "log_losses": false, "loop_step": 6, "state_step": 7, "sync_after_step": "state"}
{"event": "official_backend_hybrid_trainstep_call_returned", "loop_step": 6, "state_step": 7}
{"event": "official_backend_hybrid_step_complete", "logged_losses": [], "loop_step": 6, "state_step": 7, "sync_after_step": "state"}
{"event": "official_backend_hybrid_step_start", "loop_step": 7, "state_step": 8}
{"event": "official_backend_hybrid_batch_host_ready", "loop_step": 7, "state_step": 8}
{"event": "official_backend_hybrid_batch_device_put", "loop_step": 7, "state_step": 8}
{"event": "official_backend_hybrid_trainstep_call_start", "log_losses": false, "loop_step": 7, "state_step": 8, "sync_after_step": "state"}
{"event": "official_backend_hybrid_trainstep_call_returned", "loop_step": 7, "state_step": 8}
{"event": "official_backend_hybrid_step_complete", "logged_losses": [], "loop_step": 7, "state_step": 8, "sync_after_step": "state"}
{"event": "official_backend_hybrid_step_start", "loop_step": 8, "state_step": 9}
{"event": "official_backend_hybrid_batch_host_ready", "loop_step": 8, "state_step": 9}
{"event": "official_backend_hybrid_batch_device_put", "loop_step": 8, "state_step": 9}
{"event": "official_backend_hybrid_trainstep_call_start", "log_losses": false, "loop_step": 8, "state_step": 9, "sync_after_step": "state"}
{"event": "official_backend_hybrid_trainstep_call_returned", "loop_step": 8, "state_step": 9}
{"event": "official_backend_hybrid_step_complete", "logged_losses": [], "loop_step": 8, "state_step": 9, "sync_after_step": "state"}
{"event": "official_backend_hybrid_step_start", "loop_step": 9, "state_step": 10}
{"event": "official_backend_hybrid_batch_host_ready", "loop_step": 9, "state_step": 10}
{"event": "official_backend_hybrid_batch_device_put", "loop_step": 9, "state_step": 10}
{"event": "official_backend_hybrid_trainstep_call_start", "log_losses": false, "loop_step": 9, "state_step": 10, "sync_after_step": "state"}
{"event": "official_backend_hybrid_trainstep_call_returned", "loop_step": 9, "state_step": 10}
{"event": "official_backend_hybrid_step_complete", "logged_losses": [], "loop_step": 9, "state_step": 10, "sync_after_step": "state"}
{"event": "official_backend_hybrid_train_complete", "num_steps": 10, "state_step": 10, "workdir": "/home/ubuntu/diffusion_gemma_compare/qlora_remat_moe_chunk16_10step_retry_20260614/workdir"}
{"event": "official_backend_train_complete", "recipe": "pubmedqa", "workdir": "/home/ubuntu/diffusion_gemma_compare/qlora_remat_moe_chunk16_10step_retry_20260614/workdir", "num_train_steps": 2000, "run_steps": 10, "lora_backend": "official_qlora", "official_qlora_quantize_moe_weights": true, "official_qlora_einsum_output_chunk_size": 16, "official_qlora_ragged_output_chunk_size": 16, "official_remat_blocks": true, "stop_gradient_from_denoiser_to_encoder": true, "lora_alpha": null, "skip_step_metrics": false, "log_losses": false, "sync_after_step": "state", "train_loop": "hybrid", "log_param_summary": false, "encoder_loss_token_chunk_size": 128, "encoder_loss_vocab_chunk_size": 8192}
