timestamp,index,name,memory_used_mib,memory_free_mib,utilization_gpu_percent,power_draw_w
2026/06/12 12:02:34.172, 0, NVIDIA H100 80GB HBM3, 0, 81079, 0, 123.30
2026/06/12 12:02:34.175, 1, NVIDIA H100 80GB HBM3, 0, 81079, 3, 121.03
2026/06/12 12:02:44.205, 0, NVIDIA H100 80GB HBM3, 61371, 19709, 0, 116.99
2026/06/12 12:02:44.208, 1, NVIDIA H100 80GB HBM3, 537, 80543, 0, 114.88
2026/06/12 12:02:54.236, 0, NVIDIA H100 80GB HBM3, 61371, 19709, 0, 117.23
2026/06/12 12:02:54.239, 1, NVIDIA H100 80GB HBM3, 537, 80543, 0, 115.05
2026/06/12 12:03:04.268, 0, NVIDIA H100 80GB HBM3, 61371, 19709, 0, 117.32
2026/06/12 12:03:04.271, 1, NVIDIA H100 80GB HBM3, 537, 80543, 0, 115.17
2026/06/12 12:03:14.299, 0, NVIDIA H100 80GB HBM3, 61371, 19709, 0, 117.51
2026/06/12 12:03:14.307, 1, NVIDIA H100 80GB HBM3, 537, 80543, 0, 115.19
2026/06/12 12:03:24.336, 0, NVIDIA H100 80GB HBM3, 61371, 19709, 0, 117.56
2026/06/12 12:03:24.341, 1, NVIDIA H100 80GB HBM3, 537, 80543, 0, 115.28
2026/06/12 12:03:34.369, 0, NVIDIA H100 80GB HBM3, 61371, 19709, 0, 117.68
2026/06/12 12:03:34.372, 1, NVIDIA H100 80GB HBM3, 537, 80543, 0, 115.36
2026/06/12 12:03:44.400, 0, NVIDIA H100 80GB HBM3, 61371, 19709, 0, 117.79
2026/06/12 12:03:44.406, 1, NVIDIA H100 80GB HBM3, 537, 80543, 0, 115.31
2026/06/12 12:03:54.434, 0, NVIDIA H100 80GB HBM3, 61371, 19709, 0, 117.79
2026/06/12 12:03:54.437, 1, NVIDIA H100 80GB HBM3, 537, 80543, 0, 115.38
2026/06/12 12:04:04.466, 0, NVIDIA H100 80GB HBM3, 61371, 19709, 0, 117.90
2026/06/12 12:04:04.469, 1, NVIDIA H100 80GB HBM3, 537, 80543, 0, 115.47
2026/06/12 12:04:14.497, 0, NVIDIA H100 80GB HBM3, 61371, 19709, 0, 117.93
2026/06/12 12:04:14.500, 1, NVIDIA H100 80GB HBM3, 537, 80543, 0, 115.53
2026/06/12 12:04:24.528, 0, NVIDIA H100 80GB HBM3, 61371, 19709, 0, 117.97
2026/06/12 12:04:24.532, 1, NVIDIA H100 80GB HBM3, 537, 80543, 0, 115.45
2026/06/12 12:04:34.562, 0, NVIDIA H100 80GB HBM3, 61371, 19709, 0, 118.05
2026/06/12 12:04:34.564, 1, NVIDIA H100 80GB HBM3, 537, 80543, 0, 115.44
2026/06/12 12:04:44.595, 0, NVIDIA H100 80GB HBM3, 61381, 19699, 0, 119.90
2026/06/12 12:04:44.605, 1, NVIDIA H100 80GB HBM3, 61359, 19721, 0, 117.25
2026/06/12 12:04:54.669, 0, NVIDIA H100 80GB HBM3, 61381, 19699, 0, 119.93
2026/06/12 12:04:54.672, 1, NVIDIA H100 80GB HBM3, 61359, 19721, 0, 115.63
2026/06/12 12:05:04.714, 0, NVIDIA H100 80GB HBM3, 61385, 19695, 0, 119.99
2026/06/12 12:05:04.717, 1, NVIDIA H100 80GB HBM3, 61363, 19717, 0, 115.74
2026/06/12 12:05:14.746, 0, NVIDIA H100 80GB HBM3, 61385, 19695, 0, 120.06
2026/06/12 12:05:14.748, 1, NVIDIA H100 80GB HBM3, 61363, 19717, 0, 115.55
2026/06/12 12:05:24.780, 0, NVIDIA H100 80GB HBM3, 61385, 19695, 0, 119.90
2026/06/12 12:05:24.783, 1, NVIDIA H100 80GB HBM3, 61363, 19717, 0, 115.50
2026/06/12 12:05:34.812, 0, NVIDIA H100 80GB HBM3, 61385, 19695, 0, 119.96
2026/06/12 12:05:34.816, 1, NVIDIA H100 80GB HBM3, 61363, 19717, 0, 115.63
2026/06/12 12:05:44.846, 0, NVIDIA H100 80GB HBM3, 61385, 19695, 0, 120.02
2026/06/12 12:05:44.848, 1, NVIDIA H100 80GB HBM3, 61363, 19717, 0, 115.61
2026/06/12 12:05:54.878, 0, NVIDIA H100 80GB HBM3, 61385, 19695, 0, 120.05
2026/06/12 12:05:54.881, 1, NVIDIA H100 80GB HBM3, 61363, 19717, 0, 115.66
2026/06/12 12:06:04.912, 0, NVIDIA H100 80GB HBM3, 61385, 19695, 0, 120.06
2026/06/12 12:06:04.915, 1, NVIDIA H100 80GB HBM3, 61363, 19717, 0, 115.64
2026/06/12 12:06:14.946, 0, NVIDIA H100 80GB HBM3, 61385, 19695, 0, 119.58
2026/06/12 12:06:14.949, 1, NVIDIA H100 80GB HBM3, 61363, 19717, 0, 115.61
2026/06/12 12:06:24.980, 0, NVIDIA H100 80GB HBM3, 61385, 19695, 0, 119.57
2026/06/12 12:06:24.983, 1, NVIDIA H100 80GB HBM3, 61363, 19717, 0, 115.66
2026/06/12 12:06:35.013, 0, NVIDIA H100 80GB HBM3, 61385, 19695, 0, 119.62
2026/06/12 12:06:35.016, 1, NVIDIA H100 80GB HBM3, 61363, 19717, 0, 115.64
2026/06/12 12:06:45.048, 0, NVIDIA H100 80GB HBM3, 61457, 19623, 83, 605.72
2026/06/12 12:06:45.052, 1, NVIDIA H100 80GB HBM3, 61363, 19717, 0, 115.61
2026/06/12 12:06:55.083, 0, NVIDIA H100 80GB HBM3, 61457, 19623, 100, 684.70
2026/06/12 12:06:55.088, 1, NVIDIA H100 80GB HBM3, 61363, 19717, 0, 115.70
2026/06/12 12:07:05.119, 0, NVIDIA H100 80GB HBM3, 61459, 19621, 0, 122.12
2026/06/12 12:07:05.122, 1, NVIDIA H100 80GB HBM3, 61363, 19717, 0, 115.44
2026/06/12 12:07:15.152, 0, NVIDIA H100 80GB HBM3, 61459, 19621, 0, 120.61
2026/06/12 12:07:15.155, 1, NVIDIA H100 80GB HBM3, 61363, 19717, 0, 115.38
2026/06/12 12:07:25.186, 0, NVIDIA H100 80GB HBM3, 61459, 19621, 0, 120.17
2026/06/12 12:07:25.188, 1, NVIDIA H100 80GB HBM3, 61363, 19717, 0, 115.33
2026/06/12 12:07:35.218, 0, NVIDIA H100 80GB HBM3, 61459, 19621, 0, 119.79
2026/06/12 12:07:35.221, 1, NVIDIA H100 80GB HBM3, 61363, 19717, 0, 115.46
2026/06/12 12:07:45.261, 0, NVIDIA H100 80GB HBM3, 61459, 19621, 0, 119.63
2026/06/12 12:07:45.263, 1, NVIDIA H100 80GB HBM3, 61363, 19717, 0, 115.50
2026/06/12 12:07:55.293, 0, NVIDIA H100 80GB HBM3, 61459, 19621, 0, 119.52
2026/06/12 12:07:55.303, 1, NVIDIA H100 80GB HBM3, 61363, 19717, 0, 115.54
2026/06/12 12:08:05.333, 0, NVIDIA H100 80GB HBM3, 61459, 19621, 0, 119.39
2026/06/12 12:08:05.336, 1, NVIDIA H100 80GB HBM3, 61363, 19717, 0, 115.59
2026/06/12 12:08:15.365, 0, NVIDIA H100 80GB HBM3, 61459, 19621, 0, 119.32
2026/06/12 12:08:15.368, 1, NVIDIA H100 80GB HBM3, 61363, 19717, 0, 115.53
2026/06/12 12:08:25.398, 0, NVIDIA H100 80GB HBM3, 61459, 19621, 0, 119.16
2026/06/12 12:08:25.400, 1, NVIDIA H100 80GB HBM3, 61363, 19717, 0, 115.44
2026/06/12 12:08:35.430, 0, NVIDIA H100 80GB HBM3, 61459, 19621, 0, 118.75
2026/06/12 12:08:35.434, 1, NVIDIA H100 80GB HBM3, 61363, 19717, 0, 115.18
2026/06/12 12:08:45.463, 0, NVIDIA H100 80GB HBM3, 61459, 19621, 0, 118.14
2026/06/12 12:08:45.466, 1, NVIDIA H100 80GB HBM3, 61363, 19717, 0, 114.86
2026/06/12 12:08:55.495, 0, NVIDIA H100 80GB HBM3, 61459, 19621, 0, 117.77
2026/06/12 12:08:55.504, 1, NVIDIA H100 80GB HBM3, 61363, 19717, 0, 114.66
2026/06/12 12:09:05.534, 0, NVIDIA H100 80GB HBM3, 61459, 19621, 0, 117.30
2026/06/12 12:09:05.537, 1, NVIDIA H100 80GB HBM3, 61363, 19717, 0, 114.39
2026/06/12 12:09:15.567, 0, NVIDIA H100 80GB HBM3, 61459, 19621, 0, 116.94
2026/06/12 12:09:15.571, 1, NVIDIA H100 80GB HBM3, 61363, 19717, 0, 114.26
2026/06/12 12:09:25.603, 0, NVIDIA H100 80GB HBM3, 61459, 19621, 0, 116.21
2026/06/12 12:09:25.606, 1, NVIDIA H100 80GB HBM3, 61363, 19717, 0, 114.15
2026/06/12 12:09:35.638, 0, NVIDIA H100 80GB HBM3, 65661, 15419, 100, 685.22
2026/06/12 12:09:35.647, 1, NVIDIA H100 80GB HBM3, 65629, 15451, 100, 665.07
2026/06/12 12:09:45.685, 0, NVIDIA H100 80GB HBM3, 65661, 15419, 100, 680.30
2026/06/12 12:09:45.693, 1, NVIDIA H100 80GB HBM3, 65629, 15451, 100, 665.45
2026/06/12 12:09:55.730, 0, NVIDIA H100 80GB HBM3, 65661, 15419, 65, 675.84
2026/06/12 12:09:55.737, 1, NVIDIA H100 80GB HBM3, 65629, 15451, 83, 660.24
2026/06/12 12:10:05.775, 0, NVIDIA H100 80GB HBM3, 65661, 15419, 100, 691.60
2026/06/12 12:10:05.781, 1, NVIDIA H100 80GB HBM3, 65629, 15451, 100, 677.81
2026/06/12 12:10:15.819, 0, NVIDIA H100 80GB HBM3, 65661, 15419, 100, 695.97
2026/06/12 12:10:15.827, 1, NVIDIA H100 80GB HBM3, 65629, 15451, 100, 683.53
2026/06/12 12:10:25.865, 0, NVIDIA H100 80GB HBM3, 65661, 15419, 100, 689.96
2026/06/12 12:10:25.872, 1, NVIDIA H100 80GB HBM3, 65629, 15451, 100, 681.77
2026/06/12 12:10:35.911, 0, NVIDIA H100 80GB HBM3, 65661, 15419, 100, 684.41
2026/06/12 12:10:35.920, 1, NVIDIA H100 80GB HBM3, 65629, 15451, 100, 672.92
2026/06/12 12:10:45.957, 0, NVIDIA H100 80GB HBM3, 65661, 15419, 100, 688.48
2026/06/12 12:10:45.965, 1, NVIDIA H100 80GB HBM3, 65629, 15451, 100, 663.10
2026/06/12 12:10:56.003, 0, NVIDIA H100 80GB HBM3, 65661, 15419, 100, 682.39
2026/06/12 12:10:56.012, 1, NVIDIA H100 80GB HBM3, 65629, 15451, 100, 679.71
2026/06/12 12:11:06.050, 0, NVIDIA H100 80GB HBM3, 65661, 15419, 100, 686.54
2026/06/12 12:11:06.059, 1, NVIDIA H100 80GB HBM3, 65629, 15451, 100, 664.09
2026/06/12 12:11:16.095, 0, NVIDIA H100 80GB HBM3, 65661, 15419, 100, 690.08
2026/06/12 12:11:16.102, 1, NVIDIA H100 80GB HBM3, 65629, 15451, 100, 672.92
2026/06/12 12:11:26.139, 0, NVIDIA H100 80GB HBM3, 65661, 15419, 100, 676.64
2026/06/12 12:11:26.147, 1, NVIDIA H100 80GB HBM3, 65629, 15451, 100, 674.42
2026/06/12 12:11:36.184, 0, NVIDIA H100 80GB HBM3, 65661, 15419, 100, 683.12
2026/06/12 12:11:36.191, 1, NVIDIA H100 80GB HBM3, 65629, 15451, 100, 671.48
2026/06/12 12:11:46.229, 0, NVIDIA H100 80GB HBM3, 65661, 15419, 100, 672.59
2026/06/12 12:11:46.239, 1, NVIDIA H100 80GB HBM3, 65629, 15451, 66, 669.61
2026/06/12 12:11:56.276, 0, NVIDIA H100 80GB HBM3, 65661, 15419, 100, 698.05
2026/06/12 12:11:56.284, 1, NVIDIA H100 80GB HBM3, 65629, 15451, 100, 681.19
2026/06/12 12:12:06.322, 0, NVIDIA H100 80GB HBM3, 65661, 15419, 100, 699.09
2026/06/12 12:12:06.330, 1, NVIDIA H100 80GB HBM3, 65629, 15451, 100, 681.65
2026/06/12 12:12:16.366, 0, NVIDIA H100 80GB HBM3, 65661, 15419, 100, 676.21
2026/06/12 12:12:16.375, 1, NVIDIA H100 80GB HBM3, 65629, 15451, 100, 666.08
2026/06/12 12:12:26.412, 0, NVIDIA H100 80GB HBM3, 65661, 15419, 100, 679.05
2026/06/12 12:12:26.420, 1, NVIDIA H100 80GB HBM3, 65629, 15451, 100, 670.78
2026/06/12 12:12:36.457, 0, NVIDIA H100 80GB HBM3, 65661, 15419, 100, 683.64
2026/06/12 12:12:36.465, 1, NVIDIA H100 80GB HBM3, 65629, 15451, 100, 664.68
2026/06/12 12:12:46.504, 0, NVIDIA H100 80GB HBM3, 65661, 15419, 100, 689.82
2026/06/12 12:12:46.513, 1, NVIDIA H100 80GB HBM3, 65629, 15451, 100, 677.08
2026/06/12 12:12:56.548, 0, NVIDIA H100 80GB HBM3, 65661, 15419, 100, 688.69
2026/06/12 12:12:56.557, 1, NVIDIA H100 80GB HBM3, 65629, 15451, 100, 669.50
2026/06/12 12:13:06.595, 0, NVIDIA H100 80GB HBM3, 65661, 15419, 100, 684.84
2026/06/12 12:13:06.607, 1, NVIDIA H100 80GB HBM3, 65629, 15451, 100, 684.34
2026/06/12 12:13:16.645, 0, NVIDIA H100 80GB HBM3, 65661, 15419, 100, 680.58
2026/06/12 12:13:16.653, 1, NVIDIA H100 80GB HBM3, 65629, 15451, 100, 666.16
2026/06/12 12:13:26.690, 0, NVIDIA H100 80GB HBM3, 65661, 15419, 100, 686.26
2026/06/12 12:13:26.708, 1, NVIDIA H100 80GB HBM3, 65629, 15451, 100, 680.00
2026/06/12 12:13:36.745, 0, NVIDIA H100 80GB HBM3, 65661, 15419, 100, 686.12
2026/06/12 12:13:36.752, 1, NVIDIA H100 80GB HBM3, 65629, 15451, 92, 676.94
2026/06/12 12:13:46.788, 0, NVIDIA H100 80GB HBM3, 65661, 15419, 100, 687.68
2026/06/12 12:13:46.796, 1, NVIDIA H100 80GB HBM3, 65629, 15451, 100, 680.61
2026/06/12 12:13:56.835, 0, NVIDIA H100 80GB HBM3, 65661, 15419, 100, 690.51
2026/06/12 12:13:56.842, 1, NVIDIA H100 80GB HBM3, 65629, 15451, 100, 677.92
2026/06/12 12:14:06.880, 0, NVIDIA H100 80GB HBM3, 65661, 15419, 100, 684.62
2026/06/12 12:14:06.888, 1, NVIDIA H100 80GB HBM3, 65629, 15451, 100, 672.21
2026/06/12 12:14:16.926, 0, NVIDIA H100 80GB HBM3, 65661, 15419, 100, 688.05
2026/06/12 12:14:16.934, 1, NVIDIA H100 80GB HBM3, 65629, 15451, 100, 681.62
2026/06/12 12:14:26.973, 0, NVIDIA H100 80GB HBM3, 65661, 15419, 100, 687.75
2026/06/12 12:14:26.980, 1, NVIDIA H100 80GB HBM3, 65629, 15451, 100, 667.21
2026/06/12 12:14:37.018, 0, NVIDIA H100 80GB HBM3, 65661, 15419, 100, 688.12
2026/06/12 12:14:37.026, 1, NVIDIA H100 80GB HBM3, 65629, 15451, 100, 682.84
2026/06/12 12:14:47.063, 0, NVIDIA H100 80GB HBM3, 65661, 15419, 100, 679.15
2026/06/12 12:14:47.068, 1, NVIDIA H100 80GB HBM3, 65629, 15451, 100, 666.71
2026/06/12 12:14:57.104, 0, NVIDIA H100 80GB HBM3, 65661, 15419, 100, 685.67
2026/06/12 12:14:57.110, 1, NVIDIA H100 80GB HBM3, 65629, 15451, 100, 675.08
2026/06/12 12:15:07.145, 0, NVIDIA H100 80GB HBM3, 65661, 15419, 93, 678.34
2026/06/12 12:15:07.150, 1, NVIDIA H100 80GB HBM3, 65629, 15451, 84, 661.37
2026/06/12 12:15:17.186, 0, NVIDIA H100 80GB HBM3, 65661, 15419, 100, 691.11
2026/06/12 12:15:17.192, 1, NVIDIA H100 80GB HBM3, 65629, 15451, 100, 681.42
2026/06/12 12:15:27.226, 0, NVIDIA H100 80GB HBM3, 65661, 15419, 100, 695.26
2026/06/12 12:15:27.232, 1, NVIDIA H100 80GB HBM3, 65629, 15451, 100, 685.32
2026/06/12 12:15:37.270, 0, NVIDIA H100 80GB HBM3, 65661, 15419, 100, 682.78
2026/06/12 12:15:37.276, 1, NVIDIA H100 80GB HBM3, 65629, 15451, 100, 665.39
2026/06/12 12:15:47.310, 0, NVIDIA H100 80GB HBM3, 65661, 15419, 100, 692.90
2026/06/12 12:15:47.316, 1, NVIDIA H100 80GB HBM3, 65629, 15451, 100, 668.74
2026/06/12 12:15:57.351, 0, NVIDIA H100 80GB HBM3, 65661, 15419, 100, 680.19
2026/06/12 12:15:57.358, 1, NVIDIA H100 80GB HBM3, 65629, 15451, 100, 669.40
2026/06/12 12:16:07.395, 0, NVIDIA H100 80GB HBM3, 65661, 15419, 100, 689.18
2026/06/12 12:16:07.400, 1, NVIDIA H100 80GB HBM3, 65629, 15451, 100, 678.60
2026/06/12 12:16:17.433, 0, NVIDIA H100 80GB HBM3, 65661, 15419, 100, 683.10
2026/06/12 12:16:17.441, 1, NVIDIA H100 80GB HBM3, 65629, 15451, 100, 673.11
2026/06/12 12:16:27.477, 0, NVIDIA H100 80GB HBM3, 65661, 15419, 100, 689.67
2026/06/12 12:16:27.482, 1, NVIDIA H100 80GB HBM3, 65629, 15451, 100, 671.25
2026/06/12 12:16:37.516, 0, NVIDIA H100 80GB HBM3, 65661, 15419, 100, 692.11
2026/06/12 12:16:37.523, 1, NVIDIA H100 80GB HBM3, 65629, 15451, 100, 673.38
2026/06/12 12:16:47.565, 0, NVIDIA H100 80GB HBM3, 65661, 15419, 100, 682.71
2026/06/12 12:16:47.571, 1, NVIDIA H100 80GB HBM3, 65629, 15451, 100, 665.39
2026/06/12 12:16:57.606, 0, NVIDIA H100 80GB HBM3, 65661, 15419, 100, 692.51
2026/06/12 12:16:57.613, 1, NVIDIA H100 80GB HBM3, 65629, 15451, 100, 677.11
2026/06/12 12:17:07.652, 0, NVIDIA H100 80GB HBM3, 65661, 15419, 100, 676.26
2026/06/12 12:17:07.659, 1, NVIDIA H100 80GB HBM3, 65629, 15451, 100, 672.51
2026/06/12 12:17:17.696, 0, NVIDIA H100 80GB HBM3, 65661, 15419, 100, 693.09
2026/06/12 12:17:17.706, 1, NVIDIA H100 80GB HBM3, 65629, 15451, 100, 668.25
2026/06/12 12:17:27.744, 0, NVIDIA H100 80GB HBM3, 65661, 15419, 70, 679.16
2026/06/12 12:17:27.749, 1, NVIDIA H100 80GB HBM3, 65629, 15451, 69, 668.24
2026/06/12 12:17:37.783, 0, NVIDIA H100 80GB HBM3, 65661, 15419, 100, 693.64
2026/06/12 12:17:37.789, 1, NVIDIA H100 80GB HBM3, 65629, 15451, 100, 674.65
2026/06/12 12:17:47.826, 0, NVIDIA H100 80GB HBM3, 65661, 15419, 100, 697.30
2026/06/12 12:17:47.834, 1, NVIDIA H100 80GB HBM3, 65629, 15451, 100, 685.92
2026/06/12 12:17:57.870, 0, NVIDIA H100 80GB HBM3, 65661, 15419, 100, 685.31
2026/06/12 12:17:57.878, 1, NVIDIA H100 80GB HBM3, 65629, 15451, 100, 671.53
2026/06/12 12:18:07.918, 0, NVIDIA H100 80GB HBM3, 65661, 15419, 100, 684.81
2026/06/12 12:18:07.925, 1, NVIDIA H100 80GB HBM3, 65629, 15451, 100, 676.60
2026/06/12 12:18:17.961, 0, NVIDIA H100 80GB HBM3, 65661, 15419, 100, 682.49
2026/06/12 12:18:17.969, 1, NVIDIA H100 80GB HBM3, 65629, 15451, 100, 666.37
2026/06/12 12:18:28.007, 0, NVIDIA H100 80GB HBM3, 65661, 15419, 100, 683.57
2026/06/12 12:18:28.015, 1, NVIDIA H100 80GB HBM3, 65629, 15451, 100, 677.17
2026/06/12 12:18:38.051, 0, NVIDIA H100 80GB HBM3, 65661, 15419, 100, 684.17
2026/06/12 12:18:38.058, 1, NVIDIA H100 80GB HBM3, 65629, 15451, 100, 665.22
2026/06/12 12:18:48.097, 0, NVIDIA H100 80GB HBM3, 65661, 15419, 100, 685.83
2026/06/12 12:18:48.111, 1, NVIDIA H100 80GB HBM3, 65629, 15451, 100, 679.84
2026/06/12 12:18:58.147, 0, NVIDIA H100 80GB HBM3, 65661, 15419, 100, 682.82
2026/06/12 12:18:58.154, 1, NVIDIA H100 80GB HBM3, 65629, 15451, 100, 668.22
2026/06/12 12:19:08.194, 0, NVIDIA H100 80GB HBM3, 65661, 15419, 100, 691.31
2026/06/12 12:19:08.208, 1, NVIDIA H100 80GB HBM3, 65629, 15451, 100, 678.08
2026/06/12 12:19:18.245, 0, NVIDIA H100 80GB HBM3, 65661, 15419, 73, 684.31
2026/06/12 12:19:18.251, 1, NVIDIA H100 80GB HBM3, 65629, 15451, 85, 666.40
2026/06/12 12:19:28.290, 0, NVIDIA H100 80GB HBM3, 65661, 15419, 100, 690.18
2026/06/12 12:19:28.310, 1, NVIDIA H100 80GB HBM3, 65629, 15451, 100, 676.41
2026/06/12 12:19:38.348, 0, NVIDIA H100 80GB HBM3, 65661, 15419, 100, 695.42
2026/06/12 12:19:38.356, 1, NVIDIA H100 80GB HBM3, 65629, 15451, 100, 682.49
2026/06/12 12:19:48.394, 0, NVIDIA H100 80GB HBM3, 65661, 15419, 100, 685.24
2026/06/12 12:19:48.400, 1, NVIDIA H100 80GB HBM3, 65629, 15451, 100, 670.17
2026/06/12 12:19:58.436, 0, NVIDIA H100 80GB HBM3, 65661, 15419, 100, 692.54
2026/06/12 12:19:58.444, 1, NVIDIA H100 80GB HBM3, 65629, 15451, 100, 672.37
2026/06/12 12:20:08.484, 0, NVIDIA H100 80GB HBM3, 65661, 15419, 100, 689.80
2026/06/12 12:20:08.491, 1, NVIDIA H100 80GB HBM3, 65629, 15451, 100, 664.97
2026/06/12 12:20:18.528, 0, NVIDIA H100 80GB HBM3, 65661, 15419, 100, 690.18
2026/06/12 12:20:18.536, 1, NVIDIA H100 80GB HBM3, 65629, 15451, 100, 677.64
2026/06/12 12:20:28.575, 0, NVIDIA H100 80GB HBM3, 65661, 15419, 100, 688.15
2026/06/12 12:20:28.582, 1, NVIDIA H100 80GB HBM3, 65629, 15451, 100, 670.90
2026/06/12 12:20:38.620, 0, NVIDIA H100 80GB HBM3, 65661, 15419, 100, 681.40
2026/06/12 12:20:38.627, 1, NVIDIA H100 80GB HBM3, 65629, 15451, 100, 677.94
2026/06/12 12:20:48.669, 0, NVIDIA H100 80GB HBM3, 65661, 15419, 100, 683.90
2026/06/12 12:20:48.677, 1, NVIDIA H100 80GB HBM3, 65629, 15451, 100, 666.15
2026/06/12 12:20:58.714, 0, NVIDIA H100 80GB HBM3, 65661, 15419, 100, 686.02
2026/06/12 12:20:58.722, 1, NVIDIA H100 80GB HBM3, 65629, 15451, 100, 675.74
2026/06/12 12:21:08.760, 0, NVIDIA H100 80GB HBM3, 65661, 15419, 83, 681.61
2026/06/12 12:21:08.769, 1, NVIDIA H100 80GB HBM3, 65629, 15451, 83, 666.40
2026/06/12 12:21:18.806, 0, NVIDIA H100 80GB HBM3, 65661, 15419, 100, 686.65
2026/06/12 12:21:18.813, 1, NVIDIA H100 80GB HBM3, 65629, 15451, 100, 681.37
2026/06/12 12:21:28.849, 0, NVIDIA H100 80GB HBM3, 65661, 15419, 100, 697.73
2026/06/12 12:21:28.857, 1, NVIDIA H100 80GB HBM3, 65629, 15451, 100, 679.77
2026/06/12 12:21:38.894, 0, NVIDIA H100 80GB HBM3, 65661, 15419, 100, 685.50
2026/06/12 12:21:38.901, 1, NVIDIA H100 80GB HBM3, 65629, 15451, 100, 672.41
2026/06/12 12:21:48.937, 0, NVIDIA H100 80GB HBM3, 65661, 15419, 100, 689.27
2026/06/12 12:21:48.944, 1, NVIDIA H100 80GB HBM3, 65629, 15451, 100, 678.28
2026/06/12 12:21:58.982, 0, NVIDIA H100 80GB HBM3, 65661, 15419, 100, 686.29
2026/06/12 12:21:58.989, 1, NVIDIA H100 80GB HBM3, 65629, 15451, 100, 670.34
2026/06/12 12:22:09.027, 0, NVIDIA H100 80GB HBM3, 65661, 15419, 100, 687.03
2026/06/12 12:22:09.034, 1, NVIDIA H100 80GB HBM3, 65629, 15451, 100, 676.38
2026/06/12 12:22:19.073, 0, NVIDIA H100 80GB HBM3, 65661, 15419, 100, 685.90
2026/06/12 12:22:19.080, 1, NVIDIA H100 80GB HBM3, 65629, 15451, 100, 669.63
2026/06/12 12:22:29.118, 0, NVIDIA H100 80GB HBM3, 65661, 15419, 100, 681.45
2026/06/12 12:22:29.126, 1, NVIDIA H100 80GB HBM3, 65629, 15451, 100, 675.38
2026/06/12 12:22:39.174, 0, NVIDIA H100 80GB HBM3, 65661, 15419, 100, 682.52
2026/06/12 12:22:39.181, 1, NVIDIA H100 80GB HBM3, 65629, 15451, 100, 668.99
2026/06/12 12:22:49.216, 0, NVIDIA H100 80GB HBM3, 65661, 15419, 100, 689.42
2026/06/12 12:22:49.223, 1, NVIDIA H100 80GB HBM3, 65629, 15451, 100, 675.52
2026/06/12 12:22:59.269, 0, NVIDIA H100 80GB HBM3, 65661, 15419, 84, 675.51
2026/06/12 12:22:59.276, 1, NVIDIA H100 80GB HBM3, 65629, 15451, 63, 665.20
2026/06/12 12:23:09.313, 0, NVIDIA H100 80GB HBM3, 65661, 15419, 100, 691.60
2026/06/12 12:23:09.320, 1, NVIDIA H100 80GB HBM3, 65629, 15451, 100, 684.45
2026/06/12 12:23:19.369, 0, NVIDIA H100 80GB HBM3, 65661, 15419, 100, 685.94
2026/06/12 12:23:19.376, 1, NVIDIA H100 80GB HBM3, 65629, 15451, 100, 680.68
2026/06/12 12:23:29.413, 0, NVIDIA H100 80GB HBM3, 65661, 15419, 100, 690.99
2026/06/12 12:23:29.420, 1, NVIDIA H100 80GB HBM3, 65629, 15451, 100, 683.97
2026/06/12 12:23:39.456, 0, NVIDIA H100 80GB HBM3, 65661, 15419, 100, 680.00
2026/06/12 12:23:39.463, 1, NVIDIA H100 80GB HBM3, 65629, 15451, 100, 674.91
2026/06/12 12:23:49.502, 0, NVIDIA H100 80GB HBM3, 65661, 15419, 100, 695.80
2026/06/12 12:23:49.509, 1, NVIDIA H100 80GB HBM3, 65629, 15451, 100, 674.48
2026/06/12 12:23:59.548, 0, NVIDIA H100 80GB HBM3, 65661, 15419, 100, 686.46
2026/06/12 12:23:59.555, 1, NVIDIA H100 80GB HBM3, 65629, 15451, 100, 670.11
2026/06/12 12:24:09.593, 0, NVIDIA H100 80GB HBM3, 65661, 15419, 100, 686.62
2026/06/12 12:24:09.600, 1, NVIDIA H100 80GB HBM3, 65629, 15451, 100, 676.45
2026/06/12 12:24:19.638, 0, NVIDIA H100 80GB HBM3, 65661, 15419, 100, 686.70
2026/06/12 12:24:19.645, 1, NVIDIA H100 80GB HBM3, 65629, 15451, 100, 673.04
2026/06/12 12:24:29.683, 0, NVIDIA H100 80GB HBM3, 65661, 15419, 100, 690.17
2026/06/12 12:24:29.691, 1, NVIDIA H100 80GB HBM3, 65629, 15451, 100, 681.83
2026/06/12 12:24:39.730, 0, NVIDIA H100 80GB HBM3, 65661, 15419, 100, 678.32
2026/06/12 12:24:39.737, 1, NVIDIA H100 80GB HBM3, 65629, 15451, 100, 662.81
2026/06/12 12:24:49.776, 0, NVIDIA H100 80GB HBM3, 65661, 15419, 100, 682.33
2026/06/12 12:24:49.783, 1, NVIDIA H100 80GB HBM3, 65629, 15451, 100, 679.34
2026/06/12 12:24:59.821, 0, NVIDIA H100 80GB HBM3, 65661, 15419, 63, 678.13
2026/06/12 12:24:59.828, 1, NVIDIA H100 80GB HBM3, 65629, 15451, 93, 663.88
2026/06/12 12:25:09.869, 0, NVIDIA H100 80GB HBM3, 65661, 15419, 100, 694.08
2026/06/12 12:25:09.878, 1, NVIDIA H100 80GB HBM3, 65629, 15451, 100, 678.28
2026/06/12 12:25:19.915, 0, NVIDIA H100 80GB HBM3, 65661, 15419, 100, 693.43
2026/06/12 12:25:19.922, 1, NVIDIA H100 80GB HBM3, 65629, 15451, 100, 675.89
2026/06/12 12:25:29.970, 0, NVIDIA H100 80GB HBM3, 65661, 15419, 100, 682.89
2026/06/12 12:25:29.977, 1, NVIDIA H100 80GB HBM3, 65629, 15451, 100, 666.63
2026/06/12 12:25:40.014, 0, NVIDIA H100 80GB HBM3, 65661, 15419, 100, 688.50
2026/06/12 12:25:40.022, 1, NVIDIA H100 80GB HBM3, 65629, 15451, 100, 674.02
2026/06/12 12:25:50.060, 0, NVIDIA H100 80GB HBM3, 65661, 15419, 100, 686.46
2026/06/12 12:25:50.067, 1, NVIDIA H100 80GB HBM3, 65629, 15451, 100, 666.25
2026/06/12 12:26:00.105, 0, NVIDIA H100 80GB HBM3, 65661, 15419, 100, 685.95
2026/06/12 12:26:00.112, 1, NVIDIA H100 80GB HBM3, 65629, 15451, 100, 683.12
2026/06/12 12:26:10.149, 0, NVIDIA H100 80GB HBM3, 65661, 15419, 100, 679.99
2026/06/12 12:26:10.157, 1, NVIDIA H100 80GB HBM3, 65629, 15451, 100, 662.93
2026/06/12 12:26:20.195, 0, NVIDIA H100 80GB HBM3, 65661, 15419, 100, 688.66
2026/06/12 12:26:20.209, 1, NVIDIA H100 80GB HBM3, 65629, 15451, 100, 674.21
2026/06/12 12:26:30.246, 0, NVIDIA H100 80GB HBM3, 65661, 15419, 100, 684.72
2026/06/12 12:26:30.253, 1, NVIDIA H100 80GB HBM3, 65629, 15451, 84, 663.91
2026/06/12 12:26:40.291, 0, NVIDIA H100 80GB HBM3, 65661, 15419, 100, 682.56
2026/06/12 12:26:40.298, 1, NVIDIA H100 80GB HBM3, 65629, 15451, 100, 675.56
2026/06/12 12:26:50.335, 0, NVIDIA H100 80GB HBM3, 65661, 15419, 83, 677.34
2026/06/12 12:26:50.343, 1, NVIDIA H100 80GB HBM3, 65629, 15451, 83, 668.08
2026/06/12 12:27:00.380, 0, NVIDIA H100 80GB HBM3, 65661, 15419, 100, 693.50
2026/06/12 12:27:00.387, 1, NVIDIA H100 80GB HBM3, 65629, 15451, 100, 682.14
2026/06/12 12:27:10.422, 0, NVIDIA H100 80GB HBM3, 65661, 15419, 100, 690.17
2026/06/12 12:27:10.426, 1, NVIDIA H100 80GB HBM3, 65629, 15451, 100, 682.41
2026/06/12 12:27:20.467, 0, NVIDIA H100 80GB HBM3, 65661, 15419, 100, 693.09
2026/06/12 12:27:20.474, 1, NVIDIA H100 80GB HBM3, 65629, 15451, 100, 667.70
2026/06/12 12:27:30.511, 0, NVIDIA H100 80GB HBM3, 65661, 15419, 100, 686.63
2026/06/12 12:27:30.518, 1, NVIDIA H100 80GB HBM3, 65629, 15451, 100, 672.60
2026/06/12 12:27:40.555, 0, NVIDIA H100 80GB HBM3, 65661, 15419, 100, 684.83
2026/06/12 12:27:40.563, 1, NVIDIA H100 80GB HBM3, 65629, 15451, 100, 665.92
2026/06/12 12:27:50.599, 0, NVIDIA H100 80GB HBM3, 65661, 15419, 100, 688.77
2026/06/12 12:27:50.606, 1, NVIDIA H100 80GB HBM3, 65629, 15451, 100, 682.39
2026/06/12 12:28:00.643, 0, NVIDIA H100 80GB HBM3, 65661, 15419, 100, 689.80
2026/06/12 12:28:00.651, 1, NVIDIA H100 80GB HBM3, 65629, 15451, 100, 666.11
2026/06/12 12:28:10.689, 0, NVIDIA H100 80GB HBM3, 65661, 15419, 100, 688.92
2026/06/12 12:28:10.696, 1, NVIDIA H100 80GB HBM3, 65629, 15451, 100, 678.46
2026/06/12 12:28:20.733, 0, NVIDIA H100 80GB HBM3, 65661, 15419, 84, 682.17
2026/06/12 12:28:20.741, 1, NVIDIA H100 80GB HBM3, 65629, 15451, 84, 666.55
2026/06/12 12:28:30.778, 0, NVIDIA H100 80GB HBM3, 65661, 15419, 100, 693.11
2026/06/12 12:28:30.785, 1, NVIDIA H100 80GB HBM3, 65629, 15451, 100, 674.16
2026/06/12 12:28:40.824, 0, NVIDIA H100 80GB HBM3, 65661, 15419, 100, 694.00
2026/06/12 12:28:40.831, 1, NVIDIA H100 80GB HBM3, 65629, 15451, 100, 684.93
2026/06/12 12:28:50.869, 0, NVIDIA H100 80GB HBM3, 65661, 15419, 100, 679.34
2026/06/12 12:28:50.876, 1, NVIDIA H100 80GB HBM3, 65629, 15451, 100, 669.98
2026/06/12 12:29:00.912, 0, NVIDIA H100 80GB HBM3, 65661, 15419, 100, 689.83
2026/06/12 12:29:00.920, 1, NVIDIA H100 80GB HBM3, 65629, 15451, 100, 681.35
2026/06/12 12:29:10.968, 0, NVIDIA H100 80GB HBM3, 65661, 15419, 100, 677.43
2026/06/12 12:29:10.974, 1, NVIDIA H100 80GB HBM3, 65629, 15451, 100, 665.67
2026/06/12 12:29:21.011, 0, NVIDIA H100 80GB HBM3, 65661, 15419, 100, 685.86
2026/06/12 12:29:21.019, 1, NVIDIA H100 80GB HBM3, 65629, 15451, 100, 673.77
2026/06/12 12:29:31.067, 0, NVIDIA H100 80GB HBM3, 65661, 15419, 100, 685.93
2026/06/12 12:29:31.073, 1, NVIDIA H100 80GB HBM3, 65629, 15451, 100, 669.05
2026/06/12 12:29:41.109, 0, NVIDIA H100 80GB HBM3, 65661, 15419, 100, 677.75
2026/06/12 12:29:41.119, 1, NVIDIA H100 80GB HBM3, 65629, 15451, 100, 671.33
2026/06/12 12:29:51.167, 0, NVIDIA H100 80GB HBM3, 65661, 15419, 100, 679.60
2026/06/12 12:29:51.174, 1, NVIDIA H100 80GB HBM3, 65629, 15451, 100, 664.72
2026/06/12 12:30:01.211, 0, NVIDIA H100 80GB HBM3, 65661, 15419, 100, 692.14
2026/06/12 12:30:01.219, 1, NVIDIA H100 80GB HBM3, 65629, 15451, 100, 675.24
2026/06/12 12:30:11.266, 0, NVIDIA H100 80GB HBM3, 65661, 15419, 100, 690.81
2026/06/12 12:30:11.273, 1, NVIDIA H100 80GB HBM3, 65629, 15451, 100, 676.74
2026/06/12 12:30:21.309, 0, NVIDIA H100 80GB HBM3, 65661, 15419, 83, 687.86
2026/06/12 12:30:21.318, 1, NVIDIA H100 80GB HBM3, 65629, 15451, 89, 666.17
2026/06/12 12:30:31.366, 0, NVIDIA H100 80GB HBM3, 65661, 15419, 100, 684.74
2026/06/12 12:30:31.374, 1, NVIDIA H100 80GB HBM3, 65629, 15451, 100, 677.04
2026/06/12 12:30:41.409, 0, NVIDIA H100 80GB HBM3, 65661, 15419, 100, 694.84
2026/06/12 12:30:41.416, 1, NVIDIA H100 80GB HBM3, 65629, 15451, 100, 676.18
2026/06/12 12:30:51.451, 0, NVIDIA H100 80GB HBM3, 65661, 15419, 100, 682.95
2026/06/12 12:30:51.460, 1, NVIDIA H100 80GB HBM3, 65629, 15451, 100, 669.72
2026/06/12 12:31:01.498, 0, NVIDIA H100 80GB HBM3, 65661, 15419, 100, 688.00
2026/06/12 12:31:01.504, 1, NVIDIA H100 80GB HBM3, 65629, 15451, 100, 668.22
2026/06/12 12:31:11.541, 0, NVIDIA H100 80GB HBM3, 65661, 15419, 100, 680.49
2026/06/12 12:31:11.549, 1, NVIDIA H100 80GB HBM3, 65629, 15451, 100, 667.05
2026/06/12 12:31:21.585, 0, NVIDIA H100 80GB HBM3, 65661, 15419, 100, 698.59
2026/06/12 12:31:21.594, 1, NVIDIA H100 80GB HBM3, 65629, 15451, 100, 681.86
2026/06/12 12:31:31.631, 0, NVIDIA H100 80GB HBM3, 65661, 15419, 100, 673.75
2026/06/12 12:31:31.638, 1, NVIDIA H100 80GB HBM3, 65629, 15451, 100, 666.88
2026/06/12 12:31:41.674, 0, NVIDIA H100 80GB HBM3, 65661, 15419, 100, 693.70
2026/06/12 12:31:41.683, 1, NVIDIA H100 80GB HBM3, 65629, 15451, 100, 675.43
2026/06/12 12:31:51.719, 0, NVIDIA H100 80GB HBM3, 65661, 15419, 100, 676.99
2026/06/12 12:31:51.725, 1, NVIDIA H100 80GB HBM3, 65629, 15451, 100, 662.95
2026/06/12 12:32:01.766, 0, NVIDIA H100 80GB HBM3, 65661, 15419, 100, 695.37
2026/06/12 12:32:01.775, 1, NVIDIA H100 80GB HBM3, 65629, 15451, 100, 676.29
2026/06/12 12:32:11.811, 0, NVIDIA H100 80GB HBM3, 65661, 15419, 67, 673.89
2026/06/12 12:32:11.818, 1, NVIDIA H100 80GB HBM3, 65629, 15451, 100, 668.63
2026/06/12 12:32:21.865, 0, NVIDIA H100 80GB HBM3, 65661, 15419, 100, 694.21
2026/06/12 12:32:21.873, 1, NVIDIA H100 80GB HBM3, 65629, 15451, 100, 682.51
2026/06/12 12:32:31.908, 0, NVIDIA H100 80GB HBM3, 65661, 15419, 100, 698.93
2026/06/12 12:32:31.916, 1, NVIDIA H100 80GB HBM3, 65629, 15451, 100, 686.00
2026/06/12 12:32:41.965, 0, NVIDIA H100 80GB HBM3, 65661, 15419, 100, 687.23
2026/06/12 12:32:41.972, 1, NVIDIA H100 80GB HBM3, 65629, 15451, 100, 670.27
2026/06/12 12:32:52.009, 0, NVIDIA H100 80GB HBM3, 65661, 15419, 100, 683.56
2026/06/12 12:32:52.015, 1, NVIDIA H100 80GB HBM3, 65629, 15451, 100, 677.92
2026/06/12 12:33:02.052, 0, NVIDIA H100 80GB HBM3, 65661, 15419, 100, 683.72
2026/06/12 12:33:02.060, 1, NVIDIA H100 80GB HBM3, 65629, 15451, 100, 667.23
2026/06/12 12:33:12.098, 0, NVIDIA H100 80GB HBM3, 65661, 15419, 100, 688.06
2026/06/12 12:33:12.105, 1, NVIDIA H100 80GB HBM3, 65629, 15451, 100, 670.76
2026/06/12 12:33:22.141, 0, NVIDIA H100 80GB HBM3, 65661, 15419, 100, 686.77
2026/06/12 12:33:22.148, 1, NVIDIA H100 80GB HBM3, 65629, 15451, 100, 668.32
2026/06/12 12:33:32.184, 0, NVIDIA H100 80GB HBM3, 65661, 15419, 100, 694.94
2026/06/12 12:33:32.192, 1, NVIDIA H100 80GB HBM3, 65629, 15451, 100, 679.20
2026/06/12 12:33:42.227, 0, NVIDIA H100 80GB HBM3, 65661, 15419, 100, 681.39
2026/06/12 12:33:42.234, 1, NVIDIA H100 80GB HBM3, 65629, 15451, 84, 666.53
2026/06/12 12:33:52.272, 0, NVIDIA H100 80GB HBM3, 65661, 15419, 100, 692.73
2026/06/12 12:33:52.280, 1, NVIDIA H100 80GB HBM3, 65629, 15451, 100, 688.21
2026/06/12 12:34:02.317, 0, NVIDIA H100 80GB HBM3, 65661, 15419, 100, 692.45
2026/06/12 12:34:02.324, 1, NVIDIA H100 80GB HBM3, 65629, 15451, 100, 680.82
2026/06/12 12:34:12.365, 0, NVIDIA H100 80GB HBM3, 65661, 15419, 100, 682.03
2026/06/12 12:34:12.373, 1, NVIDIA H100 80GB HBM3, 65629, 15451, 100, 674.94
2026/06/12 12:34:22.409, 0, NVIDIA H100 80GB HBM3, 65661, 15419, 100, 689.02
2026/06/12 12:34:22.416, 1, NVIDIA H100 80GB HBM3, 65629, 15451, 100, 674.50
2026/06/12 12:34:32.463, 0, NVIDIA H100 80GB HBM3, 65661, 15419, 100, 684.61
2026/06/12 12:34:32.471, 1, NVIDIA H100 80GB HBM3, 65629, 15451, 100, 670.32
2026/06/12 12:34:42.508, 0, NVIDIA H100 80GB HBM3, 65661, 15419, 100, 690.99
2026/06/12 12:34:42.515, 1, NVIDIA H100 80GB HBM3, 65629, 15451, 100, 679.26
2026/06/12 12:34:52.554, 0, NVIDIA H100 80GB HBM3, 65661, 15419, 100, 680.95
2026/06/12 12:34:52.560, 1, NVIDIA H100 80GB HBM3, 65629, 15451, 100, 661.04
2026/06/12 12:35:02.599, 0, NVIDIA H100 80GB HBM3, 65661, 15419, 100, 692.80
2026/06/12 12:35:02.606, 1, NVIDIA H100 80GB HBM3, 65629, 15451, 100, 679.39
2026/06/12 12:35:12.643, 0, NVIDIA H100 80GB HBM3, 65661, 15419, 100, 679.44
2026/06/12 12:35:12.650, 1, NVIDIA H100 80GB HBM3, 65629, 15451, 100, 659.76
2026/06/12 12:35:22.688, 0, NVIDIA H100 80GB HBM3, 65661, 15419, 100, 695.66
2026/06/12 12:35:22.703, 1, NVIDIA H100 80GB HBM3, 65629, 15451, 100, 678.58
2026/06/12 12:35:32.741, 0, NVIDIA H100 80GB HBM3, 65661, 15419, 89, 675.50
2026/06/12 12:35:32.747, 1, NVIDIA H100 80GB HBM3, 65629, 15451, 100, 664.46
2026/06/12 12:35:42.784, 0, NVIDIA H100 80GB HBM3, 65661, 15419, 100, 698.50
2026/06/12 12:35:42.792, 1, NVIDIA H100 80GB HBM3, 65629, 15451, 100, 685.25
2026/06/12 12:35:52.833, 0, NVIDIA H100 80GB HBM3, 65661, 15419, 100, 694.54
2026/06/12 12:35:52.840, 1, NVIDIA H100 80GB HBM3, 65629, 15451, 100, 692.65
2026/06/12 12:36:02.877, 0, NVIDIA H100 80GB HBM3, 65661, 15419, 100, 684.57
2026/06/12 12:36:02.884, 1, NVIDIA H100 80GB HBM3, 65629, 15451, 100, 664.85
2026/06/12 12:36:12.922, 0, NVIDIA H100 80GB HBM3, 65661, 15419, 100, 685.69
2026/06/12 12:36:12.929, 1, NVIDIA H100 80GB HBM3, 65629, 15451, 100, 678.10
2026/06/12 12:36:22.966, 0, NVIDIA H100 80GB HBM3, 65661, 15419, 100, 683.57
2026/06/12 12:36:22.974, 1, NVIDIA H100 80GB HBM3, 65629, 15451, 100, 670.66
2026/06/12 12:36:33.010, 0, NVIDIA H100 80GB HBM3, 65661, 15419, 100, 683.65
2026/06/12 12:36:33.019, 1, NVIDIA H100 80GB HBM3, 65629, 15451, 100, 667.96
2026/06/12 12:36:43.062, 0, NVIDIA H100 80GB HBM3, 65661, 15419, 100, 681.31
2026/06/12 12:36:43.069, 1, NVIDIA H100 80GB HBM3, 65629, 15451, 100, 662.99
2026/06/12 12:36:53.105, 0, NVIDIA H100 80GB HBM3, 65661, 15419, 100, 491.10
2026/06/12 12:36:53.113, 1, NVIDIA H100 80GB HBM3, 65629, 15451, 100, 478.92
2026/06/12 12:37:03.152, 0, NVIDIA H100 80GB HBM3, 65661, 15419, 100, 688.11
2026/06/12 12:37:03.159, 1, NVIDIA H100 80GB HBM3, 65629, 15451, 100, 679.59
2026/06/12 12:37:13.195, 0, NVIDIA H100 80GB HBM3, 65661, 15419, 100, 685.21
2026/06/12 12:37:13.204, 1, NVIDIA H100 80GB HBM3, 65629, 15451, 100, 667.63
2026/06/12 12:37:23.240, 0, NVIDIA H100 80GB HBM3, 65661, 15419, 100, 694.18
2026/06/12 12:37:23.247, 1, NVIDIA H100 80GB HBM3, 65629, 15451, 100, 672.45
2026/06/12 12:37:33.282, 0, NVIDIA H100 80GB HBM3, 65661, 15419, 84, 681.43
2026/06/12 12:37:33.291, 1, NVIDIA H100 80GB HBM3, 65629, 15451, 100, 672.42
2026/06/12 12:37:43.327, 0, NVIDIA H100 80GB HBM3, 65661, 15419, 100, 699.20
2026/06/12 12:37:43.334, 1, NVIDIA H100 80GB HBM3, 65629, 15451, 100, 673.10
2026/06/12 12:37:53.371, 0, NVIDIA H100 80GB HBM3, 65661, 15419, 100, 688.47
2026/06/12 12:37:53.377, 1, NVIDIA H100 80GB HBM3, 65629, 15451, 100, 677.45
2026/06/12 12:38:03.412, 0, NVIDIA H100 80GB HBM3, 65661, 15419, 100, 688.29
2026/06/12 12:38:03.418, 1, NVIDIA H100 80GB HBM3, 65629, 15451, 100, 678.08
2026/06/12 12:38:13.461, 0, NVIDIA H100 80GB HBM3, 65661, 15419, 100, 687.92
2026/06/12 12:38:13.470, 1, NVIDIA H100 80GB HBM3, 65629, 15451, 100, 673.67
2026/06/12 12:38:23.507, 0, NVIDIA H100 80GB HBM3, 65661, 15419, 100, 686.47
2026/06/12 12:38:23.514, 1, NVIDIA H100 80GB HBM3, 65629, 15451, 100, 660.29
2026/06/12 12:38:33.562, 0, NVIDIA H100 80GB HBM3, 65661, 15419, 100, 682.90
2026/06/12 12:38:33.570, 1, NVIDIA H100 80GB HBM3, 65629, 15451, 100, 674.18
2026/06/12 12:38:43.606, 0, NVIDIA H100 80GB HBM3, 65661, 15419, 100, 683.62
2026/06/12 12:38:43.611, 1, NVIDIA H100 80GB HBM3, 65629, 15451, 100, 668.00
2026/06/12 12:38:53.646, 0, NVIDIA H100 80GB HBM3, 65661, 15419, 100, 687.99
2026/06/12 12:38:53.653, 1, NVIDIA H100 80GB HBM3, 65629, 15451, 100, 682.36
2026/06/12 12:39:03.688, 0, NVIDIA H100 80GB HBM3, 65661, 15419, 100, 681.49
2026/06/12 12:39:03.693, 1, NVIDIA H100 80GB HBM3, 65629, 15451, 100, 668.50
2026/06/12 12:39:13.728, 0, NVIDIA H100 80GB HBM3, 65661, 15419, 100, 685.32
2026/06/12 12:39:13.736, 1, NVIDIA H100 80GB HBM3, 65629, 15451, 100, 681.60
2026/06/12 12:39:23.773, 0, NVIDIA H100 80GB HBM3, 65661, 15419, 84, 676.28
2026/06/12 12:39:23.779, 1, NVIDIA H100 80GB HBM3, 65629, 15451, 65, 667.20
2026/06/12 12:39:33.814, 0, NVIDIA H100 80GB HBM3, 65661, 15419, 100, 695.10
2026/06/12 12:39:33.821, 1, NVIDIA H100 80GB HBM3, 65629, 15451, 100, 680.90
2026/06/12 12:39:43.859, 0, NVIDIA H100 80GB HBM3, 65661, 15419, 100, 694.10
2026/06/12 12:39:43.866, 1, NVIDIA H100 80GB HBM3, 65629, 15451, 100, 685.61
2026/06/12 12:39:53.902, 0, NVIDIA H100 80GB HBM3, 65661, 15419, 100, 683.72
2026/06/12 12:39:53.908, 1, NVIDIA H100 80GB HBM3, 65629, 15451, 100, 668.07
2026/06/12 12:40:03.942, 0, NVIDIA H100 80GB HBM3, 65661, 15419, 100, 686.12
2026/06/12 12:40:03.950, 1, NVIDIA H100 80GB HBM3, 65629, 15451, 100, 675.91
2026/06/12 12:40:13.984, 0, NVIDIA H100 80GB HBM3, 65661, 15419, 100, 678.64
2026/06/12 12:40:13.990, 1, NVIDIA H100 80GB HBM3, 65629, 15451, 100, 661.81
2026/06/12 12:40:24.024, 0, NVIDIA H100 80GB HBM3, 65661, 15419, 100, 686.58
2026/06/12 12:40:24.030, 1, NVIDIA H100 80GB HBM3, 65629, 15451, 100, 676.88
2026/06/12 12:40:34.068, 0, NVIDIA H100 80GB HBM3, 65661, 15419, 80, 674.74
2026/06/12 12:40:34.075, 1, NVIDIA H100 80GB HBM3, 65629, 15451, 100, 665.39
2026/06/12 12:40:44.109, 0, NVIDIA H100 80GB HBM3, 65661, 15419, 100, 693.02
2026/06/12 12:40:44.115, 1, NVIDIA H100 80GB HBM3, 65629, 15451, 100, 678.65
2026/06/12 12:40:54.165, 0, NVIDIA H100 80GB HBM3, 65661, 15419, 100, 674.42
2026/06/12 12:40:54.173, 1, NVIDIA H100 80GB HBM3, 65629, 15451, 78, 661.04
2026/06/12 12:41:04.209, 0, NVIDIA H100 80GB HBM3, 65661, 15419, 100, 697.09
2026/06/12 12:41:04.215, 1, NVIDIA H100 80GB HBM3, 65629, 15451, 100, 673.65
2026/06/12 12:41:14.258, 0, NVIDIA H100 80GB HBM3, 65661, 15419, 100, 690.82
2026/06/12 12:41:14.265, 1, NVIDIA H100 80GB HBM3, 65629, 15451, 100, 677.87
2026/06/12 12:41:24.299, 0, NVIDIA H100 80GB HBM3, 65661, 15419, 100, 687.42
2026/06/12 12:41:24.305, 1, NVIDIA H100 80GB HBM3, 65629, 15451, 100, 667.74
2026/06/12 12:41:34.339, 0, NVIDIA H100 80GB HBM3, 65661, 15419, 100, 684.75
2026/06/12 12:41:34.345, 1, NVIDIA H100 80GB HBM3, 65629, 15451, 100, 674.29
2026/06/12 12:41:44.380, 0, NVIDIA H100 80GB HBM3, 65661, 15419, 100, 683.27
2026/06/12 12:41:44.386, 1, NVIDIA H100 80GB HBM3, 65629, 15451, 100, 666.18
2026/06/12 12:41:54.422, 0, NVIDIA H100 80GB HBM3, 65661, 15419, 100, 686.13
2026/06/12 12:41:54.429, 1, NVIDIA H100 80GB HBM3, 65629, 15451, 100, 674.92
2026/06/12 12:42:04.464, 0, NVIDIA H100 80GB HBM3, 65661, 15419, 100, 678.91
2026/06/12 12:42:04.470, 1, NVIDIA H100 80GB HBM3, 65629, 15451, 100, 670.19
2026/06/12 12:42:14.503, 0, NVIDIA H100 80GB HBM3, 65661, 15419, 100, 685.26
2026/06/12 12:42:14.510, 1, NVIDIA H100 80GB HBM3, 65629, 15451, 100, 674.67
2026/06/12 12:42:24.548, 0, NVIDIA H100 80GB HBM3, 65661, 15419, 83, 681.47
2026/06/12 12:42:24.556, 1, NVIDIA H100 80GB HBM3, 65629, 15451, 66, 663.45
2026/06/12 12:42:34.591, 0, NVIDIA H100 80GB HBM3, 65661, 15419, 100, 691.23
2026/06/12 12:42:34.597, 1, NVIDIA H100 80GB HBM3, 65629, 15451, 100, 678.43
2026/06/12 12:42:44.632, 0, NVIDIA H100 80GB HBM3, 65661, 15419, 100, 694.67
2026/06/12 12:42:44.638, 1, NVIDIA H100 80GB HBM3, 65629, 15451, 100, 683.15
2026/06/12 12:42:54.673, 0, NVIDIA H100 80GB HBM3, 65661, 15419, 100, 681.92
2026/06/12 12:42:54.680, 1, NVIDIA H100 80GB HBM3, 65629, 15451, 100, 671.98
2026/06/12 12:43:04.716, 0, NVIDIA H100 80GB HBM3, 65661, 15419, 100, 684.89
2026/06/12 12:43:04.723, 1, NVIDIA H100 80GB HBM3, 65629, 15451, 100, 683.83
2026/06/12 12:43:14.756, 0, NVIDIA H100 80GB HBM3, 65661, 15419, 100, 667.91
2026/06/12 12:43:14.762, 1, NVIDIA H100 80GB HBM3, 65629, 15451, 100, 663.39
2026/06/12 12:43:24.797, 0, NVIDIA H100 80GB HBM3, 65661, 15419, 100, 690.70
2026/06/12 12:43:24.803, 1, NVIDIA H100 80GB HBM3, 65629, 15451, 100, 682.85
2026/06/12 12:43:34.837, 0, NVIDIA H100 80GB HBM3, 65661, 15419, 100, 679.35
2026/06/12 12:43:34.844, 1, NVIDIA H100 80GB HBM3, 65629, 15451, 100, 667.31
2026/06/12 12:43:44.880, 0, NVIDIA H100 80GB HBM3, 65661, 15419, 100, 676.78
2026/06/12 12:43:44.886, 1, NVIDIA H100 80GB HBM3, 65629, 15451, 100, 670.76
2026/06/12 12:43:54.922, 0, NVIDIA H100 80GB HBM3, 65661, 15419, 100, 693.39
2026/06/12 12:43:54.930, 1, NVIDIA H100 80GB HBM3, 65629, 15451, 100, 676.46
2026/06/12 12:44:04.964, 0, NVIDIA H100 80GB HBM3, 65661, 15419, 100, 677.20
2026/06/12 12:44:04.970, 1, NVIDIA H100 80GB HBM3, 65629, 15451, 100, 669.47
2026/06/12 12:44:15.006, 0, NVIDIA H100 80GB HBM3, 65661, 15419, 100, 685.58
2026/06/12 12:44:15.013, 1, NVIDIA H100 80GB HBM3, 65629, 15451, 100, 675.64
2026/06/12 12:44:25.047, 0, NVIDIA H100 80GB HBM3, 65661, 15419, 100, 679.30
2026/06/12 12:44:25.054, 1, NVIDIA H100 80GB HBM3, 65629, 15451, 100, 671.19
2026/06/12 12:44:35.090, 0, NVIDIA H100 80GB HBM3, 65661, 15419, 100, 684.87
2026/06/12 12:44:35.097, 1, NVIDIA H100 80GB HBM3, 65629, 15451, 100, 677.54
2026/06/12 12:44:45.131, 0, NVIDIA H100 80GB HBM3, 65661, 15419, 100, 685.53
2026/06/12 12:44:45.138, 1, NVIDIA H100 80GB HBM3, 65629, 15451, 100, 668.27
2026/06/12 12:44:55.172, 0, NVIDIA H100 80GB HBM3, 65661, 15419, 100, 686.48
2026/06/12 12:44:55.178, 1, NVIDIA H100 80GB HBM3, 65629, 15451, 100, 677.59
2026/06/12 12:45:05.213, 0, NVIDIA H100 80GB HBM3, 65661, 15419, 100, 675.75
2026/06/12 12:45:05.219, 1, NVIDIA H100 80GB HBM3, 65629, 15451, 100, 659.14
2026/06/12 12:45:15.258, 0, NVIDIA H100 80GB HBM3, 65661, 15419, 100, 689.56
2026/06/12 12:45:15.264, 1, NVIDIA H100 80GB HBM3, 65629, 15451, 100, 679.08
2026/06/12 12:45:25.298, 0, NVIDIA H100 80GB HBM3, 65661, 15419, 100, 696.00
2026/06/12 12:45:25.304, 1, NVIDIA H100 80GB HBM3, 65629, 15451, 100, 677.05
2026/06/12 12:45:35.340, 0, NVIDIA H100 80GB HBM3, 65661, 15419, 100, 686.65
2026/06/12 12:45:35.345, 1, NVIDIA H100 80GB HBM3, 65629, 15451, 100, 662.77
2026/06/12 12:45:45.381, 0, NVIDIA H100 80GB HBM3, 65661, 15419, 100, 690.91
2026/06/12 12:45:45.387, 1, NVIDIA H100 80GB HBM3, 65629, 15451, 100, 674.22
2026/06/12 12:45:55.423, 0, NVIDIA H100 80GB HBM3, 65661, 15419, 100, 677.35
2026/06/12 12:45:55.430, 1, NVIDIA H100 80GB HBM3, 65629, 15451, 100, 655.53
2026/06/12 12:46:05.465, 0, NVIDIA H100 80GB HBM3, 65661, 15419, 100, 687.41
2026/06/12 12:46:05.472, 1, NVIDIA H100 80GB HBM3, 65629, 15451, 100, 681.04
2026/06/12 12:46:15.506, 0, NVIDIA H100 80GB HBM3, 65661, 15419, 100, 675.53
2026/06/12 12:46:15.513, 1, NVIDIA H100 80GB HBM3, 65629, 15451, 100, 665.90
2026/06/12 12:46:25.558, 0, NVIDIA H100 80GB HBM3, 65661, 15419, 100, 688.99
2026/06/12 12:46:25.564, 1, NVIDIA H100 80GB HBM3, 65629, 15451, 100, 677.33
2026/06/12 12:46:35.601, 0, NVIDIA H100 80GB HBM3, 65661, 15419, 100, 675.85
2026/06/12 12:46:35.606, 1, NVIDIA H100 80GB HBM3, 65629, 15451, 84, 656.84
2026/06/12 12:46:45.641, 0, NVIDIA H100 80GB HBM3, 65661, 15419, 100, 691.51
2026/06/12 12:46:45.648, 1, NVIDIA H100 80GB HBM3, 65629, 15451, 100, 674.28
2026/06/12 12:46:55.682, 0, NVIDIA H100 80GB HBM3, 65661, 15419, 100, 696.97
2026/06/12 12:46:55.689, 1, NVIDIA H100 80GB HBM3, 65629, 15451, 100, 681.49
2026/06/12 12:47:05.723, 0, NVIDIA H100 80GB HBM3, 65661, 15419, 100, 683.80
2026/06/12 12:47:05.730, 1, NVIDIA H100 80GB HBM3, 65629, 15451, 100, 661.80
2026/06/12 12:47:15.766, 0, NVIDIA H100 80GB HBM3, 65661, 15419, 100, 691.80
2026/06/12 12:47:15.773, 1, NVIDIA H100 80GB HBM3, 65629, 15451, 100, 675.82
2026/06/12 12:47:25.807, 0, NVIDIA H100 80GB HBM3, 65661, 15419, 100, 673.71
2026/06/12 12:47:25.813, 1, NVIDIA H100 80GB HBM3, 65629, 15451, 100, 666.41
2026/06/12 12:47:35.858, 0, NVIDIA H100 80GB HBM3, 65661, 15419, 100, 690.52
2026/06/12 12:47:35.866, 1, NVIDIA H100 80GB HBM3, 65629, 15451, 100, 680.78
2026/06/12 12:47:45.901, 0, NVIDIA H100 80GB HBM3, 65661, 15419, 100, 679.50
2026/06/12 12:47:45.907, 1, NVIDIA H100 80GB HBM3, 65629, 15451, 100, 666.63
2026/06/12 12:47:55.941, 0, NVIDIA H100 80GB HBM3, 65661, 15419, 100, 690.57
2026/06/12 12:47:55.948, 1, NVIDIA H100 80GB HBM3, 65629, 15451, 100, 673.49
2026/06/12 12:48:05.982, 0, NVIDIA H100 80GB HBM3, 65661, 15419, 100, 685.00
2026/06/12 12:48:05.988, 1, NVIDIA H100 80GB HBM3, 65629, 15451, 100, 669.15
2026/06/12 12:48:16.021, 0, NVIDIA H100 80GB HBM3, 65661, 15419, 100, 684.83
2026/06/12 12:48:16.027, 1, NVIDIA H100 80GB HBM3, 65629, 15451, 100, 683.84
2026/06/12 12:48:26.060, 0, NVIDIA H100 80GB HBM3, 65661, 15419, 100, 675.83
2026/06/12 12:48:26.066, 1, NVIDIA H100 80GB HBM3, 65629, 15451, 100, 666.17
2026/06/12 12:48:36.099, 0, NVIDIA H100 80GB HBM3, 65661, 15419, 100, 687.02
2026/06/12 12:48:36.106, 1, NVIDIA H100 80GB HBM3, 65629, 15451, 100, 672.71
2026/06/12 12:48:46.140, 0, NVIDIA H100 80GB HBM3, 65661, 15419, 100, 687.55
2026/06/12 12:48:46.147, 1, NVIDIA H100 80GB HBM3, 65629, 15451, 100, 670.99
2026/06/12 12:48:56.181, 0, NVIDIA H100 80GB HBM3, 65661, 15419, 100, 684.33
2026/06/12 12:48:56.187, 1, NVIDIA H100 80GB HBM3, 65629, 15451, 100, 664.72
2026/06/12 12:49:06.221, 0, NVIDIA H100 80GB HBM3, 65661, 15419, 100, 690.38
2026/06/12 12:49:06.228, 1, NVIDIA H100 80GB HBM3, 65629, 15451, 100, 677.50
2026/06/12 12:49:16.262, 0, NVIDIA H100 80GB HBM3, 65661, 15419, 100, 682.42
2026/06/12 12:49:16.268, 1, NVIDIA H100 80GB HBM3, 65629, 15451, 100, 662.62
2026/06/12 12:49:26.302, 0, NVIDIA H100 80GB HBM3, 65661, 15419, 100, 687.34
2026/06/12 12:49:26.309, 1, NVIDIA H100 80GB HBM3, 65629, 15451, 100, 675.45
2026/06/12 12:49:36.345, 0, NVIDIA H100 80GB HBM3, 65661, 15419, 100, 676.78
2026/06/12 12:49:36.350, 1, NVIDIA H100 80GB HBM3, 65629, 15451, 100, 672.08
2026/06/12 12:49:46.384, 0, NVIDIA H100 80GB HBM3, 65661, 15419, 100, 689.81
2026/06/12 12:49:46.400, 1, NVIDIA H100 80GB HBM3, 65629, 15451, 100, 674.99
2026/06/12 12:49:56.436, 0, NVIDIA H100 80GB HBM3, 65661, 15419, 69, 687.78
2026/06/12 12:49:56.441, 1, NVIDIA H100 80GB HBM3, 65629, 15451, 100, 668.19
2026/06/12 12:50:06.476, 0, NVIDIA H100 80GB HBM3, 65661, 15419, 100, 690.05
2026/06/12 12:50:06.482, 1, NVIDIA H100 80GB HBM3, 65629, 15451, 100, 679.94
2026/06/12 12:50:16.517, 0, NVIDIA H100 80GB HBM3, 65661, 15419, 100, 695.13
2026/06/12 12:50:16.522, 1, NVIDIA H100 80GB HBM3, 65629, 15451, 100, 686.30
2026/06/12 12:50:26.556, 0, NVIDIA H100 80GB HBM3, 65661, 15419, 0, 226.95
2026/06/12 12:50:26.561, 1, NVIDIA H100 80GB HBM3, 65629, 15451, 0, 213.20
2026/06/12 12:50:36.595, 0, NVIDIA H100 80GB HBM3, 65661, 15419, 100, 683.86
2026/06/12 12:50:36.602, 1, NVIDIA H100 80GB HBM3, 65629, 15451, 100, 670.62
2026/06/12 12:50:46.639, 0, NVIDIA H100 80GB HBM3, 65661, 15419, 100, 697.22
2026/06/12 12:50:46.645, 1, NVIDIA H100 80GB HBM3, 65629, 15451, 100, 673.21
2026/06/12 12:50:56.679, 0, NVIDIA H100 80GB HBM3, 65661, 15419, 100, 689.27
2026/06/12 12:50:56.685, 1, NVIDIA H100 80GB HBM3, 65629, 15451, 100, 671.81
2026/06/12 12:51:06.720, 0, NVIDIA H100 80GB HBM3, 65661, 15419, 100, 685.58
2026/06/12 12:51:06.725, 1, NVIDIA H100 80GB HBM3, 65629, 15451, 100, 681.21
2026/06/12 12:51:16.758, 0, NVIDIA H100 80GB HBM3, 65661, 15419, 100, 681.66
2026/06/12 12:51:16.765, 1, NVIDIA H100 80GB HBM3, 65629, 15451, 100, 676.19
2026/06/12 12:51:26.801, 0, NVIDIA H100 80GB HBM3, 65661, 15419, 100, 682.77
2026/06/12 12:51:26.806, 1, NVIDIA H100 80GB HBM3, 65629, 15451, 100, 674.67
2026/06/12 12:51:36.840, 0, NVIDIA H100 80GB HBM3, 65661, 15419, 95, 676.99
2026/06/12 12:51:36.848, 1, NVIDIA H100 80GB HBM3, 65629, 15451, 100, 665.16
2026/06/12 12:51:46.882, 0, NVIDIA H100 80GB HBM3, 65661, 15419, 100, 690.19
2026/06/12 12:51:46.887, 1, NVIDIA H100 80GB HBM3, 65629, 15451, 100, 677.27
2026/06/12 12:51:56.921, 0, NVIDIA H100 80GB HBM3, 65661, 15419, 85, 682.40
2026/06/12 12:51:56.928, 1, NVIDIA H100 80GB HBM3, 65629, 15451, 85, 667.84
2026/06/12 12:52:06.964, 0, NVIDIA H100 80GB HBM3, 65661, 15419, 100, 692.86
2026/06/12 12:52:06.970, 1, NVIDIA H100 80GB HBM3, 65629, 15451, 100, 677.05
2026/06/12 12:52:17.006, 0, NVIDIA H100 80GB HBM3, 65661, 15419, 100, 697.26
2026/06/12 12:52:17.012, 1, NVIDIA H100 80GB HBM3, 65629, 15451, 100, 690.02
2026/06/12 12:52:27.058, 0, NVIDIA H100 80GB HBM3, 65661, 15419, 100, 686.67
2026/06/12 12:52:27.065, 1, NVIDIA H100 80GB HBM3, 65629, 15451, 100, 668.97
2026/06/12 12:52:37.101, 0, NVIDIA H100 80GB HBM3, 65661, 15419, 100, 689.09
2026/06/12 12:52:37.107, 1, NVIDIA H100 80GB HBM3, 65629, 15451, 100, 673.51
2026/06/12 12:52:47.141, 0, NVIDIA H100 80GB HBM3, 65661, 15419, 100, 679.91
2026/06/12 12:52:47.148, 1, NVIDIA H100 80GB HBM3, 65629, 15451, 100, 675.40
2026/06/12 12:52:57.183, 0, NVIDIA H100 80GB HBM3, 65661, 15419, 100, 690.39
2026/06/12 12:52:57.189, 1, NVIDIA H100 80GB HBM3, 65629, 15451, 100, 677.27
2026/06/12 12:53:07.222, 0, NVIDIA H100 80GB HBM3, 65661, 15419, 100, 683.40
2026/06/12 12:53:07.229, 1, NVIDIA H100 80GB HBM3, 65629, 15451, 100, 665.58
2026/06/12 12:53:17.264, 0, NVIDIA H100 80GB HBM3, 65661, 15419, 100, 684.37
2026/06/12 12:53:17.270, 1, NVIDIA H100 80GB HBM3, 65629, 15451, 100, 669.98
2026/06/12 12:53:27.304, 0, NVIDIA H100 80GB HBM3, 65661, 15419, 100, 680.31
2026/06/12 12:53:27.309, 1, NVIDIA H100 80GB HBM3, 65629, 15451, 83, 666.34
2026/06/12 12:53:37.346, 0, NVIDIA H100 80GB HBM3, 65661, 15419, 100, 688.48
2026/06/12 12:53:37.354, 1, NVIDIA H100 80GB HBM3, 65629, 15451, 100, 673.63
2026/06/12 12:53:47.387, 0, NVIDIA H100 80GB HBM3, 65661, 15419, 65, 678.46
2026/06/12 12:53:47.393, 1, NVIDIA H100 80GB HBM3, 65629, 15451, 82, 670.75
2026/06/12 12:53:57.430, 0, NVIDIA H100 80GB HBM3, 65661, 15419, 100, 695.33
2026/06/12 12:53:57.437, 1, NVIDIA H100 80GB HBM3, 65629, 15451, 100, 675.26
2026/06/12 12:54:07.471, 0, NVIDIA H100 80GB HBM3, 65661, 15419, 100, 697.12
2026/06/12 12:54:07.478, 1, NVIDIA H100 80GB HBM3, 65629, 15451, 100, 681.15
2026/06/12 12:54:17.512, 0, NVIDIA H100 80GB HBM3, 65661, 15419, 100, 687.29
2026/06/12 12:54:17.518, 1, NVIDIA H100 80GB HBM3, 65629, 15451, 100, 667.68
2026/06/12 12:54:27.551, 0, NVIDIA H100 80GB HBM3, 65661, 15419, 100, 685.89
2026/06/12 12:54:27.557, 1, NVIDIA H100 80GB HBM3, 65629, 15451, 100, 676.88
2026/06/12 12:54:37.595, 0, NVIDIA H100 80GB HBM3, 65661, 15419, 100, 676.95
2026/06/12 12:54:37.602, 1, NVIDIA H100 80GB HBM3, 65629, 15451, 100, 658.18
2026/06/12 12:54:47.638, 0, NVIDIA H100 80GB HBM3, 65661, 15419, 100, 687.46
2026/06/12 12:54:47.645, 1, NVIDIA H100 80GB HBM3, 65629, 15451, 100, 680.92
2026/06/12 12:54:57.681, 0, NVIDIA H100 80GB HBM3, 65661, 15419, 100, 679.60
2026/06/12 12:54:57.687, 1, NVIDIA H100 80GB HBM3, 65629, 15451, 100, 671.26
2026/06/12 12:55:07.721, 0, NVIDIA H100 80GB HBM3, 65661, 15419, 100, 683.65
2026/06/12 12:55:07.728, 1, NVIDIA H100 80GB HBM3, 65629, 15451, 100, 677.62
2026/06/12 12:55:17.764, 0, NVIDIA H100 80GB HBM3, 65661, 15419, 100, 681.65
2026/06/12 12:55:17.770, 1, NVIDIA H100 80GB HBM3, 65629, 15451, 100, 666.64
2026/06/12 12:55:27.805, 0, NVIDIA H100 80GB HBM3, 65661, 15419, 100, 685.19
2026/06/12 12:55:27.811, 1, NVIDIA H100 80GB HBM3, 65629, 15451, 100, 672.20
2026/06/12 12:55:37.856, 0, NVIDIA H100 80GB HBM3, 65661, 15419, 99, 672.72
2026/06/12 12:55:37.863, 1, NVIDIA H100 80GB HBM3, 65629, 15451, 72, 665.43
2026/06/12 12:55:47.898, 0, NVIDIA H100 80GB HBM3, 65661, 15419, 100, 694.06
2026/06/12 12:55:47.904, 1, NVIDIA H100 80GB HBM3, 65629, 15451, 100, 687.08
2026/06/12 12:55:57.939, 0, NVIDIA H100 80GB HBM3, 65661, 15419, 100, 692.11
2026/06/12 12:55:57.944, 1, NVIDIA H100 80GB HBM3, 65629, 15451, 100, 683.73
2026/06/12 12:56:07.976, 0, NVIDIA H100 80GB HBM3, 65661, 15419, 100, 690.91
2026/06/12 12:56:07.983, 1, NVIDIA H100 80GB HBM3, 65629, 15451, 100, 664.28
2026/06/12 12:56:18.017, 0, NVIDIA H100 80GB HBM3, 65661, 15419, 100, 686.09
2026/06/12 12:56:18.023, 1, NVIDIA H100 80GB HBM3, 65629, 15451, 100, 678.67
2026/06/12 12:56:28.059, 0, NVIDIA H100 80GB HBM3, 65661, 15419, 100, 683.87
2026/06/12 12:56:28.066, 1, NVIDIA H100 80GB HBM3, 65629, 15451, 100, 664.53
2026/06/12 12:56:38.101, 0, NVIDIA H100 80GB HBM3, 65661, 15419, 100, 687.05
2026/06/12 12:56:38.108, 1, NVIDIA H100 80GB HBM3, 65629, 15451, 100, 673.84
2026/06/12 12:56:48.142, 0, NVIDIA H100 80GB HBM3, 65661, 15419, 100, 680.32
2026/06/12 12:56:48.149, 1, NVIDIA H100 80GB HBM3, 65629, 15451, 100, 661.76
2026/06/12 12:56:58.185, 0, NVIDIA H100 80GB HBM3, 65661, 15419, 100, 688.77
2026/06/12 12:56:58.200, 1, NVIDIA H100 80GB HBM3, 65629, 15451, 100, 670.02
2026/06/12 12:57:08.238, 0, NVIDIA H100 80GB HBM3, 65661, 15419, 63, 680.41
2026/06/12 12:57:08.245, 1, NVIDIA H100 80GB HBM3, 65629, 15451, 63, 659.97
2026/06/12 12:57:18.283, 0, NVIDIA H100 80GB HBM3, 65661, 15419, 80, 680.90
2026/06/12 12:57:18.301, 1, NVIDIA H100 80GB HBM3, 65629, 15451, 94, 661.99
2026/06/12 12:57:28.338, 0, NVIDIA H100 80GB HBM3, 65661, 15419, 100, 687.20
2026/06/12 12:57:28.344, 1, NVIDIA H100 80GB HBM3, 65629, 15451, 100, 682.01
2026/06/12 12:57:38.380, 0, NVIDIA H100 80GB HBM3, 65661, 15419, 100, 694.06
2026/06/12 12:57:38.387, 1, NVIDIA H100 80GB HBM3, 65629, 15451, 100, 684.79
2026/06/12 12:57:48.425, 0, NVIDIA H100 80GB HBM3, 65661, 15419, 100, 680.84
2026/06/12 12:57:48.433, 1, NVIDIA H100 80GB HBM3, 65629, 15451, 100, 662.97
2026/06/12 12:57:58.469, 0, NVIDIA H100 80GB HBM3, 65661, 15419, 100, 689.52
2026/06/12 12:57:58.477, 1, NVIDIA H100 80GB HBM3, 65629, 15451, 100, 674.50
2026/06/12 12:58:08.513, 0, NVIDIA H100 80GB HBM3, 65661, 15419, 100, 684.53
2026/06/12 12:58:08.520, 1, NVIDIA H100 80GB HBM3, 65629, 15451, 100, 662.03
2026/06/12 12:58:18.558, 0, NVIDIA H100 80GB HBM3, 65661, 15419, 100, 683.20
2026/06/12 12:58:18.565, 1, NVIDIA H100 80GB HBM3, 65629, 15451, 100, 679.57
2026/06/12 12:58:28.602, 0, NVIDIA H100 80GB HBM3, 65661, 15419, 100, 681.09
2026/06/12 12:58:28.609, 1, NVIDIA H100 80GB HBM3, 65629, 15451, 100, 663.63
2026/06/12 12:58:38.646, 0, NVIDIA H100 80GB HBM3, 65661, 15419, 100, 693.41
2026/06/12 12:58:38.653, 1, NVIDIA H100 80GB HBM3, 65629, 15451, 100, 680.08
2026/06/12 12:58:48.687, 0, NVIDIA H100 80GB HBM3, 65661, 15419, 65, 680.42
2026/06/12 12:58:48.692, 1, NVIDIA H100 80GB HBM3, 65629, 15451, 97, 658.55
2026/06/12 12:58:58.730, 0, NVIDIA H100 80GB HBM3, 65661, 15419, 100, 684.10
2026/06/12 12:58:58.737, 1, NVIDIA H100 80GB HBM3, 65629, 15451, 100, 678.96
2026/06/12 12:59:08.771, 0, NVIDIA H100 80GB HBM3, 65661, 15419, 100, 702.82
2026/06/12 12:59:08.778, 1, NVIDIA H100 80GB HBM3, 65629, 15451, 100, 686.55
2026/06/12 12:59:18.814, 0, NVIDIA H100 80GB HBM3, 65661, 15419, 100, 687.51
2026/06/12 12:59:18.821, 1, NVIDIA H100 80GB HBM3, 65629, 15451, 100, 663.61
2026/06/12 12:59:28.858, 0, NVIDIA H100 80GB HBM3, 65661, 15419, 100, 686.92
2026/06/12 12:59:28.866, 1, NVIDIA H100 80GB HBM3, 65629, 15451, 100, 677.10
2026/06/12 12:59:38.903, 0, NVIDIA H100 80GB HBM3, 65661, 15419, 100, 680.97
2026/06/12 12:59:38.910, 1, NVIDIA H100 80GB HBM3, 65629, 15451, 100, 668.85
2026/06/12 12:59:48.956, 0, NVIDIA H100 80GB HBM3, 65661, 15419, 100, 686.33
2026/06/12 12:59:48.962, 1, NVIDIA H100 80GB HBM3, 65629, 15451, 100, 679.07
2026/06/12 12:59:58.996, 0, NVIDIA H100 80GB HBM3, 65661, 15419, 100, 682.59
2026/06/12 12:59:59.002, 1, NVIDIA H100 80GB HBM3, 65629, 15451, 100, 659.99
2026/06/12 13:00:09.039, 0, NVIDIA H100 80GB HBM3, 65661, 15419, 100, 688.09
2026/06/12 13:00:09.046, 1, NVIDIA H100 80GB HBM3, 65629, 15451, 100, 680.40
2026/06/12 13:00:19.080, 0, NVIDIA H100 80GB HBM3, 65661, 15419, 63, 680.94
2026/06/12 13:00:19.086, 1, NVIDIA H100 80GB HBM3, 65629, 15451, 88, 667.87
2026/06/12 13:00:29.123, 0, NVIDIA H100 80GB HBM3, 65661, 15419, 100, 686.19
2026/06/12 13:00:29.131, 1, NVIDIA H100 80GB HBM3, 65629, 15451, 100, 674.94
2026/06/12 13:00:39.166, 0, NVIDIA H100 80GB HBM3, 65661, 15419, 100, 690.15
2026/06/12 13:00:39.173, 1, NVIDIA H100 80GB HBM3, 65629, 15451, 100, 679.35
2026/06/12 13:00:49.210, 0, NVIDIA H100 80GB HBM3, 65661, 15419, 100, 684.08
2026/06/12 13:00:49.217, 1, NVIDIA H100 80GB HBM3, 65629, 15451, 100, 672.41
2026/06/12 13:00:59.251, 0, NVIDIA H100 80GB HBM3, 65661, 15419, 100, 686.73
2026/06/12 13:00:59.258, 1, NVIDIA H100 80GB HBM3, 65629, 15451, 100, 668.24
2026/06/12 13:01:09.294, 0, NVIDIA H100 80GB HBM3, 65661, 15419, 100, 686.81
2026/06/12 13:01:09.301, 1, NVIDIA H100 80GB HBM3, 65629, 15451, 100, 664.97
2026/06/12 13:01:19.336, 0, NVIDIA H100 80GB HBM3, 65661, 15419, 100, 693.52
2026/06/12 13:01:19.341, 1, NVIDIA H100 80GB HBM3, 65629, 15451, 100, 673.60
2026/06/12 13:01:29.377, 0, NVIDIA H100 80GB HBM3, 65661, 15419, 100, 680.59
2026/06/12 13:01:29.385, 1, NVIDIA H100 80GB HBM3, 65629, 15451, 100, 668.93
2026/06/12 13:01:39.421, 0, NVIDIA H100 80GB HBM3, 65661, 15419, 100, 691.39
2026/06/12 13:01:39.427, 1, NVIDIA H100 80GB HBM3, 65629, 15451, 100, 674.89
2026/06/12 13:01:49.463, 0, NVIDIA H100 80GB HBM3, 65661, 15419, 85, 686.04
2026/06/12 13:01:49.470, 1, NVIDIA H100 80GB HBM3, 65629, 15451, 85, 671.59
2026/06/12 13:01:59.506, 0, NVIDIA H100 80GB HBM3, 65661, 15419, 100, 689.16
2026/06/12 13:01:59.514, 1, NVIDIA H100 80GB HBM3, 65629, 15451, 100, 679.95
2026/06/12 13:02:09.547, 0, NVIDIA H100 80GB HBM3, 65661, 15419, 69, 684.36
2026/06/12 13:02:09.553, 1, NVIDIA H100 80GB HBM3, 65629, 15451, 85, 667.21
2026/06/12 13:02:19.590, 0, NVIDIA H100 80GB HBM3, 65661, 15419, 100, 691.52
2026/06/12 13:02:19.600, 1, NVIDIA H100 80GB HBM3, 65629, 15451, 100, 690.48
2026/06/12 13:02:29.634, 0, NVIDIA H100 80GB HBM3, 65661, 15419, 100, 693.64
2026/06/12 13:02:29.640, 1, NVIDIA H100 80GB HBM3, 65629, 15451, 100, 674.54
2026/06/12 13:02:39.676, 0, NVIDIA H100 80GB HBM3, 65661, 15419, 100, 685.56
2026/06/12 13:02:39.682, 1, NVIDIA H100 80GB HBM3, 65629, 15451, 100, 673.15
2026/06/12 13:02:49.716, 0, NVIDIA H100 80GB HBM3, 65661, 15419, 100, 686.31
2026/06/12 13:02:49.721, 1, NVIDIA H100 80GB HBM3, 65629, 15451, 100, 675.50
2026/06/12 13:02:59.757, 0, NVIDIA H100 80GB HBM3, 65661, 15419, 100, 693.98
2026/06/12 13:02:59.764, 1, NVIDIA H100 80GB HBM3, 65629, 15451, 100, 676.26
2026/06/12 13:03:09.798, 0, NVIDIA H100 80GB HBM3, 65661, 15419, 100, 687.18
2026/06/12 13:03:09.805, 1, NVIDIA H100 80GB HBM3, 65629, 15451, 100, 680.05
2026/06/12 13:03:19.839, 0, NVIDIA H100 80GB HBM3, 65661, 15419, 100, 687.07
2026/06/12 13:03:19.845, 1, NVIDIA H100 80GB HBM3, 65629, 15451, 100, 673.80
2026/06/12 13:03:29.880, 0, NVIDIA H100 80GB HBM3, 65661, 15419, 100, 692.95
2026/06/12 13:03:29.888, 1, NVIDIA H100 80GB HBM3, 65629, 15451, 100, 681.23
2026/06/12 13:03:39.922, 0, NVIDIA H100 80GB HBM3, 65661, 15419, 100, 682.79
2026/06/12 13:03:39.928, 1, NVIDIA H100 80GB HBM3, 65629, 15451, 100, 669.54
2026/06/12 13:03:49.962, 0, NVIDIA H100 80GB HBM3, 65661, 15419, 100, 691.38
2026/06/12 13:03:49.969, 1, NVIDIA H100 80GB HBM3, 65629, 15451, 100, 679.87
2026/06/12 13:04:00.005, 0, NVIDIA H100 80GB HBM3, 65661, 15419, 100, 677.48
2026/06/12 13:04:00.011, 1, NVIDIA H100 80GB HBM3, 65629, 15451, 85, 663.67
2026/06/12 13:04:10.056, 0, NVIDIA H100 80GB HBM3, 65661, 15419, 100, 678.11
2026/06/12 13:04:10.064, 1, NVIDIA H100 80GB HBM3, 65629, 15451, 100, 669.61
2026/06/12 13:04:20.099, 0, NVIDIA H100 80GB HBM3, 65661, 15419, 100, 686.86
2026/06/12 13:04:20.105, 1, NVIDIA H100 80GB HBM3, 65629, 15451, 100, 674.00
2026/06/12 13:04:30.139, 0, NVIDIA H100 80GB HBM3, 65661, 15419, 68, 679.92
2026/06/12 13:04:30.145, 1, NVIDIA H100 80GB HBM3, 65629, 15451, 67, 668.99
2026/06/12 13:04:40.178, 0, NVIDIA H100 80GB HBM3, 65661, 15419, 100, 696.76
2026/06/12 13:04:40.185, 1, NVIDIA H100 80GB HBM3, 65629, 15451, 100, 681.02
2026/06/12 13:04:50.220, 0, NVIDIA H100 80GB HBM3, 65661, 15419, 100, 696.35
2026/06/12 13:04:50.226, 1, NVIDIA H100 80GB HBM3, 65629, 15451, 100, 684.20
2026/06/12 13:05:00.259, 0, NVIDIA H100 80GB HBM3, 65661, 15419, 100, 685.58
2026/06/12 13:05:00.266, 1, NVIDIA H100 80GB HBM3, 65629, 15451, 100, 664.06
2026/06/12 13:05:10.301, 0, NVIDIA H100 80GB HBM3, 65661, 15419, 100, 685.10
2026/06/12 13:05:10.307, 1, NVIDIA H100 80GB HBM3, 65629, 15451, 100, 674.95
2026/06/12 13:05:20.340, 0, NVIDIA H100 80GB HBM3, 65661, 15419, 100, 678.83
2026/06/12 13:05:20.347, 1, NVIDIA H100 80GB HBM3, 65629, 15451, 100, 666.91
2026/06/12 13:05:30.383, 0, NVIDIA H100 80GB HBM3, 65661, 15419, 100, 688.83
2026/06/12 13:05:30.399, 1, NVIDIA H100 80GB HBM3, 65629, 15451, 100, 671.06
2026/06/12 13:05:40.434, 0, NVIDIA H100 80GB HBM3, 65661, 15419, 100, 672.40
2026/06/12 13:05:40.440, 1, NVIDIA H100 80GB HBM3, 65629, 15451, 100, 663.00
2026/06/12 13:05:50.473, 0, NVIDIA H100 80GB HBM3, 65661, 15419, 100, 691.28
2026/06/12 13:05:50.480, 1, NVIDIA H100 80GB HBM3, 65629, 15451, 100, 674.16
2026/06/12 13:06:00.514, 0, NVIDIA H100 80GB HBM3, 65661, 15419, 100, 679.03
2026/06/12 13:06:00.520, 1, NVIDIA H100 80GB HBM3, 65629, 15451, 82, 659.42
2026/06/12 13:06:10.569, 0, NVIDIA H100 80GB HBM3, 65661, 15419, 100, 693.27
2026/06/12 13:06:10.575, 1, NVIDIA H100 80GB HBM3, 65629, 15451, 100, 677.34
2026/06/12 13:06:20.611, 0, NVIDIA H100 80GB HBM3, 65661, 15419, 100, 698.23
2026/06/12 13:06:20.618, 1, NVIDIA H100 80GB HBM3, 65629, 15451, 100, 684.96
2026/06/12 13:06:30.655, 0, NVIDIA H100 80GB HBM3, 65661, 15419, 100, 676.76
2026/06/12 13:06:30.662, 1, NVIDIA H100 80GB HBM3, 65629, 15451, 100, 671.78
2026/06/12 13:06:40.697, 0, NVIDIA H100 80GB HBM3, 65661, 15419, 100, 688.21
2026/06/12 13:06:40.703, 1, NVIDIA H100 80GB HBM3, 65629, 15451, 100, 673.73
2026/06/12 13:06:50.741, 0, NVIDIA H100 80GB HBM3, 65661, 15419, 100, 684.60
2026/06/12 13:06:50.748, 1, NVIDIA H100 80GB HBM3, 65629, 15451, 100, 660.41
2026/06/12 13:07:00.782, 0, NVIDIA H100 80GB HBM3, 65661, 15419, 100, 686.43
2026/06/12 13:07:00.788, 1, NVIDIA H100 80GB HBM3, 65629, 15451, 100, 674.32
2026/06/12 13:07:10.825, 0, NVIDIA H100 80GB HBM3, 65661, 15419, 100, 677.47
2026/06/12 13:07:10.833, 1, NVIDIA H100 80GB HBM3, 65629, 15451, 100, 669.75
2026/06/12 13:07:20.867, 0, NVIDIA H100 80GB HBM3, 65661, 15419, 100, 692.83
2026/06/12 13:07:20.874, 1, NVIDIA H100 80GB HBM3, 65629, 15451, 100, 676.84
2026/06/12 13:07:30.911, 0, NVIDIA H100 80GB HBM3, 65661, 15419, 98, 673.59
2026/06/12 13:07:30.917, 1, NVIDIA H100 80GB HBM3, 65629, 15451, 100, 671.07
2026/06/12 13:07:40.951, 0, NVIDIA H100 80GB HBM3, 65661, 15419, 100, 684.37
2026/06/12 13:07:40.957, 1, NVIDIA H100 80GB HBM3, 65629, 15451, 100, 673.50
2026/06/12 13:07:50.994, 0, NVIDIA H100 80GB HBM3, 65661, 15419, 100, 689.79
2026/06/12 13:07:51.000, 1, NVIDIA H100 80GB HBM3, 65629, 15451, 100, 678.80
2026/06/12 13:08:01.034, 0, NVIDIA H100 80GB HBM3, 65661, 15419, 100, 678.05
2026/06/12 13:08:01.040, 1, NVIDIA H100 80GB HBM3, 65629, 15451, 100, 667.17
2026/06/12 13:08:11.074, 0, NVIDIA H100 80GB HBM3, 65661, 15419, 100, 690.48
2026/06/12 13:08:11.080, 1, NVIDIA H100 80GB HBM3, 65629, 15451, 100, 681.54
2026/06/12 13:08:21.114, 0, NVIDIA H100 80GB HBM3, 65661, 15419, 100, 681.58
2026/06/12 13:08:21.119, 1, NVIDIA H100 80GB HBM3, 65629, 15451, 100, 675.72
2026/06/12 13:08:31.157, 0, NVIDIA H100 80GB HBM3, 65661, 15419, 100, 691.88
2026/06/12 13:08:31.164, 1, NVIDIA H100 80GB HBM3, 65629, 15451, 100, 669.38
2026/06/12 13:08:41.199, 0, NVIDIA H100 80GB HBM3, 65661, 15419, 100, 690.69
2026/06/12 13:08:41.205, 1, NVIDIA H100 80GB HBM3, 65629, 15451, 100, 662.81
2026/06/12 13:08:51.242, 0, NVIDIA H100 80GB HBM3, 65661, 15419, 100, 689.65
2026/06/12 13:08:51.249, 1, NVIDIA H100 80GB HBM3, 65629, 15451, 100, 675.75
2026/06/12 13:09:01.284, 0, NVIDIA H100 80GB HBM3, 65661, 15419, 100, 679.84
2026/06/12 13:09:01.290, 1, NVIDIA H100 80GB HBM3, 65629, 15451, 82, 667.44
2026/06/12 13:09:11.327, 0, NVIDIA H100 80GB HBM3, 65661, 15419, 100, 689.76
2026/06/12 13:09:11.335, 1, NVIDIA H100 80GB HBM3, 65629, 15451, 100, 676.44
2026/06/12 13:09:21.369, 0, NVIDIA H100 80GB HBM3, 65661, 15419, 100, 682.91
2026/06/12 13:09:21.373, 1, NVIDIA H100 80GB HBM3, 65629, 15451, 100, 673.42
2026/06/12 13:09:31.406, 0, NVIDIA H100 80GB HBM3, 65661, 15419, 100, 681.49
2026/06/12 13:09:31.413, 1, NVIDIA H100 80GB HBM3, 65629, 15451, 100, 675.24
2026/06/12 13:09:41.447, 0, NVIDIA H100 80GB HBM3, 65661, 15419, 100, 694.96
2026/06/12 13:09:41.454, 1, NVIDIA H100 80GB HBM3, 65629, 15451, 100, 675.91
2026/06/12 13:09:51.490, 0, NVIDIA H100 80GB HBM3, 65661, 15419, 100, 687.91
2026/06/12 13:09:51.499, 1, NVIDIA H100 80GB HBM3, 65629, 15451, 100, 664.10
2026/06/12 13:10:01.534, 0, NVIDIA H100 80GB HBM3, 65661, 15419, 100, 683.00
2026/06/12 13:10:01.541, 1, NVIDIA H100 80GB HBM3, 65629, 15451, 100, 673.80
2026/06/12 13:10:11.577, 0, NVIDIA H100 80GB HBM3, 65661, 15419, 100, 680.73
2026/06/12 13:10:11.585, 1, NVIDIA H100 80GB HBM3, 65629, 15451, 100, 672.34
2026/06/12 13:10:21.619, 0, NVIDIA H100 80GB HBM3, 65661, 15419, 100, 683.83
2026/06/12 13:10:21.625, 1, NVIDIA H100 80GB HBM3, 65629, 15451, 100, 676.77
2026/06/12 13:10:31.664, 0, NVIDIA H100 80GB HBM3, 65661, 15419, 82, 682.81
2026/06/12 13:10:31.671, 1, NVIDIA H100 80GB HBM3, 65629, 15451, 100, 669.82
2026/06/12 13:10:41.706, 0, NVIDIA H100 80GB HBM3, 65661, 15419, 100, 690.73
2026/06/12 13:10:41.711, 1, NVIDIA H100 80GB HBM3, 65629, 15451, 100, 677.90
2026/06/12 13:10:51.755, 0, NVIDIA H100 80GB HBM3, 65661, 15419, 100, 687.11
2026/06/12 13:10:51.763, 1, NVIDIA H100 80GB HBM3, 65629, 15451, 100, 681.68
2026/06/12 13:11:01.798, 0, NVIDIA H100 80GB HBM3, 65661, 15419, 100, 678.17
2026/06/12 13:11:01.805, 1, NVIDIA H100 80GB HBM3, 65629, 15451, 82, 660.83
2026/06/12 13:11:11.840, 0, NVIDIA H100 80GB HBM3, 65661, 15419, 100, 693.17
2026/06/12 13:11:11.848, 1, NVIDIA H100 80GB HBM3, 65629, 15451, 100, 683.91
2026/06/12 13:11:21.883, 0, NVIDIA H100 80GB HBM3, 65661, 15419, 100, 688.42
2026/06/12 13:11:21.889, 1, NVIDIA H100 80GB HBM3, 65629, 15451, 100, 670.62
2026/06/12 13:11:31.924, 0, NVIDIA H100 80GB HBM3, 65661, 15419, 100, 690.18
2026/06/12 13:11:31.931, 1, NVIDIA H100 80GB HBM3, 65629, 15451, 100, 672.72
2026/06/12 13:11:41.967, 0, NVIDIA H100 80GB HBM3, 65661, 15419, 100, 690.18
2026/06/12 13:11:41.972, 1, NVIDIA H100 80GB HBM3, 65629, 15451, 100, 682.54
2026/06/12 13:11:52.007, 0, NVIDIA H100 80GB HBM3, 65661, 15419, 100, 684.74
2026/06/12 13:11:52.012, 1, NVIDIA H100 80GB HBM3, 65629, 15451, 100, 661.43
2026/06/12 13:12:02.048, 0, NVIDIA H100 80GB HBM3, 65661, 15419, 100, 687.73
2026/06/12 13:12:02.056, 1, NVIDIA H100 80GB HBM3, 65629, 15451, 100, 680.69
2026/06/12 13:12:12.091, 0, NVIDIA H100 80GB HBM3, 65661, 15419, 100, 683.63
2026/06/12 13:12:12.097, 1, NVIDIA H100 80GB HBM3, 65629, 15451, 100, 668.63
2026/06/12 13:12:22.133, 0, NVIDIA H100 80GB HBM3, 65661, 15419, 100, 691.60
2026/06/12 13:12:22.138, 1, NVIDIA H100 80GB HBM3, 65629, 15451, 100, 672.42
2026/06/12 13:12:32.172, 0, NVIDIA H100 80GB HBM3, 65661, 15419, 100, 686.38
2026/06/12 13:12:32.178, 1, NVIDIA H100 80GB HBM3, 65629, 15451, 100, 669.11
2026/06/12 13:12:42.214, 0, NVIDIA H100 80GB HBM3, 65661, 15419, 100, 688.79
2026/06/12 13:12:42.222, 1, NVIDIA H100 80GB HBM3, 65629, 15451, 100, 677.61
2026/06/12 13:12:52.259, 0, NVIDIA H100 80GB HBM3, 65661, 15419, 88, 674.50
2026/06/12 13:12:52.264, 1, NVIDIA H100 80GB HBM3, 65629, 15451, 100, 665.69
2026/06/12 13:13:02.299, 0, NVIDIA H100 80GB HBM3, 65661, 15419, 100, 698.70
2026/06/12 13:13:02.306, 1, NVIDIA H100 80GB HBM3, 65629, 15451, 100, 681.76
2026/06/12 13:13:12.340, 0, NVIDIA H100 80GB HBM3, 65661, 15419, 100, 698.86
2026/06/12 13:13:12.346, 1, NVIDIA H100 80GB HBM3, 65629, 15451, 100, 678.88
2026/06/12 13:13:22.379, 0, NVIDIA H100 80GB HBM3, 65661, 15419, 100, 686.22
2026/06/12 13:13:22.397, 1, NVIDIA H100 80GB HBM3, 65629, 15451, 100, 669.75
2026/06/12 13:13:32.430, 0, NVIDIA H100 80GB HBM3, 65661, 15419, 100, 685.26
2026/06/12 13:13:32.438, 1, NVIDIA H100 80GB HBM3, 65629, 15451, 100, 680.43
2026/06/12 13:13:42.471, 0, NVIDIA H100 80GB HBM3, 65661, 15419, 100, 683.09
2026/06/12 13:13:42.477, 1, NVIDIA H100 80GB HBM3, 65629, 15451, 100, 665.20
2026/06/12 13:13:52.511, 0, NVIDIA H100 80GB HBM3, 65661, 15419, 100, 690.65
2026/06/12 13:13:52.517, 1, NVIDIA H100 80GB HBM3, 65629, 15451, 100, 685.09
2026/06/12 13:14:02.553, 0, NVIDIA H100 80GB HBM3, 65661, 15419, 100, 682.77
2026/06/12 13:14:02.558, 1, NVIDIA H100 80GB HBM3, 65629, 15451, 100, 665.12
2026/06/12 13:14:12.592, 0, NVIDIA H100 80GB HBM3, 65661, 15419, 100, 684.76
2026/06/12 13:14:12.598, 1, NVIDIA H100 80GB HBM3, 65629, 15451, 100, 680.26
2026/06/12 13:14:22.631, 0, NVIDIA H100 80GB HBM3, 65661, 15419, 100, 673.82
2026/06/12 13:14:22.637, 1, NVIDIA H100 80GB HBM3, 65629, 15451, 83, 669.18
2026/06/12 13:14:32.671, 0, NVIDIA H100 80GB HBM3, 65661, 15419, 100, 687.64
2026/06/12 13:14:32.677, 1, NVIDIA H100 80GB HBM3, 65629, 15451, 100, 682.89
2026/06/12 13:14:42.711, 0, NVIDIA H100 80GB HBM3, 65661, 15419, 100, 696.80
2026/06/12 13:14:42.717, 1, NVIDIA H100 80GB HBM3, 65629, 15451, 100, 680.69
2026/06/12 13:14:52.753, 0, NVIDIA H100 80GB HBM3, 65661, 15419, 100, 682.96
2026/06/12 13:14:52.759, 1, NVIDIA H100 80GB HBM3, 65629, 15451, 100, 675.11
2026/06/12 13:15:02.794, 0, NVIDIA H100 80GB HBM3, 65661, 15419, 100, 684.96
2026/06/12 13:15:02.800, 1, NVIDIA H100 80GB HBM3, 65629, 15451, 100, 675.76
2026/06/12 13:15:12.837, 0, NVIDIA H100 80GB HBM3, 65661, 15419, 100, 675.88
2026/06/12 13:15:12.843, 1, NVIDIA H100 80GB HBM3, 65629, 15451, 100, 673.80
2026/06/12 13:15:22.879, 0, NVIDIA H100 80GB HBM3, 65661, 15419, 100, 695.04
2026/06/12 13:15:22.886, 1, NVIDIA H100 80GB HBM3, 65629, 15451, 100, 678.42
2026/06/12 13:15:32.922, 0, NVIDIA H100 80GB HBM3, 65661, 15419, 100, 687.09
2026/06/12 13:15:32.929, 1, NVIDIA H100 80GB HBM3, 65629, 15451, 100, 675.47
2026/06/12 13:15:42.966, 0, NVIDIA H100 80GB HBM3, 65661, 15419, 100, 685.93
2026/06/12 13:15:42.972, 1, NVIDIA H100 80GB HBM3, 65629, 15451, 100, 674.74
2026/06/12 13:15:53.004, 0, NVIDIA H100 80GB HBM3, 65661, 15419, 100, 681.29
2026/06/12 13:15:53.010, 1, NVIDIA H100 80GB HBM3, 65629, 15451, 100, 673.59
2026/06/12 13:16:03.051, 0, NVIDIA H100 80GB HBM3, 65661, 15419, 100, 688.62
2026/06/12 13:16:03.059, 1, NVIDIA H100 80GB HBM3, 65629, 15451, 100, 674.45
2026/06/12 13:16:13.094, 0, NVIDIA H100 80GB HBM3, 65661, 15419, 86, 683.14
2026/06/12 13:16:13.101, 1, NVIDIA H100 80GB HBM3, 65629, 15451, 100, 665.59
2026/06/12 13:16:23.139, 0, NVIDIA H100 80GB HBM3, 65661, 15419, 100, 689.31
2026/06/12 13:16:23.144, 1, NVIDIA H100 80GB HBM3, 65629, 15451, 100, 678.16
2026/06/12 13:16:33.179, 0, NVIDIA H100 80GB HBM3, 65661, 15419, 100, 690.85
2026/06/12 13:16:33.185, 1, NVIDIA H100 80GB HBM3, 65629, 15451, 100, 689.01
2026/06/12 13:16:43.221, 0, NVIDIA H100 80GB HBM3, 65661, 15419, 100, 682.70
2026/06/12 13:16:43.227, 1, NVIDIA H100 80GB HBM3, 65629, 15451, 100, 669.32
2026/06/12 13:16:53.262, 0, NVIDIA H100 80GB HBM3, 65661, 15419, 100, 693.61
2026/06/12 13:16:53.269, 1, NVIDIA H100 80GB HBM3, 65629, 15451, 100, 679.07
2026/06/12 13:17:03.304, 0, NVIDIA H100 80GB HBM3, 65661, 15419, 100, 684.56
2026/06/12 13:17:03.309, 1, NVIDIA H100 80GB HBM3, 65629, 15451, 100, 665.56
2026/06/12 13:17:13.352, 0, NVIDIA H100 80GB HBM3, 65661, 15419, 100, 688.82
2026/06/12 13:17:13.358, 1, NVIDIA H100 80GB HBM3, 65629, 15451, 100, 673.98
2026/06/12 13:17:23.393, 0, NVIDIA H100 80GB HBM3, 65661, 15419, 100, 684.06
2026/06/12 13:17:23.399, 1, NVIDIA H100 80GB HBM3, 65629, 15451, 100, 671.96
2026/06/12 13:17:33.435, 0, NVIDIA H100 80GB HBM3, 65661, 15419, 100, 684.11
2026/06/12 13:17:33.441, 1, NVIDIA H100 80GB HBM3, 65629, 15451, 100, 672.00
2026/06/12 13:17:43.477, 0, NVIDIA H100 80GB HBM3, 65661, 15419, 100, 688.65
2026/06/12 13:17:43.483, 1, NVIDIA H100 80GB HBM3, 65629, 15451, 100, 679.32
2026/06/12 13:17:53.519, 0, NVIDIA H100 80GB HBM3, 65661, 15419, 100, 673.45
2026/06/12 13:17:53.526, 1, NVIDIA H100 80GB HBM3, 65629, 15451, 100, 667.80
2026/06/12 13:18:03.562, 0, NVIDIA H100 80GB HBM3, 65661, 15419, 100, 688.22
2026/06/12 13:18:03.567, 1, NVIDIA H100 80GB HBM3, 65629, 15451, 100, 681.88
2026/06/12 13:18:13.600, 0, NVIDIA H100 80GB HBM3, 65661, 15419, 83, 679.72
2026/06/12 13:18:13.607, 1, NVIDIA H100 80GB HBM3, 65629, 15451, 83, 665.45
2026/06/12 13:18:23.650, 0, NVIDIA H100 80GB HBM3, 65661, 15419, 100, 694.58
2026/06/12 13:18:23.656, 1, NVIDIA H100 80GB HBM3, 65629, 15451, 100, 669.10
2026/06/12 13:18:33.689, 0, NVIDIA H100 80GB HBM3, 65661, 15419, 100, 690.90
2026/06/12 13:18:33.695, 1, NVIDIA H100 80GB HBM3, 65629, 15451, 100, 684.23
2026/06/12 13:18:43.729, 0, NVIDIA H100 80GB HBM3, 65661, 15419, 100, 679.89
2026/06/12 13:18:43.735, 1, NVIDIA H100 80GB HBM3, 65629, 15451, 100, 675.35
2026/06/12 13:18:53.770, 0, NVIDIA H100 80GB HBM3, 65661, 15419, 100, 690.12
2026/06/12 13:18:53.777, 1, NVIDIA H100 80GB HBM3, 65629, 15451, 100, 676.84
2026/06/12 13:19:03.810, 0, NVIDIA H100 80GB HBM3, 65661, 15419, 100, 683.27
2026/06/12 13:19:03.817, 1, NVIDIA H100 80GB HBM3, 65629, 15451, 100, 660.23
2026/06/12 13:19:13.852, 0, NVIDIA H100 80GB HBM3, 65661, 15419, 100, 687.62
2026/06/12 13:19:13.857, 1, NVIDIA H100 80GB HBM3, 65629, 15451, 100, 673.95
2026/06/12 13:19:23.893, 0, NVIDIA H100 80GB HBM3, 65661, 15419, 100, 681.99
2026/06/12 13:19:23.900, 1, NVIDIA H100 80GB HBM3, 65629, 15451, 100, 661.77
2026/06/12 13:19:33.935, 0, NVIDIA H100 80GB HBM3, 65661, 15419, 100, 691.95
2026/06/12 13:19:33.941, 1, NVIDIA H100 80GB HBM3, 65629, 15451, 100, 679.86
2026/06/12 13:19:43.976, 0, NVIDIA H100 80GB HBM3, 65661, 15419, 95, 675.34
2026/06/12 13:19:43.983, 1, NVIDIA H100 80GB HBM3, 65629, 15451, 100, 670.63
2026/06/12 13:19:54.019, 0, NVIDIA H100 80GB HBM3, 65661, 15419, 100, 691.29
2026/06/12 13:19:54.027, 1, NVIDIA H100 80GB HBM3, 65629, 15451, 100, 682.87
2026/06/12 13:20:04.062, 0, NVIDIA H100 80GB HBM3, 65661, 15419, 100, 677.69
2026/06/12 13:20:04.070, 1, NVIDIA H100 80GB HBM3, 65629, 15451, 100, 662.87
2026/06/12 13:20:14.107, 0, NVIDIA H100 80GB HBM3, 65661, 15419, 100, 696.33
2026/06/12 13:20:14.114, 1, NVIDIA H100 80GB HBM3, 65629, 15451, 100, 680.31
2026/06/12 13:20:24.148, 0, NVIDIA H100 80GB HBM3, 65661, 15419, 100, 699.07
2026/06/12 13:20:24.155, 1, NVIDIA H100 80GB HBM3, 65629, 15451, 100, 674.74
2026/06/12 13:20:34.194, 0, NVIDIA H100 80GB HBM3, 65661, 15419, 100, 694.92
2026/06/12 13:20:34.201, 1, NVIDIA H100 80GB HBM3, 65629, 15451, 100, 672.80
2026/06/12 13:20:44.236, 0, NVIDIA H100 80GB HBM3, 65661, 15419, 100, 685.95
2026/06/12 13:20:44.243, 1, NVIDIA H100 80GB HBM3, 65629, 15451, 100, 668.66
2026/06/12 13:20:54.278, 0, NVIDIA H100 80GB HBM3, 65661, 15419, 100, 683.33
2026/06/12 13:20:54.296, 1, NVIDIA H100 80GB HBM3, 65629, 15451, 100, 663.69
2026/06/12 13:21:04.331, 0, NVIDIA H100 80GB HBM3, 65661, 15419, 100, 689.84
2026/06/12 13:21:04.337, 1, NVIDIA H100 80GB HBM3, 65629, 15451, 100, 676.48
2026/06/12 13:21:14.371, 0, NVIDIA H100 80GB HBM3, 65661, 15419, 100, 677.11
2026/06/12 13:21:14.377, 1, NVIDIA H100 80GB HBM3, 65629, 15451, 100, 662.82
2026/06/12 13:21:24.411, 0, NVIDIA H100 80GB HBM3, 65661, 15419, 100, 690.63
2026/06/12 13:21:24.417, 1, NVIDIA H100 80GB HBM3, 65629, 15451, 100, 679.16
2026/06/12 13:21:34.452, 0, NVIDIA H100 80GB HBM3, 65661, 15419, 96, 682.89
2026/06/12 13:21:34.459, 1, NVIDIA H100 80GB HBM3, 65629, 15451, 84, 663.89
2026/06/12 13:21:44.494, 0, NVIDIA H100 80GB HBM3, 65661, 15419, 100, 691.70
2026/06/12 13:21:44.499, 1, NVIDIA H100 80GB HBM3, 65629, 15451, 100, 682.73
2026/06/12 13:21:54.535, 0, NVIDIA H100 80GB HBM3, 65661, 15419, 100, 696.74
2026/06/12 13:21:54.543, 1, NVIDIA H100 80GB HBM3, 65629, 15451, 100, 681.47
2026/06/12 13:22:04.580, 0, NVIDIA H100 80GB HBM3, 65661, 15419, 100, 684.90
2026/06/12 13:22:04.586, 1, NVIDIA H100 80GB HBM3, 65629, 15451, 100, 664.68
2026/06/12 13:22:14.621, 0, NVIDIA H100 80GB HBM3, 65661, 15419, 100, 689.05
2026/06/12 13:22:14.628, 1, NVIDIA H100 80GB HBM3, 65629, 15451, 100, 671.74
2026/06/12 13:22:24.664, 0, NVIDIA H100 80GB HBM3, 65661, 15419, 100, 675.27
2026/06/12 13:22:24.672, 1, NVIDIA H100 80GB HBM3, 65629, 15451, 100, 670.59
2026/06/12 13:22:34.707, 0, NVIDIA H100 80GB HBM3, 65661, 15419, 100, 690.97
2026/06/12 13:22:34.713, 1, NVIDIA H100 80GB HBM3, 65629, 15451, 100, 676.82
2026/06/12 13:22:44.751, 0, NVIDIA H100 80GB HBM3, 65661, 15419, 100, 683.54
2026/06/12 13:22:44.757, 1, NVIDIA H100 80GB HBM3, 65629, 15451, 100, 664.21
2026/06/12 13:22:54.791, 0, NVIDIA H100 80GB HBM3, 65661, 15419, 100, 681.58
2026/06/12 13:22:54.797, 1, NVIDIA H100 80GB HBM3, 65629, 15451, 100, 677.16
2026/06/12 13:23:04.833, 0, NVIDIA H100 80GB HBM3, 65661, 15419, 100, 677.42
2026/06/12 13:23:04.839, 1, NVIDIA H100 80GB HBM3, 65629, 15451, 100, 660.79
2026/06/12 13:23:14.874, 0, NVIDIA H100 80GB HBM3, 65661, 15419, 100, 693.18
2026/06/12 13:23:14.882, 1, NVIDIA H100 80GB HBM3, 65629, 15451, 100, 680.73
2026/06/12 13:23:24.915, 0, NVIDIA H100 80GB HBM3, 65661, 15419, 100, 695.23
2026/06/12 13:23:24.920, 1, NVIDIA H100 80GB HBM3, 65629, 15451, 100, 678.15
2026/06/12 13:23:34.955, 0, NVIDIA H100 80GB HBM3, 65661, 15419, 100, 684.48
2026/06/12 13:23:34.962, 1, NVIDIA H100 80GB HBM3, 65629, 15451, 100, 673.84
2026/06/12 13:23:44.997, 0, NVIDIA H100 80GB HBM3, 65661, 15419, 100, 687.62
2026/06/12 13:23:45.003, 1, NVIDIA H100 80GB HBM3, 65629, 15451, 100, 677.01
2026/06/12 13:23:55.039, 0, NVIDIA H100 80GB HBM3, 65661, 15419, 100, 688.26
2026/06/12 13:23:55.046, 1, NVIDIA H100 80GB HBM3, 65629, 15451, 100, 661.15
2026/06/12 13:24:05.081, 0, NVIDIA H100 80GB HBM3, 65661, 15419, 100, 688.97
2026/06/12 13:24:05.088, 1, NVIDIA H100 80GB HBM3, 65629, 15451, 100, 678.83
2026/06/12 13:24:15.126, 0, NVIDIA H100 80GB HBM3, 65661, 15419, 100, 670.80
2026/06/12 13:24:15.134, 1, NVIDIA H100 80GB HBM3, 65629, 15451, 100, 661.78
2026/06/12 13:24:25.171, 0, NVIDIA H100 80GB HBM3, 65661, 15419, 100, 388.01
2026/06/12 13:24:25.178, 1, NVIDIA H100 80GB HBM3, 65629, 15451, 100, 381.47
2026/06/12 13:24:35.215, 0, NVIDIA H100 80GB HBM3, 65661, 15419, 100, 692.30
2026/06/12 13:24:35.221, 1, NVIDIA H100 80GB HBM3, 65629, 15451, 100, 670.90
2026/06/12 13:24:45.256, 0, NVIDIA H100 80GB HBM3, 65661, 15419, 82, 684.28
2026/06/12 13:24:45.263, 1, NVIDIA H100 80GB HBM3, 65629, 15451, 82, 656.73
2026/06/12 13:24:55.299, 0, NVIDIA H100 80GB HBM3, 65661, 15419, 100, 687.82
2026/06/12 13:24:55.306, 1, NVIDIA H100 80GB HBM3, 65629, 15451, 100, 687.63
2026/06/12 13:25:05.340, 0, NVIDIA H100 80GB HBM3, 65661, 15419, 100, 689.00
2026/06/12 13:25:05.345, 1, NVIDIA H100 80GB HBM3, 65629, 15451, 100, 672.12
2026/06/12 13:25:15.379, 0, NVIDIA H100 80GB HBM3, 65661, 15419, 100, 679.98
2026/06/12 13:25:15.396, 1, NVIDIA H100 80GB HBM3, 65629, 15451, 100, 672.66
2026/06/12 13:25:25.430, 0, NVIDIA H100 80GB HBM3, 65661, 15419, 100, 691.42
2026/06/12 13:25:25.435, 1, NVIDIA H100 80GB HBM3, 65629, 15451, 100, 674.52
2026/06/12 13:25:35.473, 0, NVIDIA H100 80GB HBM3, 65661, 15419, 100, 681.80
2026/06/12 13:25:35.479, 1, NVIDIA H100 80GB HBM3, 65629, 15451, 100, 663.93
2026/06/12 13:25:45.515, 0, NVIDIA H100 80GB HBM3, 65661, 15419, 100, 686.44
2026/06/12 13:25:45.521, 1, NVIDIA H100 80GB HBM3, 65629, 15451, 100, 671.12
2026/06/12 13:25:55.558, 0, NVIDIA H100 80GB HBM3, 65661, 15419, 100, 675.04
2026/06/12 13:25:55.566, 1, NVIDIA H100 80GB HBM3, 65629, 15451, 100, 664.04
2026/06/12 13:26:05.600, 0, NVIDIA H100 80GB HBM3, 65661, 15419, 100, 693.78
2026/06/12 13:26:05.608, 1, NVIDIA H100 80GB HBM3, 65629, 15451, 100, 680.06
2026/06/12 13:26:15.654, 0, NVIDIA H100 80GB HBM3, 65661, 15419, 100, 684.47
2026/06/12 13:26:15.660, 1, NVIDIA H100 80GB HBM3, 65629, 15451, 100, 661.24
2026/06/12 13:26:25.698, 0, NVIDIA H100 80GB HBM3, 65661, 15419, 100, 687.80
2026/06/12 13:26:25.704, 1, NVIDIA H100 80GB HBM3, 65629, 15451, 100, 676.92
2026/06/12 13:26:35.752, 0, NVIDIA H100 80GB HBM3, 65661, 15419, 75, 679.84
2026/06/12 13:26:35.757, 1, NVIDIA H100 80GB HBM3, 65629, 15451, 82, 662.40
2026/06/12 13:26:45.792, 0, NVIDIA H100 80GB HBM3, 65661, 15419, 100, 703.06
2026/06/12 13:26:45.798, 1, NVIDIA H100 80GB HBM3, 65629, 15451, 100, 685.26
2026/06/12 13:26:55.832, 0, NVIDIA H100 80GB HBM3, 65661, 15419, 100, 694.12
2026/06/12 13:26:55.837, 1, NVIDIA H100 80GB HBM3, 65629, 15451, 100, 677.73
2026/06/12 13:27:05.872, 0, NVIDIA H100 80GB HBM3, 65661, 15419, 100, 681.09
2026/06/12 13:27:05.878, 1, NVIDIA H100 80GB HBM3, 65629, 15451, 100, 666.19
2026/06/12 13:27:15.913, 0, NVIDIA H100 80GB HBM3, 65661, 15419, 100, 688.54
2026/06/12 13:27:15.919, 1, NVIDIA H100 80GB HBM3, 65629, 15451, 100, 675.26
2026/06/12 13:27:25.954, 0, NVIDIA H100 80GB HBM3, 65661, 15419, 100, 684.47
2026/06/12 13:27:25.960, 1, NVIDIA H100 80GB HBM3, 65629, 15451, 100, 666.77
2026/06/12 13:27:35.996, 0, NVIDIA H100 80GB HBM3, 65661, 15419, 100, 687.04
2026/06/12 13:27:36.002, 1, NVIDIA H100 80GB HBM3, 65629, 15451, 100, 679.64
2026/06/12 13:27:46.040, 0, NVIDIA H100 80GB HBM3, 65661, 15419, 100, 679.78
2026/06/12 13:27:46.047, 1, NVIDIA H100 80GB HBM3, 65629, 15451, 100, 669.30
2026/06/12 13:27:56.082, 0, NVIDIA H100 80GB HBM3, 65661, 15419, 100, 692.88
2026/06/12 13:27:56.099, 1, NVIDIA H100 80GB HBM3, 65629, 15451, 100, 675.98
2026/06/12 13:28:06.134, 0, NVIDIA H100 80GB HBM3, 65661, 15419, 64, 671.14
2026/06/12 13:28:06.140, 1, NVIDIA H100 80GB HBM3, 65629, 15451, 66, 662.84
2026/06/12 13:28:16.177, 0, NVIDIA H100 80GB HBM3, 65661, 15419, 100, 697.18
2026/06/12 13:28:16.184, 1, NVIDIA H100 80GB HBM3, 65629, 15451, 100, 684.88
2026/06/12 13:28:26.222, 0, NVIDIA H100 80GB HBM3, 65661, 15419, 100, 696.02
2026/06/12 13:28:26.229, 1, NVIDIA H100 80GB HBM3, 65629, 15451, 100, 676.21
2026/06/12 13:28:36.265, 0, NVIDIA H100 80GB HBM3, 65661, 15419, 100, 687.29
2026/06/12 13:28:36.271, 1, NVIDIA H100 80GB HBM3, 65629, 15451, 100, 671.23
2026/06/12 13:28:46.307, 0, NVIDIA H100 80GB HBM3, 65661, 15419, 100, 690.21
2026/06/12 13:28:46.312, 1, NVIDIA H100 80GB HBM3, 65629, 15451, 100, 667.76
2026/06/12 13:28:56.347, 0, NVIDIA H100 80GB HBM3, 65661, 15419, 100, 674.26
2026/06/12 13:28:56.353, 1, NVIDIA H100 80GB HBM3, 65629, 15451, 100, 671.35
2026/06/12 13:29:06.387, 0, NVIDIA H100 80GB HBM3, 65661, 15419, 100, 689.98
2026/06/12 13:29:06.393, 1, NVIDIA H100 80GB HBM3, 65629, 15451, 100, 675.72
2026/06/12 13:29:16.427, 0, NVIDIA H100 80GB HBM3, 65661, 15419, 82, 674.34
2026/06/12 13:29:16.433, 1, NVIDIA H100 80GB HBM3, 65629, 15451, 93, 671.95
2026/06/12 13:29:26.469, 0, NVIDIA H100 80GB HBM3, 65661, 15419, 100, 691.79
2026/06/12 13:29:26.475, 1, NVIDIA H100 80GB HBM3, 65629, 15451, 100, 671.63
2026/06/12 13:29:36.511, 0, NVIDIA H100 80GB HBM3, 65661, 15419, 65, 677.96
2026/06/12 13:29:36.516, 1, NVIDIA H100 80GB HBM3, 65629, 15451, 82, 662.61
2026/06/12 13:29:46.552, 0, NVIDIA H100 80GB HBM3, 65661, 15419, 100, 692.67
2026/06/12 13:29:46.560, 1, NVIDIA H100 80GB HBM3, 65629, 15451, 100, 688.86
2026/06/12 13:29:56.595, 0, NVIDIA H100 80GB HBM3, 65661, 15419, 100, 697.88
2026/06/12 13:29:56.601, 1, NVIDIA H100 80GB HBM3, 65629, 15451, 100, 679.62
2026/06/12 13:30:06.641, 0, NVIDIA H100 80GB HBM3, 65661, 15419, 100, 684.74
2026/06/12 13:30:06.649, 1, NVIDIA H100 80GB HBM3, 65629, 15451, 100, 669.50
2026/06/12 13:30:16.686, 0, NVIDIA H100 80GB HBM3, 65661, 15419, 100, 681.24
2026/06/12 13:30:16.696, 1, NVIDIA H100 80GB HBM3, 65629, 15451, 100, 673.20
2026/06/12 13:30:26.734, 0, NVIDIA H100 80GB HBM3, 65661, 15419, 100, 677.65
2026/06/12 13:30:26.740, 1, NVIDIA H100 80GB HBM3, 65629, 15451, 100, 663.53
2026/06/12 13:30:36.775, 0, NVIDIA H100 80GB HBM3, 65661, 15419, 100, 683.31
2026/06/12 13:30:36.781, 1, NVIDIA H100 80GB HBM3, 65629, 15451, 100, 674.93
2026/06/12 13:30:46.816, 0, NVIDIA H100 80GB HBM3, 65661, 15419, 100, 683.30
2026/06/12 13:30:46.821, 1, NVIDIA H100 80GB HBM3, 65629, 15451, 100, 663.05
2026/06/12 13:30:56.854, 0, NVIDIA H100 80GB HBM3, 65661, 15419, 100, 691.51
2026/06/12 13:30:56.859, 1, NVIDIA H100 80GB HBM3, 65629, 15451, 100, 680.46
2026/06/12 13:31:06.894, 0, NVIDIA H100 80GB HBM3, 65661, 15419, 98, 701.46
2026/06/12 13:31:06.897, 1, NVIDIA H100 80GB HBM3, 65629, 15451, 100, 685.10
2026/06/12 13:31:16.927, 0, NVIDIA H100 80GB HBM3, 65661, 15419, 100, 676.35
2026/06/12 13:31:16.933, 1, NVIDIA H100 80GB HBM3, 65629, 15451, 100, 661.93
2026/06/12 13:31:26.967, 0, NVIDIA H100 80GB HBM3, 65661, 15419, 100, 688.44
2026/06/12 13:31:26.973, 1, NVIDIA H100 80GB HBM3, 65629, 15451, 100, 675.90
2026/06/12 13:31:37.005, 0, NVIDIA H100 80GB HBM3, 65661, 15419, 100, 677.01
2026/06/12 13:31:37.010, 1, NVIDIA H100 80GB HBM3, 65629, 15451, 80, 666.03
2026/06/12 13:31:47.049, 0, NVIDIA H100 80GB HBM3, 65661, 15419, 100, 692.25
2026/06/12 13:31:47.055, 1, NVIDIA H100 80GB HBM3, 65629, 15451, 100, 679.15
2026/06/12 13:31:57.089, 0, NVIDIA H100 80GB HBM3, 65661, 15419, 100, 695.70
2026/06/12 13:31:57.094, 1, NVIDIA H100 80GB HBM3, 65629, 15451, 100, 680.57
2026/06/12 13:32:07.127, 0, NVIDIA H100 80GB HBM3, 65661, 15419, 100, 680.32
2026/06/12 13:32:07.133, 1, NVIDIA H100 80GB HBM3, 65629, 15451, 100, 661.79
2026/06/12 13:32:17.167, 0, NVIDIA H100 80GB HBM3, 65661, 15419, 100, 688.06
2026/06/12 13:32:17.173, 1, NVIDIA H100 80GB HBM3, 65629, 15451, 100, 673.33
2026/06/12 13:32:27.206, 0, NVIDIA H100 80GB HBM3, 65661, 15419, 100, 684.70
2026/06/12 13:32:27.212, 1, NVIDIA H100 80GB HBM3, 65629, 15451, 100, 670.02
2026/06/12 13:32:37.246, 0, NVIDIA H100 80GB HBM3, 65661, 15419, 100, 686.50
2026/06/12 13:32:37.250, 1, NVIDIA H100 80GB HBM3, 65629, 15451, 100, 671.80
2026/06/12 13:32:47.284, 0, NVIDIA H100 80GB HBM3, 65661, 15419, 100, 681.40
2026/06/12 13:32:47.295, 1, NVIDIA H100 80GB HBM3, 65629, 15451, 100, 668.14
2026/06/12 13:32:57.328, 0, NVIDIA H100 80GB HBM3, 65661, 15419, 100, 693.12
2026/06/12 13:32:57.333, 1, NVIDIA H100 80GB HBM3, 65629, 15451, 100, 677.91
2026/06/12 13:33:07.365, 0, NVIDIA H100 80GB HBM3, 65661, 15419, 82, 682.75
2026/06/12 13:33:07.371, 1, NVIDIA H100 80GB HBM3, 65629, 15451, 82, 663.09
2026/06/12 13:33:17.404, 0, NVIDIA H100 80GB HBM3, 65661, 15419, 100, 687.56
2026/06/12 13:33:17.409, 1, NVIDIA H100 80GB HBM3, 65629, 15451, 100, 684.64
2026/06/12 13:33:27.440, 0, NVIDIA H100 80GB HBM3, 65661, 15419, 100, 677.93
2026/06/12 13:33:27.444, 1, NVIDIA H100 80GB HBM3, 65629, 15451, 100, 664.77
2026/06/12 13:33:37.478, 0, NVIDIA H100 80GB HBM3, 65661, 15419, 100, 684.80
2026/06/12 13:33:37.495, 1, NVIDIA H100 80GB HBM3, 65629, 15451, 100, 677.63
2026/06/12 13:33:47.526, 0, NVIDIA H100 80GB HBM3, 65661, 15419, 100, 690.34
2026/06/12 13:33:47.531, 1, NVIDIA H100 80GB HBM3, 65629, 15451, 100, 675.40
2026/06/12 13:33:57.567, 0, NVIDIA H100 80GB HBM3, 65661, 15419, 100, 685.01
2026/06/12 13:33:57.574, 1, NVIDIA H100 80GB HBM3, 65629, 15451, 100, 674.82
2026/06/12 13:34:07.609, 0, NVIDIA H100 80GB HBM3, 65661, 15419, 100, 692.17
2026/06/12 13:34:07.617, 1, NVIDIA H100 80GB HBM3, 65629, 15451, 100, 678.94
2026/06/12 13:34:17.657, 0, NVIDIA H100 80GB HBM3, 65661, 15419, 100, 685.41
2026/06/12 13:34:17.665, 1, NVIDIA H100 80GB HBM3, 65629, 15451, 100, 674.30
2026/06/12 13:34:27.701, 0, NVIDIA H100 80GB HBM3, 65661, 15419, 100, 692.36
2026/06/12 13:34:27.707, 1, NVIDIA H100 80GB HBM3, 65629, 15451, 100, 675.68
2026/06/12 13:34:37.752, 0, NVIDIA H100 80GB HBM3, 65661, 15419, 100, 679.92
2026/06/12 13:34:37.759, 1, NVIDIA H100 80GB HBM3, 65629, 15451, 100, 671.28
2026/06/12 13:34:47.796, 0, NVIDIA H100 80GB HBM3, 65661, 15419, 100, 688.21
2026/06/12 13:34:47.804, 1, NVIDIA H100 80GB HBM3, 65629, 15451, 100, 677.11
2026/06/12 13:34:57.849, 0, NVIDIA H100 80GB HBM3, 65661, 15419, 100, 676.32
2026/06/12 13:34:57.856, 1, NVIDIA H100 80GB HBM3, 65629, 15451, 72, 661.79
2026/06/12 13:35:07.892, 0, NVIDIA H100 80GB HBM3, 65661, 15419, 100, 691.97
2026/06/12 13:35:07.899, 1, NVIDIA H100 80GB HBM3, 65629, 15451, 100, 679.01
2026/06/12 13:35:17.937, 0, NVIDIA H100 80GB HBM3, 65661, 15419, 100, 694.35
2026/06/12 13:35:17.945, 1, NVIDIA H100 80GB HBM3, 65629, 15451, 100, 676.10
2026/06/12 13:35:27.982, 0, NVIDIA H100 80GB HBM3, 65661, 15419, 100, 689.14
2026/06/12 13:35:27.988, 1, NVIDIA H100 80GB HBM3, 65629, 15451, 100, 656.94
2026/06/12 13:35:38.026, 0, NVIDIA H100 80GB HBM3, 65661, 15419, 100, 688.22
2026/06/12 13:35:38.035, 1, NVIDIA H100 80GB HBM3, 65629, 15451, 100, 671.23
2026/06/12 13:35:48.071, 0, NVIDIA H100 80GB HBM3, 65661, 15419, 100, 672.69
2026/06/12 13:35:48.078, 1, NVIDIA H100 80GB HBM3, 65629, 15451, 100, 658.07
2026/06/12 13:35:58.116, 0, NVIDIA H100 80GB HBM3, 65661, 15419, 100, 688.60
2026/06/12 13:35:58.123, 1, NVIDIA H100 80GB HBM3, 65629, 15451, 100, 678.80
2026/06/12 13:36:08.161, 0, NVIDIA H100 80GB HBM3, 65661, 15419, 100, 674.16
2026/06/12 13:36:08.167, 1, NVIDIA H100 80GB HBM3, 65629, 15451, 100, 665.60
2026/06/12 13:36:18.205, 0, NVIDIA H100 80GB HBM3, 65661, 15419, 100, 696.03
2026/06/12 13:36:18.211, 1, NVIDIA H100 80GB HBM3, 65629, 15451, 100, 674.57
2026/06/12 13:36:28.248, 0, NVIDIA H100 80GB HBM3, 65661, 15419, 100, 676.01
2026/06/12 13:36:28.256, 1, NVIDIA H100 80GB HBM3, 65629, 15451, 61, 660.44
2026/06/12 13:36:38.292, 0, NVIDIA H100 80GB HBM3, 65661, 15419, 100, 692.11
2026/06/12 13:36:38.299, 1, NVIDIA H100 80GB HBM3, 65629, 15451, 100, 681.92
2026/06/12 13:36:48.336, 0, NVIDIA H100 80GB HBM3, 65661, 15419, 100, 689.13
2026/06/12 13:36:48.344, 1, NVIDIA H100 80GB HBM3, 65629, 15451, 100, 675.53
2026/06/12 13:36:58.380, 0, NVIDIA H100 80GB HBM3, 65661, 15419, 100, 685.22
2026/06/12 13:36:58.386, 1, NVIDIA H100 80GB HBM3, 65629, 15451, 100, 668.55
2026/06/12 13:37:08.424, 0, NVIDIA H100 80GB HBM3, 65661, 15419, 100, 681.06
2026/06/12 13:37:08.431, 1, NVIDIA H100 80GB HBM3, 65629, 15451, 100, 677.00
2026/06/12 13:37:18.469, 0, NVIDIA H100 80GB HBM3, 65661, 15419, 100, 677.43
2026/06/12 13:37:18.476, 1, NVIDIA H100 80GB HBM3, 65629, 15451, 100, 667.22
2026/06/12 13:37:28.514, 0, NVIDIA H100 80GB HBM3, 65661, 15419, 100, 689.86
2026/06/12 13:37:28.521, 1, NVIDIA H100 80GB HBM3, 65629, 15451, 100, 679.13
2026/06/12 13:37:38.559, 0, NVIDIA H100 80GB HBM3, 65661, 15419, 100, 675.86
2026/06/12 13:37:38.566, 1, NVIDIA H100 80GB HBM3, 65629, 15451, 100, 664.81
2026/06/12 13:37:48.602, 0, NVIDIA H100 80GB HBM3, 65661, 15419, 100, 694.19
2026/06/12 13:37:48.610, 1, NVIDIA H100 80GB HBM3, 65629, 15451, 100, 672.43
2026/06/12 13:37:58.646, 0, NVIDIA H100 80GB HBM3, 65661, 15419, 88, 675.85
2026/06/12 13:37:58.653, 1, NVIDIA H100 80GB HBM3, 65629, 15451, 100, 666.89
2026/06/12 13:38:08.690, 0, NVIDIA H100 80GB HBM3, 65661, 15419, 82, 679.55
2026/06/12 13:38:08.699, 1, NVIDIA H100 80GB HBM3, 65629, 15451, 85, 668.45
2026/06/12 13:38:18.736, 0, NVIDIA H100 80GB HBM3, 65661, 15419, 100, 690.92
2026/06/12 13:38:18.742, 1, NVIDIA H100 80GB HBM3, 65629, 15451, 100, 675.91
2026/06/12 13:38:28.780, 0, NVIDIA H100 80GB HBM3, 65661, 15419, 100, 697.47
2026/06/12 13:38:28.796, 1, NVIDIA H100 80GB HBM3, 65629, 15451, 100, 672.35
2026/06/12 13:38:38.832, 0, NVIDIA H100 80GB HBM3, 65661, 15419, 100, 683.08
2026/06/12 13:38:38.839, 1, NVIDIA H100 80GB HBM3, 65629, 15451, 100, 663.79
2026/06/12 13:38:48.877, 0, NVIDIA H100 80GB HBM3, 65661, 15419, 100, 689.13
2026/06/12 13:38:48.895, 1, NVIDIA H100 80GB HBM3, 65629, 15451, 100, 678.37
2026/06/12 13:38:58.931, 0, NVIDIA H100 80GB HBM3, 65661, 15419, 100, 675.75
2026/06/12 13:38:58.938, 1, NVIDIA H100 80GB HBM3, 65629, 15451, 100, 664.38
2026/06/12 13:39:08.976, 0, NVIDIA H100 80GB HBM3, 65661, 15419, 100, 683.52
2026/06/12 13:39:08.984, 1, NVIDIA H100 80GB HBM3, 65629, 15451, 100, 673.35
2026/06/12 13:39:19.021, 0, NVIDIA H100 80GB HBM3, 65661, 15419, 100, 675.92
2026/06/12 13:39:19.028, 1, NVIDIA H100 80GB HBM3, 65629, 15451, 100, 665.44
2026/06/12 13:39:29.065, 0, NVIDIA H100 80GB HBM3, 65661, 15419, 100, 688.47
2026/06/12 13:39:29.072, 1, NVIDIA H100 80GB HBM3, 65629, 15451, 100, 673.92
2026/06/12 13:39:39.110, 0, NVIDIA H100 80GB HBM3, 65661, 15419, 100, 674.29
2026/06/12 13:39:39.117, 1, NVIDIA H100 80GB HBM3, 65629, 15451, 100, 663.96
2026/06/12 13:39:49.154, 0, NVIDIA H100 80GB HBM3, 65661, 15419, 100, 683.31
2026/06/12 13:39:49.161, 1, NVIDIA H100 80GB HBM3, 65629, 15451, 100, 679.65
2026/06/12 13:39:59.198, 0, NVIDIA H100 80GB HBM3, 65661, 15419, 100, 692.92
2026/06/12 13:39:59.204, 1, NVIDIA H100 80GB HBM3, 65629, 15451, 100, 670.09
2026/06/12 13:40:09.239, 0, NVIDIA H100 80GB HBM3, 65661, 15419, 100, 678.78
2026/06/12 13:40:09.247, 1, NVIDIA H100 80GB HBM3, 65629, 15451, 100, 666.76
2026/06/12 13:40:19.284, 0, NVIDIA H100 80GB HBM3, 65661, 15419, 100, 696.07
2026/06/12 13:40:19.291, 1, NVIDIA H100 80GB HBM3, 65629, 15451, 100, 668.23
2026/06/12 13:40:29.327, 0, NVIDIA H100 80GB HBM3, 65661, 15419, 100, 688.33
2026/06/12 13:40:29.334, 1, NVIDIA H100 80GB HBM3, 65629, 15451, 100, 674.99
2026/06/12 13:40:39.371, 0, NVIDIA H100 80GB HBM3, 65661, 15419, 100, 686.01
2026/06/12 13:40:39.378, 1, NVIDIA H100 80GB HBM3, 65629, 15451, 100, 678.87
2026/06/12 13:40:49.417, 0, NVIDIA H100 80GB HBM3, 65661, 15419, 100, 686.77
2026/06/12 13:40:49.425, 1, NVIDIA H100 80GB HBM3, 65629, 15451, 100, 672.91
2026/06/12 13:40:59.462, 0, NVIDIA H100 80GB HBM3, 65661, 15419, 100, 682.52
2026/06/12 13:40:59.469, 1, NVIDIA H100 80GB HBM3, 65629, 15451, 100, 681.89
2026/06/12 13:41:09.505, 0, NVIDIA H100 80GB HBM3, 65661, 15419, 100, 686.52
2026/06/12 13:41:09.512, 1, NVIDIA H100 80GB HBM3, 65629, 15451, 100, 671.84
2026/06/12 13:41:19.548, 0, NVIDIA H100 80GB HBM3, 65661, 15419, 100, 688.00
2026/06/12 13:41:19.556, 1, NVIDIA H100 80GB HBM3, 65629, 15451, 100, 678.62
2026/06/12 13:41:29.591, 0, NVIDIA H100 80GB HBM3, 65661, 15419, 100, 682.33
2026/06/12 13:41:29.597, 1, NVIDIA H100 80GB HBM3, 65629, 15451, 88, 672.09
2026/06/12 13:41:39.631, 0, NVIDIA H100 80GB HBM3, 65661, 15419, 100, 690.52
2026/06/12 13:41:39.637, 1, NVIDIA H100 80GB HBM3, 65629, 15451, 100, 685.87
2026/06/12 13:41:49.673, 0, NVIDIA H100 80GB HBM3, 65661, 15419, 100, 695.86
2026/06/12 13:41:49.680, 1, NVIDIA H100 80GB HBM3, 65629, 15451, 100, 682.37
2026/06/12 13:41:59.714, 0, NVIDIA H100 80GB HBM3, 65661, 15419, 100, 688.73
2026/06/12 13:41:59.720, 1, NVIDIA H100 80GB HBM3, 65629, 15451, 100, 674.57
2026/06/12 13:42:09.754, 0, NVIDIA H100 80GB HBM3, 65661, 15419, 100, 688.38
2026/06/12 13:42:09.760, 1, NVIDIA H100 80GB HBM3, 65629, 15451, 100, 681.94
2026/06/12 13:42:19.795, 0, NVIDIA H100 80GB HBM3, 65661, 15419, 100, 680.21
2026/06/12 13:42:19.802, 1, NVIDIA H100 80GB HBM3, 65629, 15451, 100, 668.38
2026/06/12 13:42:29.839, 0, NVIDIA H100 80GB HBM3, 65661, 15419, 100, 693.50
2026/06/12 13:42:29.846, 1, NVIDIA H100 80GB HBM3, 65629, 15451, 100, 678.35
2026/06/12 13:42:39.885, 0, NVIDIA H100 80GB HBM3, 65661, 15419, 100, 680.68
2026/06/12 13:42:39.897, 1, NVIDIA H100 80GB HBM3, 65629, 15451, 100, 664.65
2026/06/12 13:42:49.937, 0, NVIDIA H100 80GB HBM3, 65661, 15419, 100, 691.59
2026/06/12 13:42:49.944, 1, NVIDIA H100 80GB HBM3, 65629, 15451, 100, 680.79
2026/06/12 13:42:59.981, 0, NVIDIA H100 80GB HBM3, 65661, 15419, 82, 673.21
2026/06/12 13:42:59.997, 1, NVIDIA H100 80GB HBM3, 65629, 15451, 95, 667.07
2026/06/12 13:43:10.032, 0, NVIDIA H100 80GB HBM3, 65661, 15419, 100, 697.01
2026/06/12 13:43:10.039, 1, NVIDIA H100 80GB HBM3, 65629, 15451, 100, 681.48
2026/06/12 13:43:20.077, 0, NVIDIA H100 80GB HBM3, 65661, 15419, 100, 695.60
2026/06/12 13:43:20.099, 1, NVIDIA H100 80GB HBM3, 65629, 15451, 100, 685.98
2026/06/12 13:43:30.135, 0, NVIDIA H100 80GB HBM3, 65661, 15419, 100, 687.98
2026/06/12 13:43:30.142, 1, NVIDIA H100 80GB HBM3, 65629, 15451, 100, 671.57
2026/06/12 13:43:40.181, 0, NVIDIA H100 80GB HBM3, 65661, 15419, 100, 685.62
2026/06/12 13:43:40.196, 1, NVIDIA H100 80GB HBM3, 65629, 15451, 100, 674.10
2026/06/12 13:43:50.233, 0, NVIDIA H100 80GB HBM3, 65661, 15419, 100, 677.12
2026/06/12 13:43:50.239, 1, NVIDIA H100 80GB HBM3, 65629, 15451, 100, 664.48
2026/06/12 13:44:00.276, 0, NVIDIA H100 80GB HBM3, 65661, 15419, 100, 690.04
2026/06/12 13:44:00.284, 1, NVIDIA H100 80GB HBM3, 65629, 15451, 100, 675.28
2026/06/12 13:44:10.319, 0, NVIDIA H100 80GB HBM3, 65661, 15419, 100, 683.05
2026/06/12 13:44:10.326, 1, NVIDIA H100 80GB HBM3, 65629, 15451, 100, 669.97
2026/06/12 13:44:20.363, 0, NVIDIA H100 80GB HBM3, 65661, 15419, 100, 683.98
2026/06/12 13:44:20.371, 1, NVIDIA H100 80GB HBM3, 65629, 15451, 100, 677.37
2026/06/12 13:44:30.408, 0, NVIDIA H100 80GB HBM3, 65661, 15419, 100, 679.63
2026/06/12 13:44:30.415, 1, NVIDIA H100 80GB HBM3, 65629, 15451, 74, 662.57
2026/06/12 13:44:40.452, 0, NVIDIA H100 80GB HBM3, 65661, 15419, 100, 690.72
2026/06/12 13:44:40.461, 1, NVIDIA H100 80GB HBM3, 65629, 15451, 100, 673.08
2026/06/12 13:44:50.497, 0, NVIDIA H100 80GB HBM3, 65661, 15419, 100, 690.79
2026/06/12 13:44:50.505, 1, NVIDIA H100 80GB HBM3, 65629, 15451, 100, 676.66
2026/06/12 13:45:00.542, 0, NVIDIA H100 80GB HBM3, 65661, 15419, 82, 672.87
2026/06/12 13:45:00.549, 1, NVIDIA H100 80GB HBM3, 65629, 15451, 82, 666.34
2026/06/12 13:45:10.587, 0, NVIDIA H100 80GB HBM3, 65661, 15419, 100, 692.32
2026/06/12 13:45:10.595, 1, NVIDIA H100 80GB HBM3, 65629, 15451, 100, 678.54
2026/06/12 13:45:20.631, 0, NVIDIA H100 80GB HBM3, 65661, 15419, 100, 689.23
2026/06/12 13:45:20.639, 1, NVIDIA H100 80GB HBM3, 65629, 15451, 100, 674.34
2026/06/12 13:45:30.680, 0, NVIDIA H100 80GB HBM3, 65661, 15419, 100, 688.80
2026/06/12 13:45:30.686, 1, NVIDIA H100 80GB HBM3, 65629, 15451, 100, 666.06
2026/06/12 13:45:40.723, 0, NVIDIA H100 80GB HBM3, 65661, 15419, 100, 684.84
2026/06/12 13:45:40.731, 1, NVIDIA H100 80GB HBM3, 65629, 15451, 100, 671.99
2026/06/12 13:45:50.768, 0, NVIDIA H100 80GB HBM3, 65661, 15419, 100, 683.15
2026/06/12 13:45:50.775, 1, NVIDIA H100 80GB HBM3, 65629, 15451, 100, 666.79
2026/06/12 13:46:00.812, 0, NVIDIA H100 80GB HBM3, 65661, 15419, 100, 688.87
2026/06/12 13:46:00.820, 1, NVIDIA H100 80GB HBM3, 65629, 15451, 100, 672.60
2026/06/12 13:46:10.858, 0, NVIDIA H100 80GB HBM3, 65661, 15419, 100, 680.53
2026/06/12 13:46:10.865, 1, NVIDIA H100 80GB HBM3, 65629, 15451, 100, 658.53
2026/06/12 13:46:20.902, 0, NVIDIA H100 80GB HBM3, 65661, 15419, 100, 687.22
2026/06/12 13:46:20.910, 1, NVIDIA H100 80GB HBM3, 65629, 15451, 100, 679.84
2026/06/12 13:46:30.952, 0, NVIDIA H100 80GB HBM3, 65661, 15419, 68, 678.70
2026/06/12 13:46:30.959, 1, NVIDIA H100 80GB HBM3, 65629, 15451, 82, 661.95
2026/06/12 13:46:40.996, 0, NVIDIA H100 80GB HBM3, 65661, 15419, 100, 690.99
2026/06/12 13:46:41.004, 1, NVIDIA H100 80GB HBM3, 65629, 15451, 100, 676.93
2026/06/12 13:46:51.040, 0, NVIDIA H100 80GB HBM3, 65661, 15419, 100, 694.12
2026/06/12 13:46:51.046, 1, NVIDIA H100 80GB HBM3, 65629, 15451, 100, 681.48
2026/06/12 13:47:01.084, 0, NVIDIA H100 80GB HBM3, 65661, 15419, 100, 688.04
2026/06/12 13:47:01.100, 1, NVIDIA H100 80GB HBM3, 65629, 15451, 100, 659.30
2026/06/12 13:47:11.136, 0, NVIDIA H100 80GB HBM3, 65661, 15419, 100, 684.74
2026/06/12 13:47:11.145, 1, NVIDIA H100 80GB HBM3, 65629, 15451, 100, 668.75
2026/06/12 13:47:21.183, 0, NVIDIA H100 80GB HBM3, 65661, 15419, 100, 684.14
2026/06/12 13:47:21.190, 1, NVIDIA H100 80GB HBM3, 65629, 15451, 100, 669.60
2026/06/12 13:47:31.228, 0, NVIDIA H100 80GB HBM3, 65661, 15419, 100, 684.35
2026/06/12 13:47:31.235, 1, NVIDIA H100 80GB HBM3, 65629, 15451, 100, 669.18
2026/06/12 13:47:41.273, 0, NVIDIA H100 80GB HBM3, 65661, 15419, 100, 674.27
2026/06/12 13:47:41.280, 1, NVIDIA H100 80GB HBM3, 65629, 15451, 100, 670.20
2026/06/12 13:47:51.317, 0, NVIDIA H100 80GB HBM3, 65661, 15419, 100, 685.42
2026/06/12 13:47:51.324, 1, NVIDIA H100 80GB HBM3, 65629, 15451, 100, 675.66
2026/06/12 13:48:01.360, 0, NVIDIA H100 80GB HBM3, 65661, 15419, 65, 682.12
2026/06/12 13:48:01.368, 1, NVIDIA H100 80GB HBM3, 65629, 15451, 82, 670.23
2026/06/12 13:48:11.406, 0, NVIDIA H100 80GB HBM3, 65661, 15419, 100, 688.75
2026/06/12 13:48:11.413, 1, NVIDIA H100 80GB HBM3, 65629, 15451, 100, 686.54
2026/06/12 13:48:21.449, 0, NVIDIA H100 80GB HBM3, 65661, 15419, 100, 697.20
2026/06/12 13:48:21.456, 1, NVIDIA H100 80GB HBM3, 65629, 15451, 100, 682.60
2026/06/12 13:48:31.494, 0, NVIDIA H100 80GB HBM3, 65661, 15419, 100, 688.99
2026/06/12 13:48:31.502, 1, NVIDIA H100 80GB HBM3, 65629, 15451, 100, 661.11
2026/06/12 13:48:41.540, 0, NVIDIA H100 80GB HBM3, 65661, 15419, 100, 684.22
2026/06/12 13:48:41.547, 1, NVIDIA H100 80GB HBM3, 65629, 15451, 100, 675.36
2026/06/12 13:48:51.583, 0, NVIDIA H100 80GB HBM3, 65661, 15419, 100, 679.19
2026/06/12 13:48:51.596, 1, NVIDIA H100 80GB HBM3, 65629, 15451, 100, 664.17
2026/06/12 13:49:01.635, 0, NVIDIA H100 80GB HBM3, 65661, 15419, 100, 681.63
2026/06/12 13:49:01.641, 1, NVIDIA H100 80GB HBM3, 65629, 15451, 100, 676.10
2026/06/12 13:49:11.677, 0, NVIDIA H100 80GB HBM3, 65661, 15419, 100, 674.03
2026/06/12 13:49:11.684, 1, NVIDIA H100 80GB HBM3, 65629, 15451, 100, 662.10
2026/06/12 13:49:21.722, 0, NVIDIA H100 80GB HBM3, 65661, 15419, 100, 686.36
2026/06/12 13:49:21.730, 1, NVIDIA H100 80GB HBM3, 65629, 15451, 100, 676.67
2026/06/12 13:49:31.766, 0, NVIDIA H100 80GB HBM3, 65661, 15419, 65, 684.02
2026/06/12 13:49:31.774, 1, NVIDIA H100 80GB HBM3, 65629, 15451, 83, 665.42
2026/06/12 13:49:41.811, 0, NVIDIA H100 80GB HBM3, 65661, 15419, 100, 688.36
2026/06/12 13:49:41.819, 1, NVIDIA H100 80GB HBM3, 65629, 15451, 100, 674.09
2026/06/12 13:49:51.854, 0, NVIDIA H100 80GB HBM3, 65661, 15419, 100, 695.61
2026/06/12 13:49:51.862, 1, NVIDIA H100 80GB HBM3, 65629, 15451, 100, 684.69
2026/06/12 13:50:01.899, 0, NVIDIA H100 80GB HBM3, 65661, 15419, 100, 682.47
2026/06/12 13:50:01.906, 1, NVIDIA H100 80GB HBM3, 65629, 15451, 100, 664.79
2026/06/12 13:50:11.942, 0, NVIDIA H100 80GB HBM3, 65661, 15419, 100, 690.87
2026/06/12 13:50:11.951, 1, NVIDIA H100 80GB HBM3, 65629, 15451, 100, 678.99
2026/06/12 13:50:21.989, 0, NVIDIA H100 80GB HBM3, 65661, 15419, 100, 681.15
2026/06/12 13:50:21.996, 1, NVIDIA H100 80GB HBM3, 65629, 15451, 100, 660.70
2026/06/12 13:50:32.033, 0, NVIDIA H100 80GB HBM3, 65661, 15419, 100, 683.47
2026/06/12 13:50:32.042, 1, NVIDIA H100 80GB HBM3, 65629, 15451, 100, 675.03
2026/06/12 13:50:42.077, 0, NVIDIA H100 80GB HBM3, 65661, 15419, 100, 673.26
2026/06/12 13:50:42.085, 1, NVIDIA H100 80GB HBM3, 65629, 15451, 100, 667.05
2026/06/12 13:50:52.121, 0, NVIDIA H100 80GB HBM3, 65661, 15419, 100, 690.24
2026/06/12 13:50:52.130, 1, NVIDIA H100 80GB HBM3, 65629, 15451, 100, 670.42
2026/06/12 13:51:02.169, 0, NVIDIA H100 80GB HBM3, 65661, 15419, 94, 679.07
2026/06/12 13:51:02.176, 1, NVIDIA H100 80GB HBM3, 65629, 15451, 82, 664.36
2026/06/12 13:51:12.213, 0, NVIDIA H100 80GB HBM3, 65661, 15419, 100, 694.20
2026/06/12 13:51:12.222, 1, NVIDIA H100 80GB HBM3, 65629, 15451, 100, 684.73
2026/06/12 13:51:22.259, 0, NVIDIA H100 80GB HBM3, 65661, 15419, 100, 694.87
2026/06/12 13:51:22.267, 1, NVIDIA H100 80GB HBM3, 65629, 15451, 100, 682.84
2026/06/12 13:51:32.306, 0, NVIDIA H100 80GB HBM3, 65661, 15419, 100, 684.13
2026/06/12 13:51:32.313, 1, NVIDIA H100 80GB HBM3, 65629, 15451, 100, 659.36
2026/06/12 13:51:42.350, 0, NVIDIA H100 80GB HBM3, 65661, 15419, 100, 695.74
2026/06/12 13:51:42.358, 1, NVIDIA H100 80GB HBM3, 65629, 15451, 100, 684.16
2026/06/12 13:51:52.395, 0, NVIDIA H100 80GB HBM3, 65661, 15419, 100, 694.81
2026/06/12 13:51:52.402, 1, NVIDIA H100 80GB HBM3, 65629, 15451, 100, 672.94
2026/06/12 13:52:02.440, 0, NVIDIA H100 80GB HBM3, 65661, 15419, 100, 685.49
2026/06/12 13:52:02.447, 1, NVIDIA H100 80GB HBM3, 65629, 15451, 100, 659.94
2026/06/12 13:52:12.486, 0, NVIDIA H100 80GB HBM3, 65661, 15419, 100, 689.73
2026/06/12 13:52:12.493, 1, NVIDIA H100 80GB HBM3, 65629, 15451, 100, 671.44
2026/06/12 13:52:22.528, 0, NVIDIA H100 80GB HBM3, 65661, 15419, 100, 680.40
2026/06/12 13:52:22.537, 1, NVIDIA H100 80GB HBM3, 65629, 15451, 100, 665.18
2026/06/12 13:52:32.574, 0, NVIDIA H100 80GB HBM3, 65661, 15419, 100, 687.85
2026/06/12 13:52:32.581, 1, NVIDIA H100 80GB HBM3, 65629, 15451, 100, 676.73
2026/06/12 13:52:42.618, 0, NVIDIA H100 80GB HBM3, 65661, 15419, 82, 685.25
2026/06/12 13:52:42.626, 1, NVIDIA H100 80GB HBM3, 65629, 15451, 100, 667.33
2026/06/12 13:52:52.664, 0, NVIDIA H100 80GB HBM3, 65661, 15419, 100, 686.79
2026/06/12 13:52:52.670, 1, NVIDIA H100 80GB HBM3, 65629, 15451, 100, 681.23
2026/06/12 13:53:02.709, 0, NVIDIA H100 80GB HBM3, 65661, 15419, 80, 671.41
2026/06/12 13:53:02.717, 1, NVIDIA H100 80GB HBM3, 65629, 15451, 100, 662.41
2026/06/12 13:53:12.753, 0, NVIDIA H100 80GB HBM3, 65661, 15419, 100, 696.33
2026/06/12 13:53:12.761, 1, NVIDIA H100 80GB HBM3, 65629, 15451, 100, 678.76
2026/06/12 13:53:22.800, 0, NVIDIA H100 80GB HBM3, 65661, 15419, 100, 692.81
2026/06/12 13:53:22.807, 1, NVIDIA H100 80GB HBM3, 65629, 15451, 100, 678.51
2026/06/12 13:53:32.846, 0, NVIDIA H100 80GB HBM3, 65661, 15419, 100, 687.89
2026/06/12 13:53:32.853, 1, NVIDIA H100 80GB HBM3, 65629, 15451, 100, 664.17
2026/06/12 13:53:42.891, 0, NVIDIA H100 80GB HBM3, 65661, 15419, 100, 684.41
2026/06/12 13:53:42.898, 1, NVIDIA H100 80GB HBM3, 65629, 15451, 100, 676.16
2026/06/12 13:53:52.935, 0, NVIDIA H100 80GB HBM3, 65661, 15419, 100, 676.08
2026/06/12 13:53:52.943, 1, NVIDIA H100 80GB HBM3, 65629, 15451, 100, 658.37
2026/06/12 13:54:02.981, 0, NVIDIA H100 80GB HBM3, 65661, 15419, 100, 687.23
2026/06/12 13:54:02.997, 1, NVIDIA H100 80GB HBM3, 65629, 15451, 100, 680.34
2026/06/12 13:54:13.034, 0, NVIDIA H100 80GB HBM3, 65661, 15419, 100, 671.46
2026/06/12 13:54:13.041, 1, NVIDIA H100 80GB HBM3, 65629, 15451, 83, 665.52
2026/06/12 13:54:23.081, 0, NVIDIA H100 80GB HBM3, 65661, 15419, 100, 691.44
2026/06/12 13:54:23.100, 1, NVIDIA H100 80GB HBM3, 65629, 15451, 100, 681.49
2026/06/12 13:54:33.138, 0, NVIDIA H100 80GB HBM3, 65661, 15419, 94, 672.84
2026/06/12 13:54:33.145, 1, NVIDIA H100 80GB HBM3, 65629, 15451, 84, 660.82
2026/06/12 13:54:43.184, 0, NVIDIA H100 80GB HBM3, 65661, 15419, 100, 700.24
2026/06/12 13:54:43.197, 1, NVIDIA H100 80GB HBM3, 65629, 15451, 100, 678.64
2026/06/12 13:54:53.235, 0, NVIDIA H100 80GB HBM3, 65661, 15419, 100, 696.78
2026/06/12 13:54:53.242, 1, NVIDIA H100 80GB HBM3, 65629, 15451, 100, 680.88
2026/06/12 13:55:03.280, 0, NVIDIA H100 80GB HBM3, 65661, 15419, 100, 681.38
2026/06/12 13:55:03.296, 1, NVIDIA H100 80GB HBM3, 65629, 15451, 100, 664.49
2026/06/12 13:55:13.332, 0, NVIDIA H100 80GB HBM3, 65661, 15419, 100, 688.24
2026/06/12 13:55:13.339, 1, NVIDIA H100 80GB HBM3, 65629, 15451, 100, 671.47
2026/06/12 13:55:23.377, 0, NVIDIA H100 80GB HBM3, 65661, 15419, 100, 678.67
2026/06/12 13:55:23.384, 1, NVIDIA H100 80GB HBM3, 65629, 15451, 100, 661.15
2026/06/12 13:55:33.423, 0, NVIDIA H100 80GB HBM3, 65661, 15419, 100, 684.55
2026/06/12 13:55:33.429, 1, NVIDIA H100 80GB HBM3, 65629, 15451, 100, 673.03
2026/06/12 13:55:43.467, 0, NVIDIA H100 80GB HBM3, 65661, 15419, 82, 682.67
2026/06/12 13:55:43.475, 1, NVIDIA H100 80GB HBM3, 65629, 15451, 100, 668.78
2026/06/12 13:55:53.512, 0, NVIDIA H100 80GB HBM3, 65661, 15419, 100, 687.06
2026/06/12 13:55:53.519, 1, NVIDIA H100 80GB HBM3, 65629, 15451, 100, 678.77
2026/06/12 13:56:03.559, 0, NVIDIA H100 80GB HBM3, 65661, 15419, 64, 676.63
2026/06/12 13:56:03.566, 1, NVIDIA H100 80GB HBM3, 65629, 15451, 64, 667.72
2026/06/12 13:56:13.603, 0, NVIDIA H100 80GB HBM3, 65661, 15419, 100, 699.84
2026/06/12 13:56:13.611, 1, NVIDIA H100 80GB HBM3, 65629, 15451, 100, 686.23
2026/06/12 13:56:23.653, 0, NVIDIA H100 80GB HBM3, 65661, 15419, 100, 694.83
2026/06/12 13:56:23.660, 1, NVIDIA H100 80GB HBM3, 65629, 15451, 100, 677.97
2026/06/12 13:56:33.697, 0, NVIDIA H100 80GB HBM3, 65661, 15419, 100, 691.90
2026/06/12 13:56:33.705, 1, NVIDIA H100 80GB HBM3, 65629, 15451, 100, 657.84
2026/06/12 13:56:43.742, 0, NVIDIA H100 80GB HBM3, 65661, 15419, 100, 695.33
2026/06/12 13:56:43.749, 1, NVIDIA H100 80GB HBM3, 65629, 15451, 100, 680.98
2026/06/12 13:56:53.787, 0, NVIDIA H100 80GB HBM3, 65661, 15419, 100, 678.38
2026/06/12 13:56:53.796, 1, NVIDIA H100 80GB HBM3, 65629, 15451, 100, 662.91
2026/06/12 13:57:03.832, 0, NVIDIA H100 80GB HBM3, 65661, 15419, 100, 689.96
2026/06/12 13:57:03.838, 1, NVIDIA H100 80GB HBM3, 65629, 15451, 100, 672.39
2026/06/12 13:57:13.875, 0, NVIDIA H100 80GB HBM3, 65661, 15419, 100, 680.73
2026/06/12 13:57:13.882, 1, NVIDIA H100 80GB HBM3, 65629, 15451, 100, 662.79
2026/06/12 13:57:23.919, 0, NVIDIA H100 80GB HBM3, 65661, 15419, 100, 693.75
2026/06/12 13:57:23.926, 1, NVIDIA H100 80GB HBM3, 65629, 15451, 100, 685.04
2026/06/12 13:57:33.967, 0, NVIDIA H100 80GB HBM3, 65661, 15419, 82, 675.62
2026/06/12 13:57:33.974, 1, NVIDIA H100 80GB HBM3, 65629, 15451, 100, 659.39
2026/06/12 13:57:44.011, 0, NVIDIA H100 80GB HBM3, 65661, 15419, 100, 701.03
2026/06/12 13:57:44.019, 1, NVIDIA H100 80GB HBM3, 65629, 15451, 100, 675.67
2026/06/12 13:57:54.057, 0, NVIDIA H100 80GB HBM3, 65661, 15419, 100, 693.03
2026/06/12 13:57:54.064, 1, NVIDIA H100 80GB HBM3, 65629, 15451, 100, 684.10
2026/06/12 13:58:04.100, 0, NVIDIA H100 80GB HBM3, 65661, 15419, 100, 684.30
2026/06/12 13:58:04.107, 1, NVIDIA H100 80GB HBM3, 65629, 15451, 100, 670.27
2026/06/12 13:58:14.156, 0, NVIDIA H100 80GB HBM3, 65661, 15419, 100, 687.64
2026/06/12 13:58:14.165, 1, NVIDIA H100 80GB HBM3, 65629, 15451, 100, 674.71
2026/06/12 13:58:24.201, 0, NVIDIA H100 80GB HBM3, 65661, 15419, 0, 306.61
2026/06/12 13:58:24.208, 1, NVIDIA H100 80GB HBM3, 65629, 15451, 0, 287.45
2026/06/12 13:58:34.250, 0, NVIDIA H100 80GB HBM3, 65661, 15419, 100, 683.22
2026/06/12 13:58:34.257, 1, NVIDIA H100 80GB HBM3, 65629, 15451, 100, 665.12
2026/06/12 13:58:44.292, 0, NVIDIA H100 80GB HBM3, 65661, 15419, 100, 683.89
2026/06/12 13:58:44.301, 1, NVIDIA H100 80GB HBM3, 65629, 15451, 100, 675.74
2026/06/12 13:58:54.340, 0, NVIDIA H100 80GB HBM3, 65661, 15419, 100, 678.61
2026/06/12 13:58:54.348, 1, NVIDIA H100 80GB HBM3, 65629, 15451, 100, 661.77
2026/06/12 13:59:04.385, 0, NVIDIA H100 80GB HBM3, 65661, 15419, 100, 688.88
2026/06/12 13:59:04.392, 1, NVIDIA H100 80GB HBM3, 65629, 15451, 100, 672.09
2026/06/12 13:59:14.430, 0, NVIDIA H100 80GB HBM3, 65661, 15419, 95, 682.11
2026/06/12 13:59:14.438, 1, NVIDIA H100 80GB HBM3, 65629, 15451, 100, 663.05
2026/06/12 13:59:24.474, 0, NVIDIA H100 80GB HBM3, 65661, 15419, 100, 686.82
2026/06/12 13:59:24.481, 1, NVIDIA H100 80GB HBM3, 65629, 15451, 100, 681.94
2026/06/12 13:59:34.518, 0, NVIDIA H100 80GB HBM3, 65661, 15419, 83, 679.61
2026/06/12 13:59:34.526, 1, NVIDIA H100 80GB HBM3, 65629, 15451, 83, 666.63
2026/06/12 13:59:44.563, 0, NVIDIA H100 80GB HBM3, 65661, 15419, 100, 690.67
2026/06/12 13:59:44.570, 1, NVIDIA H100 80GB HBM3, 65629, 15451, 100, 680.37
2026/06/12 13:59:54.607, 0, NVIDIA H100 80GB HBM3, 65661, 15419, 100, 692.90
2026/06/12 13:59:54.615, 1, NVIDIA H100 80GB HBM3, 65629, 15451, 100, 681.72
2026/06/12 14:00:04.653, 0, NVIDIA H100 80GB HBM3, 65661, 15419, 100, 686.57
2026/06/12 14:00:04.660, 1, NVIDIA H100 80GB HBM3, 65629, 15451, 100, 662.63
2026/06/12 14:00:14.697, 0, NVIDIA H100 80GB HBM3, 65661, 15419, 100, 686.59
2026/06/12 14:00:14.705, 1, NVIDIA H100 80GB HBM3, 65629, 15451, 100, 671.20
2026/06/12 14:00:24.754, 0, NVIDIA H100 80GB HBM3, 65661, 15419, 100, 681.77
2026/06/12 14:00:24.760, 1, NVIDIA H100 80GB HBM3, 65629, 15451, 100, 666.66
2026/06/12 14:00:34.797, 0, NVIDIA H100 80GB HBM3, 65661, 15419, 100, 682.33
2026/06/12 14:00:34.805, 1, NVIDIA H100 80GB HBM3, 65629, 15451, 100, 675.16
2026/06/12 14:00:44.851, 0, NVIDIA H100 80GB HBM3, 65661, 15419, 100, 677.92
2026/06/12 14:00:44.857, 1, NVIDIA H100 80GB HBM3, 65629, 15451, 100, 661.81
2026/06/12 14:00:54.891, 0, NVIDIA H100 80GB HBM3, 65661, 15419, 100, 679.03
2026/06/12 14:00:54.900, 1, NVIDIA H100 80GB HBM3, 65629, 15451, 100, 678.26
2026/06/12 14:01:04.936, 0, NVIDIA H100 80GB HBM3, 65661, 15419, 100, 678.99
2026/06/12 14:01:04.944, 1, NVIDIA H100 80GB HBM3, 65629, 15451, 100, 662.54
2026/06/12 14:01:14.980, 0, NVIDIA H100 80GB HBM3, 65661, 15419, 100, 695.53
2026/06/12 14:01:14.997, 1, NVIDIA H100 80GB HBM3, 65629, 15451, 100, 685.05
2026/06/12 14:01:25.034, 0, NVIDIA H100 80GB HBM3, 65661, 15419, 100, 695.42
2026/06/12 14:01:25.042, 1, NVIDIA H100 80GB HBM3, 65629, 15451, 100, 689.25
2026/06/12 14:01:35.080, 0, NVIDIA H100 80GB HBM3, 65661, 15419, 100, 683.08
2026/06/12 14:01:35.087, 1, NVIDIA H100 80GB HBM3, 65629, 15451, 100, 669.36
2026/06/12 14:01:45.123, 0, NVIDIA H100 80GB HBM3, 65661, 15419, 100, 689.45
2026/06/12 14:01:45.131, 1, NVIDIA H100 80GB HBM3, 65629, 15451, 100, 674.52
2026/06/12 14:01:55.169, 0, NVIDIA H100 80GB HBM3, 65661, 15419, 100, 684.42
2026/06/12 14:01:55.176, 1, NVIDIA H100 80GB HBM3, 65629, 15451, 100, 662.32
2026/06/12 14:02:05.213, 0, NVIDIA H100 80GB HBM3, 65661, 15419, 100, 691.46
2026/06/12 14:02:05.221, 1, NVIDIA H100 80GB HBM3, 65629, 15451, 100, 675.49
2026/06/12 14:02:15.259, 0, NVIDIA H100 80GB HBM3, 65661, 15419, 100, 677.79
2026/06/12 14:02:15.266, 1, NVIDIA H100 80GB HBM3, 65629, 15451, 100, 662.58
2026/06/12 14:02:25.303, 0, NVIDIA H100 80GB HBM3, 65661, 15419, 100, 686.30
2026/06/12 14:02:25.311, 1, NVIDIA H100 80GB HBM3, 65629, 15451, 100, 679.34
2026/06/12 14:02:35.348, 0, NVIDIA H100 80GB HBM3, 65661, 15419, 100, 674.42
2026/06/12 14:02:35.354, 1, NVIDIA H100 80GB HBM3, 65629, 15451, 97, 660.20
2026/06/12 14:02:45.392, 0, NVIDIA H100 80GB HBM3, 65661, 15419, 100, 685.92
2026/06/12 14:02:45.399, 1, NVIDIA H100 80GB HBM3, 65629, 15451, 100, 678.78
2026/06/12 14:02:55.434, 0, NVIDIA H100 80GB HBM3, 65661, 15419, 100, 679.21
2026/06/12 14:02:55.441, 1, NVIDIA H100 80GB HBM3, 65629, 15451, 100, 663.53
2026/06/12 14:03:05.478, 0, NVIDIA H100 80GB HBM3, 65661, 15419, 100, 686.63
2026/06/12 14:03:05.496, 1, NVIDIA H100 80GB HBM3, 65629, 15451, 100, 680.21
2026/06/12 14:03:15.533, 0, NVIDIA H100 80GB HBM3, 65661, 15419, 100, 695.06
2026/06/12 14:03:15.539, 1, NVIDIA H100 80GB HBM3, 65629, 15451, 100, 681.43
2026/06/12 14:03:25.578, 0, NVIDIA H100 80GB HBM3, 65661, 15419, 100, 683.60
2026/06/12 14:03:25.585, 1, NVIDIA H100 80GB HBM3, 65629, 15451, 100, 667.73
2026/06/12 14:03:35.622, 0, NVIDIA H100 80GB HBM3, 65661, 15419, 100, 683.71
2026/06/12 14:03:35.630, 1, NVIDIA H100 80GB HBM3, 65629, 15451, 100, 679.03
2026/06/12 14:03:45.668, 0, NVIDIA H100 80GB HBM3, 65661, 15419, 100, 683.99
2026/06/12 14:03:45.675, 1, NVIDIA H100 80GB HBM3, 65629, 15451, 100, 662.26
2026/06/12 14:03:55.711, 0, NVIDIA H100 80GB HBM3, 65661, 15419, 100, 685.14
2026/06/12 14:03:55.719, 1, NVIDIA H100 80GB HBM3, 65629, 15451, 100, 675.59
2026/06/12 14:04:05.758, 0, NVIDIA H100 80GB HBM3, 65661, 15419, 100, 685.96
2026/06/12 14:04:05.765, 1, NVIDIA H100 80GB HBM3, 65629, 15451, 100, 667.67
2026/06/12 14:04:15.802, 0, NVIDIA H100 80GB HBM3, 65661, 15419, 100, 688.42
2026/06/12 14:04:15.810, 1, NVIDIA H100 80GB HBM3, 65629, 15451, 100, 683.79
2026/06/12 14:04:25.851, 0, NVIDIA H100 80GB HBM3, 65661, 15419, 92, 669.15
2026/06/12 14:04:25.858, 1, NVIDIA H100 80GB HBM3, 65629, 15451, 69, 661.25
2026/06/12 14:04:35.893, 0, NVIDIA H100 80GB HBM3, 65661, 15419, 100, 691.03
2026/06/12 14:04:35.899, 1, NVIDIA H100 80GB HBM3, 65629, 15451, 100, 678.38
2026/06/12 14:04:45.935, 0, NVIDIA H100 80GB HBM3, 65661, 15419, 100, 697.62
2026/06/12 14:04:45.941, 1, NVIDIA H100 80GB HBM3, 65629, 15451, 100, 676.56
2026/06/12 14:04:55.974, 0, NVIDIA H100 80GB HBM3, 65661, 15419, 100, 684.73
2026/06/12 14:04:55.980, 1, NVIDIA H100 80GB HBM3, 65629, 15451, 100, 664.16
2026/06/12 14:05:06.014, 0, NVIDIA H100 80GB HBM3, 65661, 15419, 100, 683.79
2026/06/12 14:05:06.021, 1, NVIDIA H100 80GB HBM3, 65629, 15451, 100, 679.97
2026/06/12 14:05:16.054, 0, NVIDIA H100 80GB HBM3, 65661, 15419, 100, 683.47
2026/06/12 14:05:16.059, 1, NVIDIA H100 80GB HBM3, 65629, 15451, 100, 660.82
2026/06/12 14:05:26.094, 0, NVIDIA H100 80GB HBM3, 65661, 15419, 100, 690.19
2026/06/12 14:05:26.101, 1, NVIDIA H100 80GB HBM3, 65629, 15451, 100, 685.31
2026/06/12 14:05:36.134, 0, NVIDIA H100 80GB HBM3, 65661, 15419, 100, 693.80
2026/06/12 14:05:36.140, 1, NVIDIA H100 80GB HBM3, 65629, 15451, 100, 681.03
2026/06/12 14:05:46.174, 0, NVIDIA H100 80GB HBM3, 65661, 15419, 100, 680.92
2026/06/12 14:05:46.181, 1, NVIDIA H100 80GB HBM3, 65629, 15451, 100, 668.18
2026/06/12 14:05:56.216, 0, NVIDIA H100 80GB HBM3, 65661, 15419, 100, 691.96
2026/06/12 14:05:56.222, 1, NVIDIA H100 80GB HBM3, 65629, 15451, 100, 681.03
2026/06/12 14:06:06.257, 0, NVIDIA H100 80GB HBM3, 65661, 15419, 100, 684.05
2026/06/12 14:06:06.263, 1, NVIDIA H100 80GB HBM3, 65629, 15451, 100, 670.29
2026/06/12 14:06:16.300, 0, NVIDIA H100 80GB HBM3, 65661, 15419, 100, 689.77
2026/06/12 14:06:16.306, 1, NVIDIA H100 80GB HBM3, 65629, 15451, 100, 678.81
2026/06/12 14:06:26.340, 0, NVIDIA H100 80GB HBM3, 65661, 15419, 100, 673.56
2026/06/12 14:06:26.347, 1, NVIDIA H100 80GB HBM3, 65629, 15451, 100, 663.53
2026/06/12 14:06:36.384, 0, NVIDIA H100 80GB HBM3, 65661, 15419, 100, 684.64
2026/06/12 14:06:36.389, 1, NVIDIA H100 80GB HBM3, 65629, 15451, 100, 682.07
2026/06/12 14:06:46.424, 0, NVIDIA H100 80GB HBM3, 65661, 15419, 100, 680.56
2026/06/12 14:06:46.430, 1, NVIDIA H100 80GB HBM3, 65629, 15451, 98, 661.13
2026/06/12 14:06:56.466, 0, NVIDIA H100 80GB HBM3, 65661, 15419, 100, 694.26
2026/06/12 14:06:56.471, 1, NVIDIA H100 80GB HBM3, 65629, 15451, 100, 680.89
2026/06/12 14:07:06.507, 0, NVIDIA H100 80GB HBM3, 65661, 15419, 100, 696.85
2026/06/12 14:07:06.513, 1, NVIDIA H100 80GB HBM3, 65629, 15451, 100, 683.56
2026/06/12 14:07:16.548, 0, NVIDIA H100 80GB HBM3, 65661, 15419, 100, 684.78
2026/06/12 14:07:16.554, 1, NVIDIA H100 80GB HBM3, 65629, 15451, 100, 670.87
2026/06/12 14:07:26.589, 0, NVIDIA H100 80GB HBM3, 65661, 15419, 100, 687.07
2026/06/12 14:07:26.596, 1, NVIDIA H100 80GB HBM3, 65629, 15451, 100, 678.64
2026/06/12 14:07:36.630, 0, NVIDIA H100 80GB HBM3, 65661, 15419, 100, 682.78
2026/06/12 14:07:36.636, 1, NVIDIA H100 80GB HBM3, 65629, 15451, 100, 673.83
2026/06/12 14:07:46.670, 0, NVIDIA H100 80GB HBM3, 65661, 15419, 100, 687.26
2026/06/12 14:07:46.676, 1, NVIDIA H100 80GB HBM3, 65629, 15451, 100, 684.92
2026/06/12 14:07:56.711, 0, NVIDIA H100 80GB HBM3, 65661, 15419, 100, 682.80
2026/06/12 14:07:56.717, 1, NVIDIA H100 80GB HBM3, 65629, 15451, 100, 669.34
2026/06/12 14:08:06.753, 0, NVIDIA H100 80GB HBM3, 65661, 15419, 100, 676.55
2026/06/12 14:08:06.758, 1, NVIDIA H100 80GB HBM3, 65629, 15451, 100, 682.22
2026/06/12 14:08:16.793, 0, NVIDIA H100 80GB HBM3, 65661, 15419, 85, 686.60
2026/06/12 14:08:16.799, 1, NVIDIA H100 80GB HBM3, 65629, 15451, 85, 667.90
2026/06/12 14:08:26.835, 0, NVIDIA H100 80GB HBM3, 65661, 15419, 100, 692.83
2026/06/12 14:08:26.841, 1, NVIDIA H100 80GB HBM3, 65629, 15451, 100, 681.19
2026/06/12 14:08:36.874, 0, NVIDIA H100 80GB HBM3, 65661, 15419, 100, 694.84
2026/06/12 14:08:36.879, 1, NVIDIA H100 80GB HBM3, 65629, 15451, 100, 678.42
2026/06/12 14:08:46.916, 0, NVIDIA H100 80GB HBM3, 65661, 15419, 100, 684.65
2026/06/12 14:08:46.922, 1, NVIDIA H100 80GB HBM3, 65629, 15451, 100, 674.44
2026/06/12 14:08:56.956, 0, NVIDIA H100 80GB HBM3, 65661, 15419, 100, 692.18
2026/06/12 14:08:56.962, 1, NVIDIA H100 80GB HBM3, 65629, 15451, 100, 674.07
2026/06/12 14:09:06.998, 0, NVIDIA H100 80GB HBM3, 65661, 15419, 100, 676.72
2026/06/12 14:09:07.005, 1, NVIDIA H100 80GB HBM3, 65629, 15451, 100, 678.30
2026/06/12 14:09:17.041, 0, NVIDIA H100 80GB HBM3, 65661, 15419, 100, 690.30
2026/06/12 14:09:17.047, 1, NVIDIA H100 80GB HBM3, 65629, 15451, 100, 676.92
2026/06/12 14:09:27.083, 0, NVIDIA H100 80GB HBM3, 65661, 15419, 100, 688.38
2026/06/12 14:09:27.099, 1, NVIDIA H100 80GB HBM3, 65629, 15451, 100, 668.28
2026/06/12 14:09:37.133, 0, NVIDIA H100 80GB HBM3, 65661, 15419, 100, 694.26
2026/06/12 14:09:37.139, 1, NVIDIA H100 80GB HBM3, 65629, 15451, 100, 676.80
2026/06/12 14:09:47.175, 0, NVIDIA H100 80GB HBM3, 65661, 15419, 100, 680.55
2026/06/12 14:09:47.181, 1, NVIDIA H100 80GB HBM3, 65629, 15451, 100, 666.15
2026/06/12 14:09:57.214, 0, NVIDIA H100 80GB HBM3, 65661, 15419, 100, 689.58
2026/06/12 14:09:57.220, 1, NVIDIA H100 80GB HBM3, 65629, 15451, 100, 676.64
2026/06/12 14:10:07.258, 0, NVIDIA H100 80GB HBM3, 65661, 15419, 100, 679.10
2026/06/12 14:10:07.265, 1, NVIDIA H100 80GB HBM3, 65629, 15451, 67, 664.59
2026/06/12 14:10:17.299, 0, NVIDIA H100 80GB HBM3, 65661, 15419, 100, 693.41
2026/06/12 14:10:17.304, 1, NVIDIA H100 80GB HBM3, 65629, 15451, 100, 679.89
2026/06/12 14:10:27.349, 0, NVIDIA H100 80GB HBM3, 65661, 15419, 100, 694.66
2026/06/12 14:10:27.357, 1, NVIDIA H100 80GB HBM3, 65629, 15451, 100, 683.11
2026/06/12 14:10:37.390, 0, NVIDIA H100 80GB HBM3, 65661, 15419, 100, 684.67
2026/06/12 14:10:37.396, 1, NVIDIA H100 80GB HBM3, 65629, 15451, 100, 665.76
2026/06/12 14:10:47.431, 0, NVIDIA H100 80GB HBM3, 65661, 15419, 100, 685.20
2026/06/12 14:10:47.437, 1, NVIDIA H100 80GB HBM3, 65629, 15451, 100, 673.74
2026/06/12 14:10:57.472, 0, NVIDIA H100 80GB HBM3, 65661, 15419, 100, 678.04
2026/06/12 14:10:57.478, 1, NVIDIA H100 80GB HBM3, 65629, 15451, 100, 668.12
2026/06/12 14:11:07.513, 0, NVIDIA H100 80GB HBM3, 65661, 15419, 100, 687.43
2026/06/12 14:11:07.520, 1, NVIDIA H100 80GB HBM3, 65629, 15451, 100, 683.02
2026/06/12 14:11:17.555, 0, NVIDIA H100 80GB HBM3, 65661, 15419, 100, 678.90
2026/06/12 14:11:17.561, 1, NVIDIA H100 80GB HBM3, 65629, 15451, 100, 666.03
2026/06/12 14:11:27.596, 0, NVIDIA H100 80GB HBM3, 65661, 15419, 100, 686.42
2026/06/12 14:11:27.602, 1, NVIDIA H100 80GB HBM3, 65629, 15451, 100, 683.52
2026/06/12 14:11:37.638, 0, NVIDIA H100 80GB HBM3, 65661, 15419, 84, 685.99
2026/06/12 14:11:37.644, 1, NVIDIA H100 80GB HBM3, 65629, 15451, 84, 670.48
2026/06/12 14:11:47.683, 0, NVIDIA H100 80GB HBM3, 65661, 15419, 100, 690.00
2026/06/12 14:11:47.690, 1, NVIDIA H100 80GB HBM3, 65629, 15451, 100, 685.95
2026/06/12 14:11:57.728, 0, NVIDIA H100 80GB HBM3, 65661, 15419, 100, 689.22
2026/06/12 14:11:57.734, 1, NVIDIA H100 80GB HBM3, 65629, 15451, 97, 676.29
2026/06/12 14:12:07.770, 0, NVIDIA H100 80GB HBM3, 65661, 15419, 100, 682.27
2026/06/12 14:12:07.776, 1, NVIDIA H100 80GB HBM3, 65629, 15451, 100, 671.53
2026/06/12 14:12:17.812, 0, NVIDIA H100 80GB HBM3, 65661, 15419, 100, 686.44
2026/06/12 14:12:17.818, 1, NVIDIA H100 80GB HBM3, 65629, 15451, 100, 674.19
2026/06/12 14:12:27.852, 0, NVIDIA H100 80GB HBM3, 65661, 15419, 100, 679.30
2026/06/12 14:12:27.859, 1, NVIDIA H100 80GB HBM3, 65629, 15451, 100, 669.46
2026/06/12 14:12:37.894, 0, NVIDIA H100 80GB HBM3, 65661, 15419, 100, 690.35
2026/06/12 14:12:37.900, 1, NVIDIA H100 80GB HBM3, 65629, 15451, 100, 679.99
2026/06/12 14:12:47.935, 0, NVIDIA H100 80GB HBM3, 65661, 15419, 86, 673.23
2026/06/12 14:12:47.941, 1, NVIDIA H100 80GB HBM3, 65629, 15451, 97, 669.54
2026/06/12 14:12:57.976, 0, NVIDIA H100 80GB HBM3, 65661, 15419, 100, 685.43
2026/06/12 14:12:57.982, 1, NVIDIA H100 80GB HBM3, 65629, 15451, 100, 674.80
2026/06/12 14:13:08.016, 0, NVIDIA H100 80GB HBM3, 65661, 15419, 100, 678.36
2026/06/12 14:13:08.021, 1, NVIDIA H100 80GB HBM3, 65629, 15451, 100, 664.68
2026/06/12 14:13:18.056, 0, NVIDIA H100 80GB HBM3, 65661, 15419, 100, 702.51
2026/06/12 14:13:18.062, 1, NVIDIA H100 80GB HBM3, 65629, 15451, 100, 681.10
2026/06/12 14:13:28.097, 0, NVIDIA H100 80GB HBM3, 65661, 15419, 100, 693.07
2026/06/12 14:13:28.103, 1, NVIDIA H100 80GB HBM3, 65629, 15451, 100, 686.08
2026/06/12 14:13:38.137, 0, NVIDIA H100 80GB HBM3, 65661, 15419, 100, 685.23
2026/06/12 14:13:38.143, 1, NVIDIA H100 80GB HBM3, 65629, 15451, 100, 670.80
2026/06/12 14:13:48.178, 0, NVIDIA H100 80GB HBM3, 65661, 15419, 100, 686.16
2026/06/12 14:13:48.185, 1, NVIDIA H100 80GB HBM3, 65629, 15451, 100, 679.64
2026/06/12 14:13:58.219, 0, NVIDIA H100 80GB HBM3, 65661, 15419, 100, 684.10
2026/06/12 14:13:58.225, 1, NVIDIA H100 80GB HBM3, 65629, 15451, 100, 659.89
2026/06/12 14:14:08.260, 0, NVIDIA H100 80GB HBM3, 65661, 15419, 100, 690.78
2026/06/12 14:14:08.266, 1, NVIDIA H100 80GB HBM3, 65629, 15451, 100, 682.74
2026/06/12 14:14:18.301, 0, NVIDIA H100 80GB HBM3, 65661, 15419, 100, 678.39
2026/06/12 14:14:18.307, 1, NVIDIA H100 80GB HBM3, 65629, 15451, 100, 655.62
2026/06/12 14:14:28.351, 0, NVIDIA H100 80GB HBM3, 65661, 15419, 100, 689.12
2026/06/12 14:14:28.359, 1, NVIDIA H100 80GB HBM3, 65629, 15451, 100, 677.58
2026/06/12 14:14:38.393, 0, NVIDIA H100 80GB HBM3, 65661, 15419, 100, 678.38
2026/06/12 14:14:38.400, 1, NVIDIA H100 80GB HBM3, 65629, 15451, 84, 670.39
2026/06/12 14:14:48.435, 0, NVIDIA H100 80GB HBM3, 65661, 15419, 100, 688.70
2026/06/12 14:14:48.442, 1, NVIDIA H100 80GB HBM3, 65629, 15451, 100, 677.64
2026/06/12 14:14:58.478, 0, NVIDIA H100 80GB HBM3, 65661, 15419, 100, 685.77
2026/06/12 14:14:58.482, 1, NVIDIA H100 80GB HBM3, 65629, 15451, 100, 671.29
2026/06/12 14:15:08.516, 0, NVIDIA H100 80GB HBM3, 65661, 15419, 100, 699.34
2026/06/12 14:15:08.523, 1, NVIDIA H100 80GB HBM3, 65629, 15451, 100, 680.74
2026/06/12 14:15:18.557, 0, NVIDIA H100 80GB HBM3, 65661, 15419, 100, 694.66
2026/06/12 14:15:18.563, 1, NVIDIA H100 80GB HBM3, 65629, 15451, 100, 680.51
2026/06/12 14:15:28.598, 0, NVIDIA H100 80GB HBM3, 65661, 15419, 100, 690.33
2026/06/12 14:15:28.604, 1, NVIDIA H100 80GB HBM3, 65629, 15451, 100, 673.79
2026/06/12 14:15:38.639, 0, NVIDIA H100 80GB HBM3, 65661, 15419, 100, 686.10
2026/06/12 14:15:38.644, 1, NVIDIA H100 80GB HBM3, 65629, 15451, 100, 674.89
2026/06/12 14:15:48.678, 0, NVIDIA H100 80GB HBM3, 65661, 15419, 100, 683.48
2026/06/12 14:15:48.685, 1, NVIDIA H100 80GB HBM3, 65629, 15451, 100, 671.09
2026/06/12 14:15:58.721, 0, NVIDIA H100 80GB HBM3, 65661, 15419, 100, 686.97
2026/06/12 14:15:58.729, 1, NVIDIA H100 80GB HBM3, 65629, 15451, 100, 671.71
2026/06/12 14:16:08.763, 0, NVIDIA H100 80GB HBM3, 65661, 15419, 100, 685.22
2026/06/12 14:16:08.769, 1, NVIDIA H100 80GB HBM3, 65629, 15451, 100, 665.47
2026/06/12 14:16:18.804, 0, NVIDIA H100 80GB HBM3, 65661, 15419, 100, 690.50
2026/06/12 14:16:18.809, 1, NVIDIA H100 80GB HBM3, 65629, 15451, 100, 677.67
2026/06/12 14:16:28.842, 0, NVIDIA H100 80GB HBM3, 65661, 15419, 84, 681.09
2026/06/12 14:16:28.849, 1, NVIDIA H100 80GB HBM3, 65629, 15451, 84, 665.47
2026/06/12 14:16:38.883, 0, NVIDIA H100 80GB HBM3, 65661, 15419, 100, 692.57
2026/06/12 14:16:38.889, 1, NVIDIA H100 80GB HBM3, 65629, 15451, 100, 674.59
2026/06/12 14:16:48.922, 0, NVIDIA H100 80GB HBM3, 65661, 15419, 100, 691.72
2026/06/12 14:16:48.929, 1, NVIDIA H100 80GB HBM3, 65629, 15451, 100, 683.68
2026/06/12 14:16:58.965, 0, NVIDIA H100 80GB HBM3, 65661, 15419, 100, 684.21
2026/06/12 14:16:58.970, 1, NVIDIA H100 80GB HBM3, 65629, 15451, 100, 665.80
2026/06/12 14:17:09.003, 0, NVIDIA H100 80GB HBM3, 65661, 15419, 100, 693.12
2026/06/12 14:17:09.011, 1, NVIDIA H100 80GB HBM3, 65629, 15451, 100, 675.08
2026/06/12 14:17:19.049, 0, NVIDIA H100 80GB HBM3, 65661, 15419, 100, 685.74
2026/06/12 14:17:19.055, 1, NVIDIA H100 80GB HBM3, 65629, 15451, 100, 667.23
2026/06/12 14:17:29.090, 0, NVIDIA H100 80GB HBM3, 65661, 15419, 100, 685.58
2026/06/12 14:17:29.101, 1, NVIDIA H100 80GB HBM3, 65629, 15451, 100, 672.49
2026/06/12 14:17:39.137, 0, NVIDIA H100 80GB HBM3, 65661, 15419, 100, 683.07
2026/06/12 14:17:39.142, 1, NVIDIA H100 80GB HBM3, 65629, 15451, 100, 670.93
2026/06/12 14:17:49.176, 0, NVIDIA H100 80GB HBM3, 65661, 15419, 100, 694.01
2026/06/12 14:17:49.183, 1, NVIDIA H100 80GB HBM3, 65629, 15451, 100, 682.46
2026/06/12 14:17:59.219, 0, NVIDIA H100 80GB HBM3, 65661, 15419, 100, 678.96
2026/06/12 14:17:59.224, 1, NVIDIA H100 80GB HBM3, 65629, 15451, 100, 670.32
2026/06/12 14:18:09.260, 0, NVIDIA H100 80GB HBM3, 65661, 15419, 100, 688.15
2026/06/12 14:18:09.266, 1, NVIDIA H100 80GB HBM3, 65629, 15451, 100, 681.11
2026/06/12 14:18:19.303, 0, NVIDIA H100 80GB HBM3, 65661, 15419, 100, 678.19
2026/06/12 14:18:19.308, 1, NVIDIA H100 80GB HBM3, 65629, 15451, 68, 665.43
2026/06/12 14:18:29.342, 0, NVIDIA H100 80GB HBM3, 65661, 15419, 100, 688.81
2026/06/12 14:18:29.349, 1, NVIDIA H100 80GB HBM3, 65629, 15451, 100, 685.81
2026/06/12 14:18:39.385, 0, NVIDIA H100 80GB HBM3, 65661, 15419, 100, 694.45
2026/06/12 14:18:39.397, 1, NVIDIA H100 80GB HBM3, 65629, 15451, 100, 682.22
2026/06/12 14:18:49.432, 0, NVIDIA H100 80GB HBM3, 65661, 15419, 100, 688.60
2026/06/12 14:18:49.437, 1, NVIDIA H100 80GB HBM3, 65629, 15451, 100, 671.58
2026/06/12 14:18:59.473, 0, NVIDIA H100 80GB HBM3, 65661, 15419, 100, 684.88
2026/06/12 14:18:59.479, 1, NVIDIA H100 80GB HBM3, 65629, 15451, 100, 673.28
2026/06/12 14:19:09.513, 0, NVIDIA H100 80GB HBM3, 65661, 15419, 100, 675.74
2026/06/12 14:19:09.520, 1, NVIDIA H100 80GB HBM3, 65629, 15451, 100, 662.28
2026/06/12 14:19:19.556, 0, NVIDIA H100 80GB HBM3, 65661, 15419, 100, 686.39
2026/06/12 14:19:19.563, 1, NVIDIA H100 80GB HBM3, 65629, 15451, 100, 677.95
2026/06/12 14:19:29.597, 0, NVIDIA H100 80GB HBM3, 65661, 15419, 100, 684.68
2026/06/12 14:19:29.603, 1, NVIDIA H100 80GB HBM3, 65629, 15451, 84, 667.02
2026/06/12 14:19:39.638, 0, NVIDIA H100 80GB HBM3, 65661, 15419, 100, 696.35
2026/06/12 14:19:39.645, 1, NVIDIA H100 80GB HBM3, 65629, 15451, 100, 680.37
2026/06/12 14:19:49.680, 0, NVIDIA H100 80GB HBM3, 65661, 15419, 100, 698.10
2026/06/12 14:19:49.685, 1, NVIDIA H100 80GB HBM3, 65629, 15451, 100, 686.72
2026/06/12 14:19:59.721, 0, NVIDIA H100 80GB HBM3, 65661, 15419, 100, 685.54
2026/06/12 14:19:59.727, 1, NVIDIA H100 80GB HBM3, 65629, 15451, 100, 671.72
2026/06/12 14:20:09.764, 0, NVIDIA H100 80GB HBM3, 65661, 15419, 100, 687.31
2026/06/12 14:20:09.769, 1, NVIDIA H100 80GB HBM3, 65629, 15451, 100, 667.85
2026/06/12 14:20:19.804, 0, NVIDIA H100 80GB HBM3, 65661, 15419, 100, 687.65
2026/06/12 14:20:19.810, 1, NVIDIA H100 80GB HBM3, 65629, 15451, 100, 672.07
2026/06/12 14:20:29.845, 0, NVIDIA H100 80GB HBM3, 65661, 15419, 100, 684.47
2026/06/12 14:20:29.850, 1, NVIDIA H100 80GB HBM3, 65629, 15451, 100, 672.19
2026/06/12 14:20:39.884, 0, NVIDIA H100 80GB HBM3, 65661, 15419, 100, 681.52
2026/06/12 14:20:39.898, 1, NVIDIA H100 80GB HBM3, 65629, 15451, 100, 661.28
2026/06/12 14:20:49.933, 0, NVIDIA H100 80GB HBM3, 65661, 15419, 100, 683.05
2026/06/12 14:20:49.939, 1, NVIDIA H100 80GB HBM3, 65629, 15451, 100, 679.16
2026/06/12 14:20:59.974, 0, NVIDIA H100 80GB HBM3, 65661, 15419, 100, 681.95
2026/06/12 14:20:59.980, 1, NVIDIA H100 80GB HBM3, 65629, 15451, 100, 670.64
2026/06/12 14:21:10.014, 0, NVIDIA H100 80GB HBM3, 65661, 15419, 100, 689.56
2026/06/12 14:21:10.022, 1, NVIDIA H100 80GB HBM3, 65629, 15451, 100, 682.34
2026/06/12 14:21:20.061, 0, NVIDIA H100 80GB HBM3, 65661, 15419, 69, 684.15
2026/06/12 14:21:20.066, 1, NVIDIA H100 80GB HBM3, 65629, 15451, 100, 665.87
2026/06/12 14:21:30.104, 0, NVIDIA H100 80GB HBM3, 65661, 15419, 100, 690.98
2026/06/12 14:21:30.110, 1, NVIDIA H100 80GB HBM3, 65629, 15451, 100, 681.23
2026/06/12 14:21:40.146, 0, NVIDIA H100 80GB HBM3, 65661, 15419, 100, 694.58
2026/06/12 14:21:40.152, 1, NVIDIA H100 80GB HBM3, 65629, 15451, 100, 681.76
2026/06/12 14:21:50.186, 0, NVIDIA H100 80GB HBM3, 65661, 15419, 100, 690.96
2026/06/12 14:21:50.191, 1, NVIDIA H100 80GB HBM3, 65629, 15451, 100, 667.34
2026/06/12 14:22:00.223, 0, NVIDIA H100 80GB HBM3, 65661, 15419, 100, 688.33
2026/06/12 14:22:00.230, 1, NVIDIA H100 80GB HBM3, 65629, 15451, 100, 673.18
2026/06/12 14:22:10.265, 0, NVIDIA H100 80GB HBM3, 65661, 15419, 100, 679.43
2026/06/12 14:22:10.270, 1, NVIDIA H100 80GB HBM3, 65629, 15451, 100, 668.33
2026/06/12 14:22:20.304, 0, NVIDIA H100 80GB HBM3, 65661, 15419, 100, 692.58
2026/06/12 14:22:20.312, 1, NVIDIA H100 80GB HBM3, 65629, 15451, 100, 677.04
2026/06/12 14:22:30.349, 0, NVIDIA H100 80GB HBM3, 65661, 15419, 100, 678.71
2026/06/12 14:22:30.355, 1, NVIDIA H100 80GB HBM3, 65629, 15451, 100, 669.99
2026/06/12 14:22:40.388, 0, NVIDIA H100 80GB HBM3, 65661, 15419, 100, 684.40
2026/06/12 14:22:40.398, 1, NVIDIA H100 80GB HBM3, 65629, 15451, 100, 678.33
2026/06/12 14:22:50.433, 0, NVIDIA H100 80GB HBM3, 65661, 15419, 100, 681.41
2026/06/12 14:22:50.439, 1, NVIDIA H100 80GB HBM3, 65629, 15451, 100, 671.93
2026/06/12 14:23:00.473, 0, NVIDIA H100 80GB HBM3, 65661, 15419, 100, 687.22
2026/06/12 14:23:00.479, 1, NVIDIA H100 80GB HBM3, 65629, 15451, 100, 677.58
2026/06/12 14:23:10.515, 0, NVIDIA H100 80GB HBM3, 65661, 15419, 85, 684.45
2026/06/12 14:23:10.522, 1, NVIDIA H100 80GB HBM3, 65629, 15451, 100, 666.43
2026/06/12 14:23:20.557, 0, NVIDIA H100 80GB HBM3, 65661, 15419, 100, 689.03
2026/06/12 14:23:20.562, 1, NVIDIA H100 80GB HBM3, 65629, 15451, 100, 677.49
2026/06/12 14:23:30.597, 0, NVIDIA H100 80GB HBM3, 65661, 15419, 100, 697.46
2026/06/12 14:23:30.604, 1, NVIDIA H100 80GB HBM3, 65629, 15451, 100, 686.14
2026/06/12 14:23:40.649, 0, NVIDIA H100 80GB HBM3, 65661, 15419, 100, 683.89
2026/06/12 14:23:40.655, 1, NVIDIA H100 80GB HBM3, 65629, 15451, 100, 662.17
2026/06/12 14:23:50.690, 0, NVIDIA H100 80GB HBM3, 65661, 15419, 100, 689.91
2026/06/12 14:23:50.695, 1, NVIDIA H100 80GB HBM3, 65629, 15451, 100, 671.90
2026/06/12 14:24:00.731, 0, NVIDIA H100 80GB HBM3, 65661, 15419, 100, 683.52
2026/06/12 14:24:00.737, 1, NVIDIA H100 80GB HBM3, 65629, 15451, 100, 667.35
2026/06/12 14:24:10.770, 0, NVIDIA H100 80GB HBM3, 65661, 15419, 100, 688.96
2026/06/12 14:24:10.776, 1, NVIDIA H100 80GB HBM3, 65629, 15451, 100, 679.10
2026/06/12 14:24:20.811, 0, NVIDIA H100 80GB HBM3, 65661, 15419, 100, 677.99
2026/06/12 14:24:20.818, 1, NVIDIA H100 80GB HBM3, 65629, 15451, 100, 671.51
2026/06/12 14:24:30.850, 0, NVIDIA H100 80GB HBM3, 65661, 15419, 100, 686.67
2026/06/12 14:24:30.857, 1, NVIDIA H100 80GB HBM3, 65629, 15451, 100, 686.90
2026/06/12 14:24:40.893, 0, NVIDIA H100 80GB HBM3, 65661, 15419, 100, 686.71
2026/06/12 14:24:40.899, 1, NVIDIA H100 80GB HBM3, 65629, 15451, 100, 677.88
2026/06/12 14:24:50.932, 0, NVIDIA H100 80GB HBM3, 65661, 15419, 100, 687.54
2026/06/12 14:24:50.938, 1, NVIDIA H100 80GB HBM3, 65629, 15451, 100, 677.51
2026/06/12 14:25:00.975, 0, NVIDIA H100 80GB HBM3, 65661, 15419, 85, 682.45
2026/06/12 14:25:00.981, 1, NVIDIA H100 80GB HBM3, 65629, 15451, 100, 672.06
2026/06/12 14:25:11.015, 0, NVIDIA H100 80GB HBM3, 65661, 15419, 100, 688.48
2026/06/12 14:25:11.020, 1, NVIDIA H100 80GB HBM3, 65629, 15451, 100, 673.32
2026/06/12 14:25:21.057, 0, NVIDIA H100 80GB HBM3, 65661, 15419, 100, 676.29
2026/06/12 14:25:21.063, 1, NVIDIA H100 80GB HBM3, 65629, 15451, 100, 667.47
2026/06/12 14:25:31.098, 0, NVIDIA H100 80GB HBM3, 65661, 15419, 100, 697.00
2026/06/12 14:25:31.104, 1, NVIDIA H100 80GB HBM3, 65629, 15451, 100, 680.58
2026/06/12 14:25:41.152, 0, NVIDIA H100 80GB HBM3, 65661, 15419, 100, 690.33
2026/06/12 14:25:41.158, 1, NVIDIA H100 80GB HBM3, 65629, 15451, 100, 684.96
2026/06/12 14:25:51.195, 0, NVIDIA H100 80GB HBM3, 65661, 15419, 80, 693.46
2026/06/12 14:25:51.199, 1, NVIDIA H100 80GB HBM3, 65629, 15451, 100, 677.50
2026/06/12 14:26:01.231, 0, NVIDIA H100 80GB HBM3, 65661, 15419, 100, 689.36
2026/06/12 14:26:01.238, 1, NVIDIA H100 80GB HBM3, 65629, 15451, 100, 668.21
2026/06/12 14:26:11.272, 0, NVIDIA H100 80GB HBM3, 65661, 15419, 100, 692.65
2026/06/12 14:26:11.278, 1, NVIDIA H100 80GB HBM3, 65629, 15451, 100, 681.19
2026/06/12 14:26:21.314, 0, NVIDIA H100 80GB HBM3, 65661, 15419, 100, 686.10
2026/06/12 14:26:21.321, 1, NVIDIA H100 80GB HBM3, 65629, 15451, 100, 672.15
2026/06/12 14:26:31.358, 0, NVIDIA H100 80GB HBM3, 65661, 15419, 100, 685.47
2026/06/12 14:26:31.363, 1, NVIDIA H100 80GB HBM3, 65629, 15451, 100, 674.71
2026/06/12 14:26:41.397, 0, NVIDIA H100 80GB HBM3, 65661, 15419, 100, 680.14
2026/06/12 14:26:41.404, 1, NVIDIA H100 80GB HBM3, 65629, 15451, 100, 661.82
2026/06/12 14:26:51.450, 0, NVIDIA H100 80GB HBM3, 65661, 15419, 100, 688.66
2026/06/12 14:26:51.455, 1, NVIDIA H100 80GB HBM3, 65629, 15451, 100, 674.53
2026/06/12 14:27:01.490, 0, NVIDIA H100 80GB HBM3, 65661, 15419, 100, 685.61
2026/06/12 14:27:01.499, 1, NVIDIA H100 80GB HBM3, 65629, 15451, 100, 670.62
2026/06/12 14:27:11.536, 0, NVIDIA H100 80GB HBM3, 65661, 15419, 100, 693.95
2026/06/12 14:27:11.541, 1, NVIDIA H100 80GB HBM3, 65629, 15451, 100, 680.83
2026/06/12 14:27:21.575, 0, NVIDIA H100 80GB HBM3, 65661, 15419, 85, 676.19
2026/06/12 14:27:21.582, 1, NVIDIA H100 80GB HBM3, 65629, 15451, 85, 665.27
2026/06/12 14:27:31.621, 0, NVIDIA H100 80GB HBM3, 65661, 15419, 100, 690.45
2026/06/12 14:27:31.626, 1, NVIDIA H100 80GB HBM3, 65629, 15451, 100, 676.54
2026/06/12 14:27:41.660, 0, NVIDIA H100 80GB HBM3, 65661, 15419, 100, 677.71
2026/06/12 14:27:41.667, 1, NVIDIA H100 80GB HBM3, 65629, 15451, 100, 661.08
2026/06/12 14:27:51.703, 0, NVIDIA H100 80GB HBM3, 65661, 15419, 100, 698.24
2026/06/12 14:27:51.709, 1, NVIDIA H100 80GB HBM3, 65629, 15451, 100, 678.53
2026/06/12 14:28:01.743, 0, NVIDIA H100 80GB HBM3, 65661, 15419, 100, 692.88
2026/06/12 14:28:01.749, 1, NVIDIA H100 80GB HBM3, 65629, 15451, 100, 680.95
2026/06/12 14:28:11.786, 0, NVIDIA H100 80GB HBM3, 65661, 15419, 100, 686.17
2026/06/12 14:28:11.798, 1, NVIDIA H100 80GB HBM3, 65629, 15451, 100, 667.59
2026/06/12 14:28:21.832, 0, NVIDIA H100 80GB HBM3, 65661, 15419, 100, 686.11
2026/06/12 14:28:21.837, 1, NVIDIA H100 80GB HBM3, 65629, 15451, 100, 677.13
2026/06/12 14:28:31.874, 0, NVIDIA H100 80GB HBM3, 65661, 15419, 100, 687.64
2026/06/12 14:28:31.881, 1, NVIDIA H100 80GB HBM3, 65629, 15451, 100, 669.57
2026/06/12 14:28:41.915, 0, NVIDIA H100 80GB HBM3, 65661, 15419, 100, 686.55
2026/06/12 14:28:41.920, 1, NVIDIA H100 80GB HBM3, 65629, 15451, 100, 675.17
2026/06/12 14:28:51.955, 0, NVIDIA H100 80GB HBM3, 65661, 15419, 100, 681.10
2026/06/12 14:28:51.961, 1, NVIDIA H100 80GB HBM3, 65629, 15451, 100, 663.63
2026/06/12 14:29:01.996, 0, NVIDIA H100 80GB HBM3, 65661, 15419, 100, 688.36
2026/06/12 14:29:02.002, 1, NVIDIA H100 80GB HBM3, 65629, 15451, 100, 679.12
2026/06/12 14:29:12.036, 0, NVIDIA H100 80GB HBM3, 65661, 15419, 85, 674.82
2026/06/12 14:29:12.043, 1, NVIDIA H100 80GB HBM3, 65629, 15451, 100, 667.52
2026/06/12 14:29:22.077, 0, NVIDIA H100 80GB HBM3, 65661, 15419, 100, 680.65
2026/06/12 14:29:22.083, 1, NVIDIA H100 80GB HBM3, 65629, 15451, 100, 674.80
2026/06/12 14:29:32.118, 0, NVIDIA H100 80GB HBM3, 65661, 15419, 85, 682.42
2026/06/12 14:29:32.124, 1, NVIDIA H100 80GB HBM3, 65629, 15451, 79, 677.67
2026/06/12 14:29:42.158, 0, NVIDIA H100 80GB HBM3, 65661, 15419, 100, 691.06
2026/06/12 14:29:42.164, 1, NVIDIA H100 80GB HBM3, 65629, 15451, 100, 678.83
2026/06/12 14:29:52.199, 0, NVIDIA H100 80GB HBM3, 65661, 15419, 100, 695.08
2026/06/12 14:29:52.205, 1, NVIDIA H100 80GB HBM3, 65629, 15451, 100, 685.96
2026/06/12 14:30:02.239, 0, NVIDIA H100 80GB HBM3, 65661, 15419, 100, 687.69
2026/06/12 14:30:02.244, 1, NVIDIA H100 80GB HBM3, 65629, 15451, 100, 671.32
2026/06/12 14:30:12.277, 0, NVIDIA H100 80GB HBM3, 65661, 15419, 100, 683.68
2026/06/12 14:30:12.285, 1, NVIDIA H100 80GB HBM3, 65629, 15451, 100, 678.45
2026/06/12 14:30:22.320, 0, NVIDIA H100 80GB HBM3, 65661, 15419, 100, 677.60
2026/06/12 14:30:22.325, 1, NVIDIA H100 80GB HBM3, 65629, 15451, 100, 670.79
2026/06/12 14:30:32.358, 0, NVIDIA H100 80GB HBM3, 65661, 15419, 100, 685.86
2026/06/12 14:30:32.364, 1, NVIDIA H100 80GB HBM3, 65629, 15451, 100, 671.13
2026/06/12 14:30:42.398, 0, NVIDIA H100 80GB HBM3, 65661, 15419, 100, 686.29
2026/06/12 14:30:42.404, 1, NVIDIA H100 80GB HBM3, 65629, 15451, 100, 678.08
2026/06/12 14:30:52.438, 0, NVIDIA H100 80GB HBM3, 65661, 15419, 100, 688.49
2026/06/12 14:30:52.444, 1, NVIDIA H100 80GB HBM3, 65629, 15451, 100, 680.38
2026/06/12 14:31:02.478, 0, NVIDIA H100 80GB HBM3, 65661, 15419, 97, 678.00
2026/06/12 14:31:02.484, 1, NVIDIA H100 80GB HBM3, 65629, 15451, 100, 671.09
2026/06/12 14:31:12.519, 0, NVIDIA H100 80GB HBM3, 65661, 15419, 100, 686.83
2026/06/12 14:31:12.524, 1, NVIDIA H100 80GB HBM3, 65629, 15451, 100, 672.27
2026/06/12 14:31:22.559, 0, NVIDIA H100 80GB HBM3, 65661, 15419, 85, 681.00
2026/06/12 14:31:22.566, 1, NVIDIA H100 80GB HBM3, 65629, 15451, 100, 667.25
2026/06/12 14:31:32.599, 0, NVIDIA H100 80GB HBM3, 65661, 15419, 100, 692.74
2026/06/12 14:31:32.605, 1, NVIDIA H100 80GB HBM3, 65629, 15451, 100, 672.82
2026/06/12 14:31:42.650, 0, NVIDIA H100 80GB HBM3, 65661, 15419, 100, 693.90
2026/06/12 14:31:42.655, 1, NVIDIA H100 80GB HBM3, 65629, 15451, 100, 677.76
2026/06/12 14:31:52.689, 0, NVIDIA H100 80GB HBM3, 65661, 15419, 100, 685.11
2026/06/12 14:31:52.695, 1, NVIDIA H100 80GB HBM3, 65629, 15451, 100, 677.74
2026/06/12 14:32:02.729, 0, NVIDIA H100 80GB HBM3, 65661, 15419, 100, 693.83
2026/06/12 14:32:02.735, 1, NVIDIA H100 80GB HBM3, 65629, 15451, 100, 680.09
2026/06/12 14:32:12.771, 0, NVIDIA H100 80GB HBM3, 65661, 15419, 100, 685.80
2026/06/12 14:32:12.778, 1, NVIDIA H100 80GB HBM3, 65629, 15451, 100, 672.59
2026/06/12 14:32:22.813, 0, NVIDIA H100 80GB HBM3, 65661, 15419, 100, 684.59
2026/06/12 14:32:22.820, 1, NVIDIA H100 80GB HBM3, 65629, 15451, 100, 671.71
2026/06/12 14:32:32.858, 0, NVIDIA H100 80GB HBM3, 65661, 15419, 100, 689.76
2026/06/12 14:32:32.866, 1, NVIDIA H100 80GB HBM3, 65629, 15451, 100, 670.59
2026/06/12 14:32:42.904, 0, NVIDIA H100 80GB HBM3, 65661, 15419, 100, 685.14
2026/06/12 14:32:42.911, 1, NVIDIA H100 80GB HBM3, 65629, 15451, 100, 671.16
2026/06/12 14:32:52.947, 0, NVIDIA H100 80GB HBM3, 65661, 15419, 100, 687.27
2026/06/12 14:32:52.957, 1, NVIDIA H100 80GB HBM3, 65629, 15451, 100, 675.57
2026/06/12 14:33:02.994, 0, NVIDIA H100 80GB HBM3, 65661, 15419, 100, 693.01
2026/06/12 14:33:03.001, 1, NVIDIA H100 80GB HBM3, 65629, 15451, 100, 672.90
2026/06/12 14:33:13.040, 0, NVIDIA H100 80GB HBM3, 65661, 15419, 100, 687.76
2026/06/12 14:33:13.046, 1, NVIDIA H100 80GB HBM3, 65629, 15451, 100, 679.31
2026/06/12 14:33:23.084, 0, NVIDIA H100 80GB HBM3, 65661, 15419, 100, 685.09
2026/06/12 14:33:23.102, 1, NVIDIA H100 80GB HBM3, 65629, 15451, 100, 666.76
2026/06/12 14:33:33.139, 0, NVIDIA H100 80GB HBM3, 65661, 15419, 100, 688.54
2026/06/12 14:33:33.147, 1, NVIDIA H100 80GB HBM3, 65629, 15451, 100, 678.09
2026/06/12 14:33:43.186, 0, NVIDIA H100 80GB HBM3, 65661, 15419, 85, 677.89
2026/06/12 14:33:43.199, 1, NVIDIA H100 80GB HBM3, 65629, 15451, 94, 661.15
2026/06/12 14:33:53.238, 0, NVIDIA H100 80GB HBM3, 65661, 15419, 100, 686.72
2026/06/12 14:33:53.244, 1, NVIDIA H100 80GB HBM3, 65629, 15451, 100, 681.06
2026/06/12 14:34:03.282, 0, NVIDIA H100 80GB HBM3, 65661, 15419, 95, 695.55
2026/06/12 14:34:03.299, 1, NVIDIA H100 80GB HBM3, 65629, 15451, 100, 684.24
2026/06/12 14:34:13.334, 0, NVIDIA H100 80GB HBM3, 65661, 15419, 100, 685.67
2026/06/12 14:34:13.341, 1, NVIDIA H100 80GB HBM3, 65629, 15451, 100, 681.98
2026/06/12 14:34:23.379, 0, NVIDIA H100 80GB HBM3, 65661, 15419, 100, 697.46
2026/06/12 14:34:23.387, 1, NVIDIA H100 80GB HBM3, 65629, 15451, 100, 678.73
2026/06/12 14:34:33.424, 0, NVIDIA H100 80GB HBM3, 65661, 15419, 100, 684.49
2026/06/12 14:34:33.432, 1, NVIDIA H100 80GB HBM3, 65629, 15451, 100, 667.30
2026/06/12 14:34:43.469, 0, NVIDIA H100 80GB HBM3, 65661, 15419, 100, 688.33
2026/06/12 14:34:43.477, 1, NVIDIA H100 80GB HBM3, 65629, 15451, 100, 678.66
2026/06/12 14:34:53.514, 0, NVIDIA H100 80GB HBM3, 65661, 15419, 100, 682.54
2026/06/12 14:34:53.522, 1, NVIDIA H100 80GB HBM3, 65629, 15451, 100, 667.48
2026/06/12 14:35:03.560, 0, NVIDIA H100 80GB HBM3, 65661, 15419, 100, 689.10
2026/06/12 14:35:03.566, 1, NVIDIA H100 80GB HBM3, 65629, 15451, 100, 676.92
2026/06/12 14:35:13.602, 0, NVIDIA H100 80GB HBM3, 65661, 15419, 100, 689.70
2026/06/12 14:35:13.610, 1, NVIDIA H100 80GB HBM3, 65629, 15451, 100, 672.51
2026/06/12 14:35:23.652, 0, NVIDIA H100 80GB HBM3, 65661, 15419, 100, 687.29
2026/06/12 14:35:23.658, 1, NVIDIA H100 80GB HBM3, 65629, 15451, 100, 672.72
2026/06/12 14:35:33.698, 0, NVIDIA H100 80GB HBM3, 65661, 15419, 100, 687.05
2026/06/12 14:35:33.706, 1, NVIDIA H100 80GB HBM3, 65629, 15451, 100, 668.16
2026/06/12 14:35:43.743, 0, NVIDIA H100 80GB HBM3, 65661, 15419, 100, 688.77
2026/06/12 14:35:43.751, 1, NVIDIA H100 80GB HBM3, 65629, 15451, 100, 681.49
2026/06/12 14:35:53.790, 0, NVIDIA H100 80GB HBM3, 65661, 15419, 100, 676.97
2026/06/12 14:35:53.797, 1, NVIDIA H100 80GB HBM3, 65629, 15451, 100, 664.17
2026/06/12 14:36:03.833, 0, NVIDIA H100 80GB HBM3, 65661, 15419, 100, 699.16
2026/06/12 14:36:03.840, 1, NVIDIA H100 80GB HBM3, 65629, 15451, 100, 678.12
2026/06/12 14:36:13.878, 0, NVIDIA H100 80GB HBM3, 65661, 15419, 100, 696.91
2026/06/12 14:36:13.885, 1, NVIDIA H100 80GB HBM3, 65629, 15451, 100, 677.73
2026/06/12 14:36:23.921, 0, NVIDIA H100 80GB HBM3, 65661, 15419, 100, 691.30
2026/06/12 14:36:23.929, 1, NVIDIA H100 80GB HBM3, 65629, 15451, 100, 671.88
2026/06/12 14:36:33.967, 0, NVIDIA H100 80GB HBM3, 65661, 15419, 100, 687.74
2026/06/12 14:36:33.974, 1, NVIDIA H100 80GB HBM3, 65629, 15451, 100, 672.98
2026/06/12 14:36:44.013, 0, NVIDIA H100 80GB HBM3, 65661, 15419, 100, 681.21
2026/06/12 14:36:44.020, 1, NVIDIA H100 80GB HBM3, 65629, 15451, 100, 667.56
2026/06/12 14:36:54.057, 0, NVIDIA H100 80GB HBM3, 65661, 15419, 100, 684.96
2026/06/12 14:36:54.064, 1, NVIDIA H100 80GB HBM3, 65629, 15451, 100, 674.35
2026/06/12 14:37:04.100, 0, NVIDIA H100 80GB HBM3, 65661, 15419, 100, 670.72
2026/06/12 14:37:04.107, 1, NVIDIA H100 80GB HBM3, 65629, 15451, 100, 672.01
2026/06/12 14:37:14.155, 0, NVIDIA H100 80GB HBM3, 65661, 15419, 100, 691.23
2026/06/12 14:37:14.162, 1, NVIDIA H100 80GB HBM3, 65629, 15451, 100, 677.25
2026/06/12 14:37:24.198, 0, NVIDIA H100 80GB HBM3, 65661, 15419, 100, 681.20
2026/06/12 14:37:24.205, 1, NVIDIA H100 80GB HBM3, 65629, 15451, 86, 669.37
2026/06/12 14:37:34.251, 0, NVIDIA H100 80GB HBM3, 65661, 15419, 100, 690.11
2026/06/12 14:37:34.258, 1, NVIDIA H100 80GB HBM3, 65629, 15451, 100, 681.64
2026/06/12 14:37:44.295, 0, NVIDIA H100 80GB HBM3, 65661, 15419, 68, 677.46
2026/06/12 14:37:44.302, 1, NVIDIA H100 80GB HBM3, 65629, 15451, 100, 667.29
2026/06/12 14:37:54.339, 0, NVIDIA H100 80GB HBM3, 65661, 15419, 100, 696.63
2026/06/12 14:37:54.347, 1, NVIDIA H100 80GB HBM3, 65629, 15451, 100, 681.97
2026/06/12 14:38:04.384, 0, NVIDIA H100 80GB HBM3, 65661, 15419, 100, 691.11
2026/06/12 14:38:04.391, 1, NVIDIA H100 80GB HBM3, 65629, 15451, 100, 685.24
2026/06/12 14:38:14.427, 0, NVIDIA H100 80GB HBM3, 65661, 15419, 100, 688.07
2026/06/12 14:38:14.435, 1, NVIDIA H100 80GB HBM3, 65629, 15451, 100, 669.89
2026/06/12 14:38:24.471, 0, NVIDIA H100 80GB HBM3, 65661, 15419, 100, 684.41
2026/06/12 14:38:24.478, 1, NVIDIA H100 80GB HBM3, 65629, 15451, 100, 671.76
2026/06/12 14:38:34.516, 0, NVIDIA H100 80GB HBM3, 65661, 15419, 100, 681.82
2026/06/12 14:38:34.524, 1, NVIDIA H100 80GB HBM3, 65629, 15451, 100, 675.59
2026/06/12 14:38:44.561, 0, NVIDIA H100 80GB HBM3, 65661, 15419, 100, 683.36
2026/06/12 14:38:44.568, 1, NVIDIA H100 80GB HBM3, 65629, 15451, 100, 676.84
2026/06/12 14:38:54.606, 0, NVIDIA H100 80GB HBM3, 65661, 15419, 100, 681.98
2026/06/12 14:38:54.613, 1, NVIDIA H100 80GB HBM3, 65629, 15451, 100, 667.73
2026/06/12 14:39:04.649, 0, NVIDIA H100 80GB HBM3, 65661, 15419, 100, 683.14
2026/06/12 14:39:04.656, 1, NVIDIA H100 80GB HBM3, 65629, 15451, 100, 674.48
2026/06/12 14:39:14.694, 0, NVIDIA H100 80GB HBM3, 65661, 15419, 100, 691.13
2026/06/12 14:39:14.702, 1, NVIDIA H100 80GB HBM3, 65629, 15451, 100, 674.57
2026/06/12 14:39:24.739, 0, NVIDIA H100 80GB HBM3, 65661, 15419, 100, 681.45
2026/06/12 14:39:24.747, 1, NVIDIA H100 80GB HBM3, 65629, 15451, 100, 666.49
2026/06/12 14:39:34.785, 0, NVIDIA H100 80GB HBM3, 65661, 15419, 100, 690.11
2026/06/12 14:39:34.791, 1, NVIDIA H100 80GB HBM3, 65629, 15451, 100, 675.30
2026/06/12 14:39:44.828, 0, NVIDIA H100 80GB HBM3, 65661, 15419, 100, 677.60
2026/06/12 14:39:44.835, 1, NVIDIA H100 80GB HBM3, 65629, 15451, 84, 668.04
2026/06/12 14:39:54.873, 0, NVIDIA H100 80GB HBM3, 65661, 15419, 100, 684.67
2026/06/12 14:39:54.880, 1, NVIDIA H100 80GB HBM3, 65629, 15451, 100, 677.84
2026/06/12 14:40:04.917, 0, NVIDIA H100 80GB HBM3, 65661, 15419, 100, 690.43
2026/06/12 14:40:04.923, 1, NVIDIA H100 80GB HBM3, 65629, 15451, 100, 685.40
2026/06/12 14:40:14.962, 0, NVIDIA H100 80GB HBM3, 65661, 15419, 100, 680.59
2026/06/12 14:40:14.970, 1, NVIDIA H100 80GB HBM3, 65629, 15451, 100, 668.86
2026/06/12 14:40:25.006, 0, NVIDIA H100 80GB HBM3, 65661, 15419, 100, 689.07
2026/06/12 14:40:25.013, 1, NVIDIA H100 80GB HBM3, 65629, 15451, 100, 676.28
2026/06/12 14:40:35.051, 0, NVIDIA H100 80GB HBM3, 65661, 15419, 100, 685.31
2026/06/12 14:40:35.058, 1, NVIDIA H100 80GB HBM3, 65629, 15451, 100, 670.77
2026/06/12 14:40:45.095, 0, NVIDIA H100 80GB HBM3, 65661, 15419, 100, 686.02
2026/06/12 14:40:45.102, 1, NVIDIA H100 80GB HBM3, 65629, 15451, 100, 671.05
2026/06/12 14:40:55.140, 0, NVIDIA H100 80GB HBM3, 65661, 15419, 100, 688.91
2026/06/12 14:40:55.147, 1, NVIDIA H100 80GB HBM3, 65629, 15451, 100, 664.91
2026/06/12 14:41:05.186, 0, NVIDIA H100 80GB HBM3, 65661, 15419, 100, 690.84
2026/06/12 14:41:05.193, 1, NVIDIA H100 80GB HBM3, 65629, 15451, 100, 682.31
2026/06/12 14:41:15.229, 0, NVIDIA H100 80GB HBM3, 65661, 15419, 95, 678.59
2026/06/12 14:41:15.236, 1, NVIDIA H100 80GB HBM3, 65629, 15451, 100, 668.45
2026/06/12 14:41:25.274, 0, NVIDIA H100 80GB HBM3, 65661, 15419, 100, 691.45
2026/06/12 14:41:25.280, 1, NVIDIA H100 80GB HBM3, 65629, 15451, 100, 673.06
2026/06/12 14:41:35.317, 0, NVIDIA H100 80GB HBM3, 65661, 15419, 84, 679.15
2026/06/12 14:41:35.324, 1, NVIDIA H100 80GB HBM3, 65629, 15451, 100, 668.69
2026/06/12 14:41:45.360, 0, NVIDIA H100 80GB HBM3, 65661, 15419, 100, 689.89
2026/06/12 14:41:45.367, 1, NVIDIA H100 80GB HBM3, 65629, 15451, 100, 676.79
2026/06/12 14:41:55.404, 0, NVIDIA H100 80GB HBM3, 65661, 15419, 100, 700.77
2026/06/12 14:41:55.411, 1, NVIDIA H100 80GB HBM3, 65629, 15451, 100, 688.27
2026/06/12 14:42:05.448, 0, NVIDIA H100 80GB HBM3, 65661, 15419, 100, 680.79
2026/06/12 14:42:05.454, 1, NVIDIA H100 80GB HBM3, 65629, 15451, 100, 675.01
2026/06/12 14:42:15.492, 0, NVIDIA H100 80GB HBM3, 65661, 15419, 100, 690.34
2026/06/12 14:42:15.500, 1, NVIDIA H100 80GB HBM3, 65629, 15451, 100, 677.93
2026/06/12 14:42:25.537, 0, NVIDIA H100 80GB HBM3, 65661, 15419, 100, 680.63
2026/06/12 14:42:25.544, 1, NVIDIA H100 80GB HBM3, 65629, 15451, 100, 665.31
2026/06/12 14:42:35.580, 0, NVIDIA H100 80GB HBM3, 65661, 15419, 100, 684.47
2026/06/12 14:42:35.587, 1, NVIDIA H100 80GB HBM3, 65629, 15451, 100, 671.51
2026/06/12 14:42:45.626, 0, NVIDIA H100 80GB HBM3, 65661, 15419, 100, 682.06
2026/06/12 14:42:45.633, 1, NVIDIA H100 80GB HBM3, 65629, 15451, 100, 668.19
2026/06/12 14:42:55.669, 0, NVIDIA H100 80GB HBM3, 65661, 15419, 100, 687.84
2026/06/12 14:42:55.676, 1, NVIDIA H100 80GB HBM3, 65629, 15451, 100, 682.15
2026/06/12 14:43:05.713, 0, NVIDIA H100 80GB HBM3, 65661, 15419, 84, 675.74
2026/06/12 14:43:05.720, 1, NVIDIA H100 80GB HBM3, 65629, 15451, 100, 670.71
2026/06/12 14:43:15.757, 0, NVIDIA H100 80GB HBM3, 65661, 15419, 100, 695.91
2026/06/12 14:43:15.763, 1, NVIDIA H100 80GB HBM3, 65629, 15451, 100, 677.66
2026/06/12 14:43:25.800, 0, NVIDIA H100 80GB HBM3, 65661, 15419, 100, 696.10
2026/06/12 14:43:25.806, 1, NVIDIA H100 80GB HBM3, 65629, 15451, 100, 688.41
2026/06/12 14:43:35.841, 0, NVIDIA H100 80GB HBM3, 65661, 15419, 100, 693.56
2026/06/12 14:43:35.849, 1, NVIDIA H100 80GB HBM3, 65629, 15451, 100, 670.85
2026/06/12 14:43:45.885, 0, NVIDIA H100 80GB HBM3, 65661, 15419, 100, 689.09
2026/06/12 14:43:45.892, 1, NVIDIA H100 80GB HBM3, 65629, 15451, 100, 674.75
2026/06/12 14:43:55.927, 0, NVIDIA H100 80GB HBM3, 65661, 15419, 100, 677.90
2026/06/12 14:43:55.935, 1, NVIDIA H100 80GB HBM3, 65629, 15451, 100, 666.34
2026/06/12 14:44:05.974, 0, NVIDIA H100 80GB HBM3, 65661, 15419, 100, 687.91
2026/06/12 14:44:05.980, 1, NVIDIA H100 80GB HBM3, 65629, 15451, 100, 677.98
2026/06/12 14:44:16.016, 0, NVIDIA H100 80GB HBM3, 65661, 15419, 100, 682.57
2026/06/12 14:44:16.022, 1, NVIDIA H100 80GB HBM3, 65629, 15451, 100, 671.36
2026/06/12 14:44:26.060, 0, NVIDIA H100 80GB HBM3, 65661, 15419, 100, 689.65
2026/06/12 14:44:26.068, 1, NVIDIA H100 80GB HBM3, 65629, 15451, 100, 676.87
2026/06/12 14:44:36.103, 0, NVIDIA H100 80GB HBM3, 65661, 15419, 100, 679.09
2026/06/12 14:44:36.110, 1, NVIDIA H100 80GB HBM3, 65629, 15451, 100, 664.97
2026/06/12 14:44:46.156, 0, NVIDIA H100 80GB HBM3, 65661, 15419, 100, 689.04
2026/06/12 14:44:46.163, 1, NVIDIA H100 80GB HBM3, 65629, 15451, 100, 679.95
2026/06/12 14:44:56.200, 0, NVIDIA H100 80GB HBM3, 65661, 15419, 100, 672.03
2026/06/12 14:44:56.207, 1, NVIDIA H100 80GB HBM3, 65629, 15451, 84, 664.95
2026/06/12 14:45:06.252, 0, NVIDIA H100 80GB HBM3, 65661, 15419, 100, 695.72
2026/06/12 14:45:06.260, 1, NVIDIA H100 80GB HBM3, 65629, 15451, 100, 677.78
2026/06/12 14:45:16.296, 0, NVIDIA H100 80GB HBM3, 65661, 15419, 100, 677.17
2026/06/12 14:45:16.303, 1, NVIDIA H100 80GB HBM3, 65629, 15451, 100, 670.25
2026/06/12 14:45:26.338, 0, NVIDIA H100 80GB HBM3, 65661, 15419, 100, 696.09
2026/06/12 14:45:26.345, 1, NVIDIA H100 80GB HBM3, 65629, 15451, 100, 688.97
2026/06/12 14:45:36.382, 0, NVIDIA H100 80GB HBM3, 65661, 15419, 100, 697.49
2026/06/12 14:45:36.399, 1, NVIDIA H100 80GB HBM3, 65629, 15451, 100, 676.00
2026/06/12 14:45:46.435, 0, NVIDIA H100 80GB HBM3, 65661, 15419, 100, 686.96
2026/06/12 14:45:46.442, 1, NVIDIA H100 80GB HBM3, 65629, 15451, 100, 671.22
2026/06/12 14:45:56.480, 0, NVIDIA H100 80GB HBM3, 65661, 15419, 100, 670.98
2026/06/12 14:45:56.497, 1, NVIDIA H100 80GB HBM3, 65629, 15451, 100, 673.89
2026/06/12 14:46:06.535, 0, NVIDIA H100 80GB HBM3, 65661, 15419, 100, 694.07
2026/06/12 14:46:06.541, 1, NVIDIA H100 80GB HBM3, 65629, 15451, 100, 675.72
2026/06/12 14:46:16.577, 0, NVIDIA H100 80GB HBM3, 65661, 15419, 100, 682.28
2026/06/12 14:46:16.585, 1, NVIDIA H100 80GB HBM3, 65629, 15451, 100, 668.16
2026/06/12 14:46:26.621, 0, NVIDIA H100 80GB HBM3, 65661, 15419, 100, 688.59
2026/06/12 14:46:26.628, 1, NVIDIA H100 80GB HBM3, 65629, 15451, 100, 678.54
2026/06/12 14:46:36.666, 0, NVIDIA H100 80GB HBM3, 65661, 15419, 100, 678.23
2026/06/12 14:46:36.672, 1, NVIDIA H100 80GB HBM3, 65629, 15451, 100, 663.90
2026/06/12 14:46:46.710, 0, NVIDIA H100 80GB HBM3, 65661, 15419, 100, 682.56
2026/06/12 14:46:46.717, 1, NVIDIA H100 80GB HBM3, 65629, 15451, 100, 677.87
2026/06/12 14:46:56.753, 0, NVIDIA H100 80GB HBM3, 65661, 15419, 100, 679.82
2026/06/12 14:46:56.761, 1, NVIDIA H100 80GB HBM3, 65629, 15451, 100, 663.24
2026/06/12 14:47:06.798, 0, NVIDIA H100 80GB HBM3, 65661, 15419, 100, 690.96
2026/06/12 14:47:06.806, 1, NVIDIA H100 80GB HBM3, 65629, 15451, 100, 687.60
2026/06/12 14:47:16.851, 0, NVIDIA H100 80GB HBM3, 65661, 15419, 100, 681.61
2026/06/12 14:47:16.858, 1, NVIDIA H100 80GB HBM3, 65629, 15451, 100, 662.73
2026/06/12 14:47:26.894, 0, NVIDIA H100 80GB HBM3, 65661, 15419, 100, 695.84
2026/06/12 14:47:26.902, 1, NVIDIA H100 80GB HBM3, 65629, 15451, 100, 681.47
2026/06/12 14:47:36.950, 0, NVIDIA H100 80GB HBM3, 65661, 15419, 100, 679.44
2026/06/12 14:47:36.957, 1, NVIDIA H100 80GB HBM3, 65629, 15451, 100, 658.29
2026/06/12 14:47:46.994, 0, NVIDIA H100 80GB HBM3, 65661, 15419, 100, 692.06
2026/06/12 14:47:47.001, 1, NVIDIA H100 80GB HBM3, 65629, 15451, 100, 682.46
2026/06/12 14:47:57.049, 0, NVIDIA H100 80GB HBM3, 65661, 15419, 100, 697.02
2026/06/12 14:47:57.058, 1, NVIDIA H100 80GB HBM3, 65629, 15451, 100, 678.37
2026/06/12 14:48:07.093, 0, NVIDIA H100 80GB HBM3, 65661, 15419, 100, 690.47
2026/06/12 14:48:07.101, 1, NVIDIA H100 80GB HBM3, 65629, 15451, 100, 671.98
2026/06/12 14:48:17.152, 0, NVIDIA H100 80GB HBM3, 65661, 15419, 100, 679.02
2026/06/12 14:48:17.158, 1, NVIDIA H100 80GB HBM3, 65629, 15451, 100, 676.89
2026/06/12 14:48:27.194, 0, NVIDIA H100 80GB HBM3, 65661, 15419, 100, 686.84
2026/06/12 14:48:27.202, 1, NVIDIA H100 80GB HBM3, 65629, 15451, 100, 661.49
2026/06/12 14:48:37.247, 0, NVIDIA H100 80GB HBM3, 65661, 15419, 100, 687.64
2026/06/12 14:48:37.255, 1, NVIDIA H100 80GB HBM3, 65629, 15451, 100, 671.41
2026/06/12 14:48:47.290, 0, NVIDIA H100 80GB HBM3, 65661, 15419, 100, 684.97
2026/06/12 14:48:47.298, 1, NVIDIA H100 80GB HBM3, 65629, 15451, 100, 666.89
2026/06/12 14:48:57.336, 0, NVIDIA H100 80GB HBM3, 65661, 15419, 100, 679.41
2026/06/12 14:48:57.343, 1, NVIDIA H100 80GB HBM3, 65629, 15451, 100, 668.34
2026/06/12 14:49:07.379, 0, NVIDIA H100 80GB HBM3, 65661, 15419, 84, 682.91
2026/06/12 14:49:07.396, 1, NVIDIA H100 80GB HBM3, 65629, 15451, 84, 666.78
2026/06/12 14:49:17.433, 0, NVIDIA H100 80GB HBM3, 65661, 15419, 100, 683.73
2026/06/12 14:49:17.438, 1, NVIDIA H100 80GB HBM3, 65629, 15451, 100, 677.06
2026/06/12 14:49:27.475, 0, NVIDIA H100 80GB HBM3, 65661, 15419, 100, 681.71
2026/06/12 14:49:27.480, 1, NVIDIA H100 80GB HBM3, 65629, 15451, 85, 664.43
2026/06/12 14:49:37.515, 0, NVIDIA H100 80GB HBM3, 65661, 15419, 100, 691.49
2026/06/12 14:49:37.522, 1, NVIDIA H100 80GB HBM3, 65629, 15451, 100, 679.29
2026/06/12 14:49:47.556, 0, NVIDIA H100 80GB HBM3, 65661, 15419, 100, 696.72
2026/06/12 14:49:47.563, 1, NVIDIA H100 80GB HBM3, 65629, 15451, 100, 681.16
2026/06/12 14:49:57.596, 0, NVIDIA H100 80GB HBM3, 65661, 15419, 100, 686.93
2026/06/12 14:49:57.602, 1, NVIDIA H100 80GB HBM3, 65629, 15451, 100, 666.99
2026/06/12 14:50:07.643, 0, NVIDIA H100 80GB HBM3, 65661, 15419, 100, 689.26
2026/06/12 14:50:07.650, 1, NVIDIA H100 80GB HBM3, 65629, 15451, 100, 677.65
2026/06/12 14:50:17.685, 0, NVIDIA H100 80GB HBM3, 65661, 15419, 100, 683.18
2026/06/12 14:50:17.691, 1, NVIDIA H100 80GB HBM3, 65629, 15451, 100, 673.79
2026/06/12 14:50:27.726, 0, NVIDIA H100 80GB HBM3, 65661, 15419, 100, 688.53
2026/06/12 14:50:27.732, 1, NVIDIA H100 80GB HBM3, 65629, 15451, 100, 683.11
2026/06/12 14:50:37.767, 0, NVIDIA H100 80GB HBM3, 65661, 15419, 100, 684.63
2026/06/12 14:50:37.773, 1, NVIDIA H100 80GB HBM3, 65629, 15451, 100, 670.12
2026/06/12 14:50:47.807, 0, NVIDIA H100 80GB HBM3, 65661, 15419, 100, 689.24
2026/06/12 14:50:47.813, 1, NVIDIA H100 80GB HBM3, 65629, 15451, 100, 676.22
2026/06/12 14:50:57.848, 0, NVIDIA H100 80GB HBM3, 65661, 15419, 84, 680.04
2026/06/12 14:50:57.854, 1, NVIDIA H100 80GB HBM3, 65629, 15451, 100, 669.37
2026/06/12 14:51:07.889, 0, NVIDIA H100 80GB HBM3, 65661, 15419, 100, 686.33
2026/06/12 14:51:07.894, 1, NVIDIA H100 80GB HBM3, 65629, 15451, 100, 670.57
2026/06/12 14:51:17.928, 0, NVIDIA H100 80GB HBM3, 65661, 15419, 84, 680.87
2026/06/12 14:51:17.935, 1, NVIDIA H100 80GB HBM3, 65629, 15451, 68, 663.03
2026/06/12 14:51:27.969, 0, NVIDIA H100 80GB HBM3, 65661, 15419, 100, 696.36
2026/06/12 14:51:27.974, 1, NVIDIA H100 80GB HBM3, 65629, 15451, 100, 673.10
2026/06/12 14:51:38.008, 0, NVIDIA H100 80GB HBM3, 65661, 15419, 100, 695.92
2026/06/12 14:51:38.015, 1, NVIDIA H100 80GB HBM3, 65629, 15451, 100, 682.71
2026/06/12 14:51:48.051, 0, NVIDIA H100 80GB HBM3, 65661, 15419, 100, 683.45
2026/06/12 14:51:48.057, 1, NVIDIA H100 80GB HBM3, 65629, 15451, 100, 670.04
2026/06/12 14:51:58.091, 0, NVIDIA H100 80GB HBM3, 65661, 15419, 100, 684.94
2026/06/12 14:51:58.098, 1, NVIDIA H100 80GB HBM3, 65629, 15451, 100, 672.30
2026/06/12 14:52:08.147, 0, NVIDIA H100 80GB HBM3, 65661, 15419, 100, 684.94
2026/06/12 14:52:08.152, 1, NVIDIA H100 80GB HBM3, 65629, 15451, 100, 667.30
2026/06/12 14:52:18.185, 0, NVIDIA H100 80GB HBM3, 65661, 15419, 100, 690.39
2026/06/12 14:52:18.194, 1, NVIDIA H100 80GB HBM3, 65629, 15451, 100, 674.22
2026/06/12 14:52:28.229, 0, NVIDIA H100 80GB HBM3, 65661, 15419, 100, 680.68
2026/06/12 14:52:28.235, 1, NVIDIA H100 80GB HBM3, 65629, 15451, 100, 675.16
2026/06/12 14:52:38.268, 0, NVIDIA H100 80GB HBM3, 65661, 15419, 100, 685.84
2026/06/12 14:52:38.275, 1, NVIDIA H100 80GB HBM3, 65629, 15451, 100, 679.25
2026/06/12 14:52:48.311, 0, NVIDIA H100 80GB HBM3, 65661, 15419, 100, 686.04
2026/06/12 14:52:48.317, 1, NVIDIA H100 80GB HBM3, 65629, 15451, 100, 667.99
2026/06/12 14:52:58.352, 0, NVIDIA H100 80GB HBM3, 65661, 15419, 100, 683.56
2026/06/12 14:52:58.360, 1, NVIDIA H100 80GB HBM3, 65629, 15451, 100, 670.82
2026/06/12 14:53:08.398, 0, NVIDIA H100 80GB HBM3, 65661, 15419, 100, 687.57
2026/06/12 14:53:08.404, 1, NVIDIA H100 80GB HBM3, 65629, 15451, 100, 680.72
2026/06/12 14:53:18.438, 0, NVIDIA H100 80GB HBM3, 65661, 15419, 100, 685.72
2026/06/12 14:53:18.444, 1, NVIDIA H100 80GB HBM3, 65629, 15451, 97, 671.18
2026/06/12 14:53:28.480, 0, NVIDIA H100 80GB HBM3, 65661, 15419, 100, 692.17
2026/06/12 14:53:28.495, 1, NVIDIA H100 80GB HBM3, 65629, 15451, 100, 675.47
2026/06/12 14:53:38.529, 0, NVIDIA H100 80GB HBM3, 65661, 15419, 100, 675.70
2026/06/12 14:53:38.535, 1, NVIDIA H100 80GB HBM3, 65629, 15451, 84, 668.82
2026/06/12 14:53:48.570, 0, NVIDIA H100 80GB HBM3, 65661, 15419, 100, 689.36
2026/06/12 14:53:48.578, 1, NVIDIA H100 80GB HBM3, 65629, 15451, 100, 678.64
2026/06/12 14:53:58.613, 0, NVIDIA H100 80GB HBM3, 65661, 15419, 100, 692.06
2026/06/12 14:53:58.619, 1, NVIDIA H100 80GB HBM3, 65629, 15451, 100, 687.27
2026/06/12 14:54:08.654, 0, NVIDIA H100 80GB HBM3, 65661, 15419, 100, 684.53
2026/06/12 14:54:08.660, 1, NVIDIA H100 80GB HBM3, 65629, 15451, 100, 671.74
2026/06/12 14:54:18.693, 0, NVIDIA H100 80GB HBM3, 65661, 15419, 100, 695.32
2026/06/12 14:54:18.699, 1, NVIDIA H100 80GB HBM3, 65629, 15451, 100, 680.07
2026/06/12 14:54:28.743, 0, NVIDIA H100 80GB HBM3, 65661, 15419, 100, 691.99
2026/06/12 14:54:28.748, 1, NVIDIA H100 80GB HBM3, 65629, 15451, 100, 676.27
2026/06/12 14:54:38.783, 0, NVIDIA H100 80GB HBM3, 65661, 15419, 100, 689.87
2026/06/12 14:54:38.794, 1, NVIDIA H100 80GB HBM3, 65629, 15451, 100, 671.08
2026/06/12 14:54:48.827, 0, NVIDIA H100 80GB HBM3, 65661, 15419, 100, 689.23
2026/06/12 14:54:48.833, 1, NVIDIA H100 80GB HBM3, 65629, 15451, 100, 668.13
2026/06/12 14:54:58.867, 0, NVIDIA H100 80GB HBM3, 65661, 15419, 100, 688.29
2026/06/12 14:54:58.872, 1, NVIDIA H100 80GB HBM3, 65629, 15451, 100, 677.23
2026/06/12 14:55:08.908, 0, NVIDIA H100 80GB HBM3, 65661, 15419, 100, 690.95
2026/06/12 14:55:08.915, 1, NVIDIA H100 80GB HBM3, 65629, 15451, 100, 673.44
2026/06/12 14:55:18.951, 0, NVIDIA H100 80GB HBM3, 65661, 15419, 100, 690.76
2026/06/12 14:55:18.956, 1, NVIDIA H100 80GB HBM3, 65629, 15451, 100, 671.15
2026/06/12 14:55:28.992, 0, NVIDIA H100 80GB HBM3, 65661, 15419, 85, 680.75
2026/06/12 14:55:28.998, 1, NVIDIA H100 80GB HBM3, 65629, 15451, 100, 668.86
2026/06/12 14:55:39.031, 0, NVIDIA H100 80GB HBM3, 65661, 15419, 100, 688.50
2026/06/12 14:55:39.036, 1, NVIDIA H100 80GB HBM3, 65629, 15451, 100, 674.63
2026/06/12 14:55:49.070, 0, NVIDIA H100 80GB HBM3, 65661, 15419, 100, 679.59
2026/06/12 14:55:49.077, 1, NVIDIA H100 80GB HBM3, 65629, 15451, 75, 662.82
2026/06/12 14:55:59.111, 0, NVIDIA H100 80GB HBM3, 65661, 15419, 100, 693.14
2026/06/12 14:55:59.116, 1, NVIDIA H100 80GB HBM3, 65629, 15451, 100, 682.91
2026/06/12 14:56:09.152, 0, NVIDIA H100 80GB HBM3, 65661, 15419, 100, 695.47
2026/06/12 14:56:09.158, 1, NVIDIA H100 80GB HBM3, 65629, 15451, 100, 681.58
2026/06/12 14:56:19.190, 0, NVIDIA H100 80GB HBM3, 65661, 15419, 100, 684.74
2026/06/12 14:56:19.196, 1, NVIDIA H100 80GB HBM3, 65629, 15451, 100, 674.68
2026/06/12 14:56:29.230, 0, NVIDIA H100 80GB HBM3, 65661, 15419, 100, 686.43
2026/06/12 14:56:29.236, 1, NVIDIA H100 80GB HBM3, 65629, 15451, 100, 671.60
2026/06/12 14:56:39.270, 0, NVIDIA H100 80GB HBM3, 65661, 15419, 100, 685.06
2026/06/12 14:56:39.277, 1, NVIDIA H100 80GB HBM3, 65629, 15451, 100, 675.62
2026/06/12 14:56:49.312, 0, NVIDIA H100 80GB HBM3, 65661, 15419, 100, 688.05
2026/06/12 14:56:49.317, 1, NVIDIA H100 80GB HBM3, 65629, 15451, 100, 674.32
2026/06/12 14:56:59.353, 0, NVIDIA H100 80GB HBM3, 65661, 15419, 100, 679.29
2026/06/12 14:56:59.359, 1, NVIDIA H100 80GB HBM3, 65629, 15451, 100, 667.72
2026/06/12 14:57:09.394, 0, NVIDIA H100 80GB HBM3, 65661, 15419, 100, 686.20
2026/06/12 14:57:09.400, 1, NVIDIA H100 80GB HBM3, 65629, 15451, 100, 669.57
2026/06/12 14:57:19.434, 0, NVIDIA H100 80GB HBM3, 65661, 15419, 83, 678.83
2026/06/12 14:57:19.441, 1, NVIDIA H100 80GB HBM3, 65629, 15451, 83, 670.47
2026/06/12 14:57:29.476, 0, NVIDIA H100 80GB HBM3, 65661, 15419, 100, 689.75
2026/06/12 14:57:29.483, 1, NVIDIA H100 80GB HBM3, 65629, 15451, 100, 685.05
2026/06/12 14:57:39.516, 0, NVIDIA H100 80GB HBM3, 65661, 15419, 91, 673.73
2026/06/12 14:57:39.523, 1, NVIDIA H100 80GB HBM3, 65629, 15451, 83, 669.55
2026/06/12 14:57:49.557, 0, NVIDIA H100 80GB HBM3, 65661, 15419, 100, 694.18
2026/06/12 14:57:49.563, 1, NVIDIA H100 80GB HBM3, 65629, 15451, 100, 676.87
2026/06/12 14:57:59.598, 0, NVIDIA H100 80GB HBM3, 65661, 15419, 100, 696.38
2026/06/12 14:57:59.604, 1, NVIDIA H100 80GB HBM3, 65629, 15451, 100, 681.29
2026/06/12 14:58:09.642, 0, NVIDIA H100 80GB HBM3, 65661, 15419, 100, 690.47
2026/06/12 14:58:09.648, 1, NVIDIA H100 80GB HBM3, 65629, 15451, 100, 671.17
2026/06/12 14:58:19.681, 0, NVIDIA H100 80GB HBM3, 65661, 15419, 100, 683.23
2026/06/12 14:58:19.693, 1, NVIDIA H100 80GB HBM3, 65629, 15451, 100, 681.53
2026/06/12 14:58:29.728, 0, NVIDIA H100 80GB HBM3, 65661, 15419, 100, 680.53
2026/06/12 14:58:29.733, 1, NVIDIA H100 80GB HBM3, 65629, 15451, 100, 668.23
2026/06/12 14:58:39.769, 0, NVIDIA H100 80GB HBM3, 65661, 15419, 100, 679.15
2026/06/12 14:58:39.776, 1, NVIDIA H100 80GB HBM3, 65629, 15451, 100, 674.18
2026/06/12 14:58:49.811, 0, NVIDIA H100 80GB HBM3, 65661, 15419, 100, 681.01
2026/06/12 14:58:49.817, 1, NVIDIA H100 80GB HBM3, 65629, 15451, 100, 668.45
2026/06/12 14:58:59.852, 0, NVIDIA H100 80GB HBM3, 65661, 15419, 100, 686.72
2026/06/12 14:58:59.857, 1, NVIDIA H100 80GB HBM3, 65629, 15451, 100, 672.53
2026/06/12 14:59:09.893, 0, NVIDIA H100 80GB HBM3, 65661, 15419, 84, 682.53
2026/06/12 14:59:09.900, 1, NVIDIA H100 80GB HBM3, 65629, 15451, 87, 665.62
2026/06/12 14:59:19.933, 0, NVIDIA H100 80GB HBM3, 65661, 15419, 100, 694.12
2026/06/12 14:59:19.939, 1, NVIDIA H100 80GB HBM3, 65629, 15451, 100, 677.02
2026/06/12 14:59:29.973, 0, NVIDIA H100 80GB HBM3, 65661, 15419, 100, 687.37
2026/06/12 14:59:29.979, 1, NVIDIA H100 80GB HBM3, 65629, 15451, 100, 678.21
2026/06/12 14:59:40.014, 0, NVIDIA H100 80GB HBM3, 65661, 15419, 100, 673.19
2026/06/12 14:59:40.021, 1, NVIDIA H100 80GB HBM3, 65629, 15451, 100, 658.91
2026/06/12 14:59:50.059, 0, NVIDIA H100 80GB HBM3, 65661, 15419, 100, 691.63
2026/06/12 14:59:50.067, 1, NVIDIA H100 80GB HBM3, 65629, 15451, 100, 679.98
2026/06/12 15:00:00.104, 0, NVIDIA H100 80GB HBM3, 65661, 15419, 100, 685.65
2026/06/12 15:00:00.111, 1, NVIDIA H100 80GB HBM3, 65629, 15451, 100, 664.62
2026/06/12 15:00:10.149, 0, NVIDIA H100 80GB HBM3, 65661, 15419, 100, 689.16
2026/06/12 15:00:10.157, 1, NVIDIA H100 80GB HBM3, 65629, 15451, 100, 681.49
2026/06/12 15:00:20.196, 0, NVIDIA H100 80GB HBM3, 65661, 15419, 100, 672.37
2026/06/12 15:00:20.203, 1, NVIDIA H100 80GB HBM3, 65629, 15451, 100, 665.67
2026/06/12 15:00:30.238, 0, NVIDIA H100 80GB HBM3, 65661, 15419, 100, 686.52
2026/06/12 15:00:30.246, 1, NVIDIA H100 80GB HBM3, 65629, 15451, 100, 677.61
2026/06/12 15:00:40.283, 0, NVIDIA H100 80GB HBM3, 65661, 15419, 100, 675.36
2026/06/12 15:00:40.289, 1, NVIDIA H100 80GB HBM3, 65629, 15451, 94, 668.26
2026/06/12 15:00:50.325, 0, NVIDIA H100 80GB HBM3, 65661, 15419, 100, 694.02
2026/06/12 15:00:50.332, 1, NVIDIA H100 80GB HBM3, 65629, 15451, 100, 676.07
2026/06/12 15:01:00.368, 0, NVIDIA H100 80GB HBM3, 65661, 15419, 100, 701.11
2026/06/12 15:01:00.375, 1, NVIDIA H100 80GB HBM3, 65629, 15451, 100, 685.99
2026/06/12 15:01:10.411, 0, NVIDIA H100 80GB HBM3, 65661, 15419, 100, 691.24
2026/06/12 15:01:10.418, 1, NVIDIA H100 80GB HBM3, 65629, 15451, 100, 683.38
2026/06/12 15:01:20.456, 0, NVIDIA H100 80GB HBM3, 65661, 15419, 100, 688.75
2026/06/12 15:01:20.462, 1, NVIDIA H100 80GB HBM3, 65629, 15451, 100, 678.01
2026/06/12 15:01:30.499, 0, NVIDIA H100 80GB HBM3, 65661, 15419, 100, 689.58
2026/06/12 15:01:30.506, 1, NVIDIA H100 80GB HBM3, 65629, 15451, 100, 670.39
2026/06/12 15:01:40.545, 0, NVIDIA H100 80GB HBM3, 65661, 15419, 100, 685.84
2026/06/12 15:01:40.552, 1, NVIDIA H100 80GB HBM3, 65629, 15451, 100, 679.59
2026/06/12 15:01:50.588, 0, NVIDIA H100 80GB HBM3, 65661, 15419, 100, 687.26
2026/06/12 15:01:50.596, 1, NVIDIA H100 80GB HBM3, 65629, 15451, 100, 676.23
2026/06/12 15:02:00.643, 0, NVIDIA H100 80GB HBM3, 65661, 15419, 100, 688.22
2026/06/12 15:02:00.649, 1, NVIDIA H100 80GB HBM3, 65629, 15451, 100, 676.33
2026/06/12 15:02:10.687, 0, NVIDIA H100 80GB HBM3, 65661, 15419, 100, 678.59
2026/06/12 15:02:10.694, 1, NVIDIA H100 80GB HBM3, 65629, 15451, 100, 668.57
2026/06/12 15:02:20.731, 0, NVIDIA H100 80GB HBM3, 65661, 15419, 100, 691.16
2026/06/12 15:02:20.737, 1, NVIDIA H100 80GB HBM3, 65629, 15451, 100, 685.01
2026/06/12 15:02:30.776, 0, NVIDIA H100 80GB HBM3, 65661, 15419, 100, 674.12
2026/06/12 15:02:30.792, 1, NVIDIA H100 80GB HBM3, 65629, 15451, 100, 671.46
