timestamp,index,name,memory_used_mib,memory_free_mib,utilization_gpu_percent,power_draw_w
2026/06/12 12:00:52.839, 0, NVIDIA H100 80GB HBM3, 0, 81079, 4, 127.68
2026/06/12 12:00:52.842, 1, NVIDIA H100 80GB HBM3, 0, 81079, 1, 118.69
2026/06/12 12:01:02.874, 0, NVIDIA H100 80GB HBM3, 61371, 19709, 0, 121.64
2026/06/12 12:01:02.876, 1, NVIDIA H100 80GB HBM3, 537, 80543, 0, 112.82
2026/06/12 12:01:12.907, 0, NVIDIA H100 80GB HBM3, 61371, 19709, 0, 121.85
2026/06/12 12:01:12.910, 1, NVIDIA H100 80GB HBM3, 537, 80543, 0, 112.87
2026/06/12 12:01:22.938, 0, NVIDIA H100 80GB HBM3, 61371, 19709, 0, 122.09
2026/06/12 12:01:22.941, 1, NVIDIA H100 80GB HBM3, 537, 80543, 0, 113.02
2026/06/12 12:01:32.970, 0, NVIDIA H100 80GB HBM3, 61371, 19709, 0, 122.23
2026/06/12 12:01:32.973, 1, NVIDIA H100 80GB HBM3, 537, 80543, 0, 113.07
2026/06/12 12:01:43.004, 0, NVIDIA H100 80GB HBM3, 61371, 19709, 0, 122.39
2026/06/12 12:01:43.007, 1, NVIDIA H100 80GB HBM3, 537, 80543, 0, 113.13
2026/06/12 12:01:53.037, 0, NVIDIA H100 80GB HBM3, 61371, 19709, 0, 122.44
2026/06/12 12:01:53.041, 1, NVIDIA H100 80GB HBM3, 537, 80543, 0, 113.18
2026/06/12 12:02:03.071, 0, NVIDIA H100 80GB HBM3, 61371, 19709, 0, 122.55
2026/06/12 12:02:03.074, 1, NVIDIA H100 80GB HBM3, 537, 80543, 0, 113.17
2026/06/12 12:02:13.105, 0, NVIDIA H100 80GB HBM3, 61371, 19709, 0, 122.71
2026/06/12 12:02:13.109, 1, NVIDIA H100 80GB HBM3, 537, 80543, 0, 113.25
2026/06/12 12:02:23.139, 0, NVIDIA H100 80GB HBM3, 61371, 19709, 0, 122.71
2026/06/12 12:02:23.141, 1, NVIDIA H100 80GB HBM3, 537, 80543, 0, 113.26
2026/06/12 12:02:33.174, 0, NVIDIA H100 80GB HBM3, 61371, 19709, 0, 122.86
2026/06/12 12:02:33.176, 1, NVIDIA H100 80GB HBM3, 537, 80543, 0, 113.31
2026/06/12 12:02:43.208, 0, NVIDIA H100 80GB HBM3, 61371, 19709, 0, 122.79
2026/06/12 12:02:43.212, 1, NVIDIA H100 80GB HBM3, 537, 80543, 0, 113.32
2026/06/12 12:02:53.246, 0, NVIDIA H100 80GB HBM3, 61381, 19699, 0, 122.99
2026/06/12 12:02:53.249, 1, NVIDIA H100 80GB HBM3, 61359, 19721, 0, 114.08
2026/06/12 12:03:03.285, 0, NVIDIA H100 80GB HBM3, 61381, 19699, 0, 123.02
2026/06/12 12:03:03.287, 1, NVIDIA H100 80GB HBM3, 61359, 19721, 0, 114.06
2026/06/12 12:03:13.319, 0, NVIDIA H100 80GB HBM3, 61385, 19695, 0, 123.25
2026/06/12 12:03:13.332, 1, NVIDIA H100 80GB HBM3, 61363, 19717, 0, 114.09
2026/06/12 12:03:23.374, 0, NVIDIA H100 80GB HBM3, 61385, 19695, 0, 123.11
2026/06/12 12:03:23.377, 1, NVIDIA H100 80GB HBM3, 61363, 19717, 0, 114.15
2026/06/12 12:03:33.409, 0, NVIDIA H100 80GB HBM3, 61385, 19695, 0, 123.17
2026/06/12 12:03:33.413, 1, NVIDIA H100 80GB HBM3, 61363, 19717, 0, 114.17
2026/06/12 12:03:43.447, 0, NVIDIA H100 80GB HBM3, 61385, 19695, 0, 123.24
2026/06/12 12:03:43.450, 1, NVIDIA H100 80GB HBM3, 61363, 19717, 0, 114.11
2026/06/12 12:03:53.482, 0, NVIDIA H100 80GB HBM3, 61385, 19695, 0, 123.18
2026/06/12 12:03:53.485, 1, NVIDIA H100 80GB HBM3, 61363, 19717, 0, 114.12
2026/06/12 12:04:03.517, 0, NVIDIA H100 80GB HBM3, 61385, 19695, 0, 123.20
2026/06/12 12:04:03.530, 1, NVIDIA H100 80GB HBM3, 61363, 19717, 0, 114.12
2026/06/12 12:04:13.560, 0, NVIDIA H100 80GB HBM3, 61385, 19695, 0, 123.21
2026/06/12 12:04:13.563, 1, NVIDIA H100 80GB HBM3, 61363, 19717, 0, 114.07
2026/06/12 12:04:23.594, 0, NVIDIA H100 80GB HBM3, 61385, 19695, 0, 123.24
2026/06/12 12:04:23.596, 1, NVIDIA H100 80GB HBM3, 61363, 19717, 0, 114.19
2026/06/12 12:04:33.627, 0, NVIDIA H100 80GB HBM3, 61385, 19695, 0, 123.26
2026/06/12 12:04:33.630, 1, NVIDIA H100 80GB HBM3, 61363, 19717, 0, 114.12
2026/06/12 12:04:43.669, 0, NVIDIA H100 80GB HBM3, 61457, 19623, 0, 144.96
2026/06/12 12:04:43.672, 1, NVIDIA H100 80GB HBM3, 61363, 19717, 0, 114.20
2026/06/12 12:04:53.713, 0, NVIDIA H100 80GB HBM3, 61457, 19623, 100, 528.82
2026/06/12 12:04:53.718, 1, NVIDIA H100 80GB HBM3, 61363, 19717, 0, 114.11
2026/06/12 12:05:03.749, 0, NVIDIA H100 80GB HBM3, 61459, 19621, 0, 130.03
2026/06/12 12:05:03.752, 1, NVIDIA H100 80GB HBM3, 61363, 19717, 0, 114.14
2026/06/12 12:05:13.784, 0, NVIDIA H100 80GB HBM3, 61459, 19621, 0, 127.56
2026/06/12 12:05:13.787, 1, NVIDIA H100 80GB HBM3, 61363, 19717, 0, 113.94
2026/06/12 12:05:23.820, 0, NVIDIA H100 80GB HBM3, 61459, 19621, 0, 126.67
2026/06/12 12:05:23.826, 1, NVIDIA H100 80GB HBM3, 61363, 19717, 0, 114.02
2026/06/12 12:05:33.868, 0, NVIDIA H100 80GB HBM3, 61459, 19621, 0, 124.87
2026/06/12 12:05:33.871, 1, NVIDIA H100 80GB HBM3, 61363, 19717, 0, 114.01
2026/06/12 12:05:43.903, 0, NVIDIA H100 80GB HBM3, 61459, 19621, 0, 124.48
2026/06/12 12:05:43.906, 1, NVIDIA H100 80GB HBM3, 61363, 19717, 0, 114.06
2026/06/12 12:05:53.939, 0, NVIDIA H100 80GB HBM3, 61459, 19621, 0, 124.28
2026/06/12 12:05:53.942, 1, NVIDIA H100 80GB HBM3, 61363, 19717, 0, 114.14
2026/06/12 12:06:03.975, 0, NVIDIA H100 80GB HBM3, 61459, 19621, 0, 124.14
2026/06/12 12:06:03.978, 1, NVIDIA H100 80GB HBM3, 61363, 19717, 0, 114.17
2026/06/12 12:06:14.012, 0, NVIDIA H100 80GB HBM3, 61459, 19621, 0, 124.02
2026/06/12 12:06:14.014, 1, NVIDIA H100 80GB HBM3, 61363, 19717, 0, 114.20
2026/06/12 12:06:24.048, 0, NVIDIA H100 80GB HBM3, 61459, 19621, 0, 123.93
2026/06/12 12:06:24.052, 1, NVIDIA H100 80GB HBM3, 61363, 19717, 0, 114.22
2026/06/12 12:06:34.085, 0, NVIDIA H100 80GB HBM3, 61459, 19621, 0, 131.65
2026/06/12 12:06:34.088, 1, NVIDIA H100 80GB HBM3, 61363, 19717, 0, 114.25
2026/06/12 12:06:44.121, 0, NVIDIA H100 80GB HBM3, 61459, 19621, 0, 123.88
2026/06/12 12:06:44.126, 1, NVIDIA H100 80GB HBM3, 61363, 19717, 0, 114.80
2026/06/12 12:06:54.159, 0, NVIDIA H100 80GB HBM3, 61459, 19621, 0, 123.79
2026/06/12 12:06:54.162, 1, NVIDIA H100 80GB HBM3, 61363, 19717, 0, 114.83
2026/06/12 12:07:04.192, 0, NVIDIA H100 80GB HBM3, 61459, 19621, 0, 123.75
2026/06/12 12:07:04.194, 1, NVIDIA H100 80GB HBM3, 61363, 19717, 0, 114.79
2026/06/12 12:07:14.224, 0, NVIDIA H100 80GB HBM3, 61459, 19621, 0, 123.68
2026/06/12 12:07:14.227, 1, NVIDIA H100 80GB HBM3, 61363, 19717, 0, 114.85
2026/06/12 12:07:24.268, 0, NVIDIA H100 80GB HBM3, 61459, 19621, 0, 123.67
2026/06/12 12:07:24.271, 1, NVIDIA H100 80GB HBM3, 61363, 19717, 0, 114.78
2026/06/12 12:07:34.302, 0, NVIDIA H100 80GB HBM3, 61459, 19621, 0, 123.62
2026/06/12 12:07:34.305, 1, NVIDIA H100 80GB HBM3, 61363, 19717, 0, 114.79
2026/06/12 12:07:44.339, 0, NVIDIA H100 80GB HBM3, 65659, 15421, 100, 684.22
2026/06/12 12:07:44.346, 1, NVIDIA H100 80GB HBM3, 65629, 15451, 100, 670.39
2026/06/12 12:07:54.383, 0, NVIDIA H100 80GB HBM3, 65659, 15421, 100, 692.94
2026/06/12 12:07:54.389, 1, NVIDIA H100 80GB HBM3, 65629, 15451, 100, 679.87
2026/06/12 12:08:04.427, 0, NVIDIA H100 80GB HBM3, 65659, 15421, 100, 687.14
2026/06/12 12:08:04.435, 1, NVIDIA H100 80GB HBM3, 65629, 15451, 100, 669.74
2026/06/12 12:08:14.472, 0, NVIDIA H100 80GB HBM3, 65659, 15421, 100, 681.41
2026/06/12 12:08:14.480, 1, NVIDIA H100 80GB HBM3, 65629, 15451, 100, 676.45
2026/06/12 12:08:24.518, 0, NVIDIA H100 80GB HBM3, 65659, 15421, 100, 678.58
2026/06/12 12:08:24.525, 1, NVIDIA H100 80GB HBM3, 65629, 15451, 100, 672.89
2026/06/12 12:08:34.563, 0, NVIDIA H100 80GB HBM3, 65659, 15421, 100, 684.56
2026/06/12 12:08:34.569, 1, NVIDIA H100 80GB HBM3, 65629, 15451, 100, 664.83
2026/06/12 12:08:44.606, 0, NVIDIA H100 80GB HBM3, 65659, 15421, 100, 683.74
2026/06/12 12:08:44.612, 1, NVIDIA H100 80GB HBM3, 65629, 15451, 100, 678.74
2026/06/12 12:08:54.647, 0, NVIDIA H100 80GB HBM3, 65659, 15421, 100, 685.34
2026/06/12 12:08:54.655, 1, NVIDIA H100 80GB HBM3, 65629, 15451, 100, 679.91
2026/06/12 12:09:04.691, 0, NVIDIA H100 80GB HBM3, 65659, 15421, 79, 666.91
2026/06/12 12:09:04.696, 1, NVIDIA H100 80GB HBM3, 65629, 15451, 88, 675.03
2026/06/12 12:09:14.732, 0, NVIDIA H100 80GB HBM3, 65659, 15421, 100, 689.56
2026/06/12 12:09:14.743, 1, NVIDIA H100 80GB HBM3, 65629, 15451, 100, 672.86
2026/06/12 12:09:24.778, 0, NVIDIA H100 80GB HBM3, 65659, 15421, 100, 690.93
2026/06/12 12:09:24.784, 1, NVIDIA H100 80GB HBM3, 65629, 15451, 100, 677.14
2026/06/12 12:09:34.819, 0, NVIDIA H100 80GB HBM3, 65659, 15421, 100, 685.14
2026/06/12 12:09:34.829, 1, NVIDIA H100 80GB HBM3, 65629, 15451, 100, 662.73
2026/06/12 12:09:44.864, 0, NVIDIA H100 80GB HBM3, 65659, 15421, 100, 685.25
2026/06/12 12:09:44.869, 1, NVIDIA H100 80GB HBM3, 65629, 15451, 100, 687.64
2026/06/12 12:09:54.903, 0, NVIDIA H100 80GB HBM3, 65659, 15421, 100, 685.33
2026/06/12 12:09:54.911, 1, NVIDIA H100 80GB HBM3, 65629, 15451, 100, 660.43
2026/06/12 12:10:04.950, 0, NVIDIA H100 80GB HBM3, 65659, 15421, 100, 687.87
2026/06/12 12:10:04.957, 1, NVIDIA H100 80GB HBM3, 65629, 15451, 100, 670.25
2026/06/12 12:10:14.992, 0, NVIDIA H100 80GB HBM3, 65659, 15421, 100, 676.83
2026/06/12 12:10:15.000, 1, NVIDIA H100 80GB HBM3, 65629, 15451, 100, 667.92
2026/06/12 12:10:25.038, 0, NVIDIA H100 80GB HBM3, 65659, 15421, 100, 677.41
2026/06/12 12:10:25.045, 1, NVIDIA H100 80GB HBM3, 65629, 15451, 100, 680.92
2026/06/12 12:10:35.084, 0, NVIDIA H100 80GB HBM3, 65659, 15421, 85, 672.85
2026/06/12 12:10:35.091, 1, NVIDIA H100 80GB HBM3, 65629, 15451, 100, 675.31
2026/06/12 12:10:45.128, 0, NVIDIA H100 80GB HBM3, 65659, 15421, 100, 692.34
2026/06/12 12:10:45.133, 1, NVIDIA H100 80GB HBM3, 65629, 15451, 100, 676.35
2026/06/12 12:10:55.174, 0, NVIDIA H100 80GB HBM3, 65659, 15421, 87, 689.19
2026/06/12 12:10:55.181, 1, NVIDIA H100 80GB HBM3, 65629, 15451, 100, 664.81
2026/06/12 12:11:05.217, 0, NVIDIA H100 80GB HBM3, 65659, 15421, 100, 690.49
2026/06/12 12:11:05.225, 1, NVIDIA H100 80GB HBM3, 65629, 15451, 100, 674.03
2026/06/12 12:11:15.260, 0, NVIDIA H100 80GB HBM3, 65659, 15421, 100, 690.27
2026/06/12 12:11:15.266, 1, NVIDIA H100 80GB HBM3, 65629, 15451, 100, 685.51
2026/06/12 12:11:25.299, 0, NVIDIA H100 80GB HBM3, 65659, 15421, 100, 691.67
2026/06/12 12:11:25.305, 1, NVIDIA H100 80GB HBM3, 65629, 15451, 100, 673.66
2026/06/12 12:11:35.342, 0, NVIDIA H100 80GB HBM3, 65659, 15421, 100, 689.06
2026/06/12 12:11:35.349, 1, NVIDIA H100 80GB HBM3, 65629, 15451, 100, 687.03
2026/06/12 12:11:45.384, 0, NVIDIA H100 80GB HBM3, 65659, 15421, 100, 688.43
2026/06/12 12:11:45.392, 1, NVIDIA H100 80GB HBM3, 65629, 15451, 100, 665.05
2026/06/12 12:11:55.428, 0, NVIDIA H100 80GB HBM3, 65659, 15421, 100, 676.12
2026/06/12 12:11:55.435, 1, NVIDIA H100 80GB HBM3, 65629, 15451, 100, 678.43
2026/06/12 12:12:05.473, 0, NVIDIA H100 80GB HBM3, 65659, 15421, 100, 684.31
2026/06/12 12:12:05.482, 1, NVIDIA H100 80GB HBM3, 65629, 15451, 100, 666.93
2026/06/12 12:12:15.518, 0, NVIDIA H100 80GB HBM3, 65659, 15421, 100, 682.52
2026/06/12 12:12:15.525, 1, NVIDIA H100 80GB HBM3, 65629, 15451, 100, 677.09
2026/06/12 12:12:25.563, 0, NVIDIA H100 80GB HBM3, 65659, 15421, 100, 680.80
2026/06/12 12:12:25.572, 1, NVIDIA H100 80GB HBM3, 65629, 15451, 100, 673.83
2026/06/12 12:12:35.608, 0, NVIDIA H100 80GB HBM3, 65659, 15421, 100, 691.38
2026/06/12 12:12:35.614, 1, NVIDIA H100 80GB HBM3, 65629, 15451, 100, 672.78
2026/06/12 12:12:45.650, 0, NVIDIA H100 80GB HBM3, 65659, 15421, 87, 674.66
2026/06/12 12:12:45.656, 1, NVIDIA H100 80GB HBM3, 65629, 15451, 100, 668.90
2026/06/12 12:12:55.692, 0, NVIDIA H100 80GB HBM3, 65659, 15421, 100, 687.19
2026/06/12 12:12:55.698, 1, NVIDIA H100 80GB HBM3, 65629, 15451, 100, 675.79
2026/06/12 12:13:05.733, 0, NVIDIA H100 80GB HBM3, 65659, 15421, 100, 688.09
2026/06/12 12:13:05.741, 1, NVIDIA H100 80GB HBM3, 65629, 15451, 100, 693.47
2026/06/12 12:13:15.778, 0, NVIDIA H100 80GB HBM3, 65659, 15421, 100, 678.29
2026/06/12 12:13:15.785, 1, NVIDIA H100 80GB HBM3, 65629, 15451, 100, 670.44
2026/06/12 12:13:25.823, 0, NVIDIA H100 80GB HBM3, 65659, 15421, 100, 675.32
2026/06/12 12:13:25.830, 1, NVIDIA H100 80GB HBM3, 65629, 15451, 100, 685.99
2026/06/12 12:13:35.877, 0, NVIDIA H100 80GB HBM3, 65659, 15421, 100, 684.80
2026/06/12 12:13:35.884, 1, NVIDIA H100 80GB HBM3, 65629, 15451, 100, 669.34
2026/06/12 12:13:45.920, 0, NVIDIA H100 80GB HBM3, 65659, 15421, 100, 689.24
2026/06/12 12:13:45.925, 1, NVIDIA H100 80GB HBM3, 65629, 15451, 100, 675.43
2026/06/12 12:13:55.962, 0, NVIDIA H100 80GB HBM3, 65659, 15421, 100, 689.67
2026/06/12 12:13:55.969, 1, NVIDIA H100 80GB HBM3, 65629, 15451, 100, 674.43
2026/06/12 12:14:06.006, 0, NVIDIA H100 80GB HBM3, 65659, 15421, 100, 679.37
2026/06/12 12:14:06.013, 1, NVIDIA H100 80GB HBM3, 65629, 15451, 100, 657.64
2026/06/12 12:14:16.051, 0, NVIDIA H100 80GB HBM3, 65659, 15421, 100, 688.02
2026/06/12 12:14:16.059, 1, NVIDIA H100 80GB HBM3, 65629, 15451, 100, 670.39
2026/06/12 12:14:26.094, 0, NVIDIA H100 80GB HBM3, 65659, 15421, 100, 685.78
2026/06/12 12:14:26.100, 1, NVIDIA H100 80GB HBM3, 65629, 15451, 100, 694.38
2026/06/12 12:14:36.138, 0, NVIDIA H100 80GB HBM3, 65659, 15421, 100, 685.65
2026/06/12 12:14:36.146, 1, NVIDIA H100 80GB HBM3, 65629, 15451, 100, 672.68
2026/06/12 12:14:46.181, 0, NVIDIA H100 80GB HBM3, 65659, 15421, 100, 673.96
2026/06/12 12:14:46.186, 1, NVIDIA H100 80GB HBM3, 65629, 15451, 85, 681.18
2026/06/12 12:14:56.222, 0, NVIDIA H100 80GB HBM3, 65659, 15421, 100, 693.92
2026/06/12 12:14:56.231, 1, NVIDIA H100 80GB HBM3, 65629, 15451, 100, 669.03
2026/06/12 12:15:06.266, 0, NVIDIA H100 80GB HBM3, 65659, 15421, 100, 684.12
2026/06/12 12:15:06.272, 1, NVIDIA H100 80GB HBM3, 65629, 15451, 100, 691.94
2026/06/12 12:15:16.308, 0, NVIDIA H100 80GB HBM3, 65659, 15421, 100, 682.88
2026/06/12 12:15:16.314, 1, NVIDIA H100 80GB HBM3, 65629, 15451, 100, 679.49
2026/06/12 12:15:26.350, 0, NVIDIA H100 80GB HBM3, 65659, 15421, 100, 685.61
2026/06/12 12:15:26.356, 1, NVIDIA H100 80GB HBM3, 65629, 15451, 100, 680.60
2026/06/12 12:15:36.393, 0, NVIDIA H100 80GB HBM3, 65659, 15421, 100, 690.12
2026/06/12 12:15:36.399, 1, NVIDIA H100 80GB HBM3, 65629, 15451, 100, 672.77
2026/06/12 12:15:46.434, 0, NVIDIA H100 80GB HBM3, 65659, 15421, 100, 684.80
2026/06/12 12:15:46.440, 1, NVIDIA H100 80GB HBM3, 65629, 15451, 100, 673.00
2026/06/12 12:15:56.477, 0, NVIDIA H100 80GB HBM3, 65659, 15421, 100, 688.66
2026/06/12 12:15:56.484, 1, NVIDIA H100 80GB HBM3, 65629, 15451, 100, 664.00
2026/06/12 12:16:06.521, 0, NVIDIA H100 80GB HBM3, 65659, 15421, 100, 688.34
2026/06/12 12:16:06.528, 1, NVIDIA H100 80GB HBM3, 65629, 15451, 100, 675.74
2026/06/12 12:16:16.566, 0, NVIDIA H100 80GB HBM3, 65659, 15421, 100, 677.06
2026/06/12 12:16:16.572, 1, NVIDIA H100 80GB HBM3, 65629, 15451, 100, 667.09
2026/06/12 12:16:26.610, 0, NVIDIA H100 80GB HBM3, 65659, 15421, 100, 688.66
2026/06/12 12:16:26.618, 1, NVIDIA H100 80GB HBM3, 65629, 15451, 100, 667.74
2026/06/12 12:16:36.653, 0, NVIDIA H100 80GB HBM3, 65659, 15421, 100, 676.55
2026/06/12 12:16:36.660, 1, NVIDIA H100 80GB HBM3, 65629, 15451, 99, 675.52
2026/06/12 12:16:46.696, 0, NVIDIA H100 80GB HBM3, 65659, 15421, 100, 692.63
2026/06/12 12:16:46.702, 1, NVIDIA H100 80GB HBM3, 65629, 15451, 100, 673.86
2026/06/12 12:16:56.736, 0, NVIDIA H100 80GB HBM3, 65659, 15421, 100, 691.61
2026/06/12 12:16:56.742, 1, NVIDIA H100 80GB HBM3, 65629, 15451, 100, 681.99
2026/06/12 12:17:06.778, 0, NVIDIA H100 80GB HBM3, 65659, 15421, 100, 688.83
2026/06/12 12:17:06.785, 1, NVIDIA H100 80GB HBM3, 65629, 15451, 100, 651.48
2026/06/12 12:17:16.822, 0, NVIDIA H100 80GB HBM3, 65659, 15421, 100, 683.77
2026/06/12 12:17:16.827, 1, NVIDIA H100 80GB HBM3, 65629, 15451, 100, 686.01
2026/06/12 12:17:26.862, 0, NVIDIA H100 80GB HBM3, 65659, 15421, 100, 684.34
2026/06/12 12:17:26.869, 1, NVIDIA H100 80GB HBM3, 65629, 15451, 100, 670.91
2026/06/12 12:17:36.906, 0, NVIDIA H100 80GB HBM3, 65659, 15421, 100, 682.95
2026/06/12 12:17:36.912, 1, NVIDIA H100 80GB HBM3, 65629, 15451, 100, 669.56
2026/06/12 12:17:46.948, 0, NVIDIA H100 80GB HBM3, 65659, 15421, 100, 678.34
2026/06/12 12:17:46.954, 1, NVIDIA H100 80GB HBM3, 65629, 15451, 100, 673.78
2026/06/12 12:17:56.989, 0, NVIDIA H100 80GB HBM3, 65659, 15421, 100, 678.55
2026/06/12 12:17:56.996, 1, NVIDIA H100 80GB HBM3, 65629, 15451, 100, 681.76
2026/06/12 12:18:07.032, 0, NVIDIA H100 80GB HBM3, 65659, 15421, 100, 677.22
2026/06/12 12:18:07.039, 1, NVIDIA H100 80GB HBM3, 65629, 15451, 78, 666.72
2026/06/12 12:18:17.080, 0, NVIDIA H100 80GB HBM3, 65659, 15421, 100, 693.63
2026/06/12 12:18:17.087, 1, NVIDIA H100 80GB HBM3, 65629, 15451, 100, 675.92
2026/06/12 12:18:27.122, 0, NVIDIA H100 80GB HBM3, 65659, 15421, 100, 672.22
2026/06/12 12:18:27.128, 1, NVIDIA H100 80GB HBM3, 65629, 15451, 100, 678.89
2026/06/12 12:18:37.164, 0, NVIDIA H100 80GB HBM3, 65659, 15421, 100, 688.69
2026/06/12 12:18:37.171, 1, NVIDIA H100 80GB HBM3, 65629, 15451, 100, 686.96
2026/06/12 12:18:47.205, 0, NVIDIA H100 80GB HBM3, 65659, 15421, 100, 688.92
2026/06/12 12:18:47.211, 1, NVIDIA H100 80GB HBM3, 65629, 15451, 100, 687.27
2026/06/12 12:18:57.249, 0, NVIDIA H100 80GB HBM3, 65659, 15421, 100, 683.56
2026/06/12 12:18:57.257, 1, NVIDIA H100 80GB HBM3, 65629, 15451, 100, 655.11
2026/06/12 12:19:07.293, 0, NVIDIA H100 80GB HBM3, 65659, 15421, 100, 675.62
2026/06/12 12:19:07.300, 1, NVIDIA H100 80GB HBM3, 65629, 15451, 100, 680.46
2026/06/12 12:19:17.336, 0, NVIDIA H100 80GB HBM3, 65659, 15421, 100, 687.14
2026/06/12 12:19:17.343, 1, NVIDIA H100 80GB HBM3, 65629, 15451, 100, 663.44
2026/06/12 12:19:27.379, 0, NVIDIA H100 80GB HBM3, 65659, 15421, 100, 689.50
2026/06/12 12:19:27.385, 1, NVIDIA H100 80GB HBM3, 65629, 15451, 100, 673.47
2026/06/12 12:19:37.421, 0, NVIDIA H100 80GB HBM3, 65659, 15421, 100, 683.24
2026/06/12 12:19:37.434, 1, NVIDIA H100 80GB HBM3, 65629, 15451, 100, 660.60
2026/06/12 12:19:47.469, 0, NVIDIA H100 80GB HBM3, 65659, 15421, 100, 687.32
2026/06/12 12:19:47.475, 1, NVIDIA H100 80GB HBM3, 65629, 15451, 100, 668.28
2026/06/12 12:19:57.510, 0, NVIDIA H100 80GB HBM3, 65659, 15421, 100, 680.71
2026/06/12 12:19:57.516, 1, NVIDIA H100 80GB HBM3, 65629, 15451, 73, 682.16
2026/06/12 12:20:07.552, 0, NVIDIA H100 80GB HBM3, 65659, 15421, 100, 685.62
2026/06/12 12:20:07.560, 1, NVIDIA H100 80GB HBM3, 65629, 15451, 100, 669.62
2026/06/12 12:20:17.598, 0, NVIDIA H100 80GB HBM3, 65659, 15421, 100, 688.98
2026/06/12 12:20:17.605, 1, NVIDIA H100 80GB HBM3, 65629, 15451, 100, 690.03
2026/06/12 12:20:27.639, 0, NVIDIA H100 80GB HBM3, 65659, 15421, 100, 684.82
2026/06/12 12:20:27.645, 1, NVIDIA H100 80GB HBM3, 65629, 15451, 100, 665.98
2026/06/12 12:20:37.682, 0, NVIDIA H100 80GB HBM3, 65659, 15421, 100, 687.33
2026/06/12 12:20:37.691, 1, NVIDIA H100 80GB HBM3, 65629, 15451, 100, 669.50
2026/06/12 12:20:47.727, 0, NVIDIA H100 80GB HBM3, 65659, 15421, 0, 301.49
2026/06/12 12:20:47.733, 1, NVIDIA H100 80GB HBM3, 65629, 15451, 0, 279.90
2026/06/12 12:20:57.770, 0, NVIDIA H100 80GB HBM3, 65659, 15421, 100, 681.54
2026/06/12 12:20:57.778, 1, NVIDIA H100 80GB HBM3, 65629, 15451, 100, 663.50
2026/06/12 12:21:07.816, 0, NVIDIA H100 80GB HBM3, 65659, 15421, 100, 684.94
2026/06/12 12:21:07.825, 1, NVIDIA H100 80GB HBM3, 65629, 15451, 100, 677.69
2026/06/12 12:21:17.860, 0, NVIDIA H100 80GB HBM3, 65659, 15421, 100, 684.16
2026/06/12 12:21:17.870, 1, NVIDIA H100 80GB HBM3, 65629, 15451, 100, 662.98
2026/06/12 12:21:27.907, 0, NVIDIA H100 80GB HBM3, 65659, 15421, 100, 690.81
2026/06/12 12:21:27.914, 1, NVIDIA H100 80GB HBM3, 65629, 15451, 100, 667.92
2026/06/12 12:21:37.952, 0, NVIDIA H100 80GB HBM3, 65659, 15421, 85, 683.24
2026/06/12 12:21:37.960, 1, NVIDIA H100 80GB HBM3, 65629, 15451, 91, 663.08
2026/06/12 12:21:48.000, 0, NVIDIA H100 80GB HBM3, 65659, 15421, 100, 689.43
2026/06/12 12:21:48.008, 1, NVIDIA H100 80GB HBM3, 65629, 15451, 100, 675.24
2026/06/12 12:21:58.043, 0, NVIDIA H100 80GB HBM3, 65659, 15421, 100, 682.29
2026/06/12 12:21:58.050, 1, NVIDIA H100 80GB HBM3, 65629, 15451, 100, 691.51
2026/06/12 12:22:08.086, 0, NVIDIA H100 80GB HBM3, 65659, 15421, 100, 679.64
2026/06/12 12:22:08.094, 1, NVIDIA H100 80GB HBM3, 65629, 15451, 100, 671.63
2026/06/12 12:22:18.131, 0, NVIDIA H100 80GB HBM3, 65659, 15421, 100, 679.61
2026/06/12 12:22:18.138, 1, NVIDIA H100 80GB HBM3, 65629, 15451, 100, 681.74
2026/06/12 12:22:28.184, 0, NVIDIA H100 80GB HBM3, 65659, 15421, 100, 684.71
2026/06/12 12:22:28.192, 1, NVIDIA H100 80GB HBM3, 65629, 15451, 100, 664.55
2026/06/12 12:22:38.228, 0, NVIDIA H100 80GB HBM3, 65659, 15421, 100, 682.99
2026/06/12 12:22:38.235, 1, NVIDIA H100 80GB HBM3, 65629, 15451, 100, 682.96
2026/06/12 12:22:48.273, 0, NVIDIA H100 80GB HBM3, 65659, 15421, 100, 682.44
2026/06/12 12:22:48.281, 1, NVIDIA H100 80GB HBM3, 65629, 15451, 100, 668.49
2026/06/12 12:22:58.318, 0, NVIDIA H100 80GB HBM3, 65659, 15421, 100, 681.59
2026/06/12 12:22:58.326, 1, NVIDIA H100 80GB HBM3, 65629, 15451, 100, 673.69
2026/06/12 12:23:08.363, 0, NVIDIA H100 80GB HBM3, 65659, 15421, 100, 678.03
2026/06/12 12:23:08.371, 1, NVIDIA H100 80GB HBM3, 65629, 15451, 100, 674.37
2026/06/12 12:23:18.407, 0, NVIDIA H100 80GB HBM3, 65659, 15421, 100, 687.72
2026/06/12 12:23:18.415, 1, NVIDIA H100 80GB HBM3, 65629, 15451, 100, 669.94
2026/06/12 12:23:28.451, 0, NVIDIA H100 80GB HBM3, 65659, 15421, 100, 681.33
2026/06/12 12:23:28.459, 1, NVIDIA H100 80GB HBM3, 65629, 15451, 70, 678.15
2026/06/12 12:23:38.497, 0, NVIDIA H100 80GB HBM3, 65659, 15421, 100, 690.50
2026/06/12 12:23:38.504, 1, NVIDIA H100 80GB HBM3, 65629, 15451, 100, 676.82
2026/06/12 12:23:48.542, 0, NVIDIA H100 80GB HBM3, 65659, 15421, 100, 686.08
2026/06/12 12:23:48.549, 1, NVIDIA H100 80GB HBM3, 65629, 15451, 100, 675.15
2026/06/12 12:23:58.586, 0, NVIDIA H100 80GB HBM3, 65659, 15421, 100, 682.55
2026/06/12 12:23:58.594, 1, NVIDIA H100 80GB HBM3, 65629, 15451, 100, 660.14
2026/06/12 12:24:08.632, 0, NVIDIA H100 80GB HBM3, 65659, 15421, 100, 681.96
2026/06/12 12:24:08.639, 1, NVIDIA H100 80GB HBM3, 65629, 15451, 100, 675.38
2026/06/12 12:24:18.677, 0, NVIDIA H100 80GB HBM3, 65659, 15421, 100, 678.71
2026/06/12 12:24:18.685, 1, NVIDIA H100 80GB HBM3, 65629, 15451, 100, 662.20
2026/06/12 12:24:28.723, 0, NVIDIA H100 80GB HBM3, 65659, 15421, 100, 681.65
2026/06/12 12:24:28.730, 1, NVIDIA H100 80GB HBM3, 65629, 15451, 100, 669.81
2026/06/12 12:24:38.768, 0, NVIDIA H100 80GB HBM3, 65659, 15421, 100, 672.48
2026/06/12 12:24:38.776, 1, NVIDIA H100 80GB HBM3, 65629, 15451, 100, 678.18
2026/06/12 12:24:48.816, 0, NVIDIA H100 80GB HBM3, 65659, 15421, 100, 690.12
2026/06/12 12:24:48.824, 1, NVIDIA H100 80GB HBM3, 65629, 15451, 100, 673.66
2026/06/12 12:24:58.860, 0, NVIDIA H100 80GB HBM3, 65659, 15421, 68, 684.97
2026/06/12 12:24:58.868, 1, NVIDIA H100 80GB HBM3, 65629, 15451, 68, 675.06
2026/06/12 12:25:08.905, 0, NVIDIA H100 80GB HBM3, 65659, 15421, 100, 693.59
2026/06/12 12:25:08.913, 1, NVIDIA H100 80GB HBM3, 65629, 15451, 100, 674.88
2026/06/12 12:25:18.951, 0, NVIDIA H100 80GB HBM3, 65659, 15421, 100, 686.39
2026/06/12 12:25:18.958, 1, NVIDIA H100 80GB HBM3, 65629, 15451, 100, 691.45
2026/06/12 12:25:28.994, 0, NVIDIA H100 80GB HBM3, 65659, 15421, 100, 686.68
2026/06/12 12:25:29.003, 1, NVIDIA H100 80GB HBM3, 65629, 15451, 100, 668.52
2026/06/12 12:25:39.041, 0, NVIDIA H100 80GB HBM3, 65659, 15421, 100, 681.21
2026/06/12 12:25:39.048, 1, NVIDIA H100 80GB HBM3, 65629, 15451, 100, 679.41
2026/06/12 12:25:49.086, 0, NVIDIA H100 80GB HBM3, 65659, 15421, 100, 690.43
2026/06/12 12:25:49.093, 1, NVIDIA H100 80GB HBM3, 65629, 15451, 100, 668.02
2026/06/12 12:25:59.131, 0, NVIDIA H100 80GB HBM3, 65659, 15421, 100, 678.62
2026/06/12 12:25:59.138, 1, NVIDIA H100 80GB HBM3, 65629, 15451, 100, 673.39
2026/06/12 12:26:09.176, 0, NVIDIA H100 80GB HBM3, 65659, 15421, 100, 677.82
2026/06/12 12:26:09.185, 1, NVIDIA H100 80GB HBM3, 65629, 15451, 100, 662.12
2026/06/12 12:26:19.224, 0, NVIDIA H100 80GB HBM3, 65659, 15421, 100, 688.15
2026/06/12 12:26:19.232, 1, NVIDIA H100 80GB HBM3, 65629, 15451, 100, 662.39
2026/06/12 12:26:29.267, 0, NVIDIA H100 80GB HBM3, 65659, 15421, 84, 683.50
2026/06/12 12:26:29.276, 1, NVIDIA H100 80GB HBM3, 65629, 15451, 83, 667.61
2026/06/12 12:26:39.315, 0, NVIDIA H100 80GB HBM3, 65659, 15421, 100, 693.04
2026/06/12 12:26:39.323, 1, NVIDIA H100 80GB HBM3, 65629, 15451, 100, 667.12
2026/06/12 12:26:49.360, 0, NVIDIA H100 80GB HBM3, 65659, 15421, 100, 683.12
2026/06/12 12:26:49.367, 1, NVIDIA H100 80GB HBM3, 65629, 15451, 100, 686.64
2026/06/12 12:26:59.405, 0, NVIDIA H100 80GB HBM3, 65659, 15421, 100, 684.20
2026/06/12 12:26:59.413, 1, NVIDIA H100 80GB HBM3, 65629, 15451, 100, 669.04
2026/06/12 12:27:09.450, 0, NVIDIA H100 80GB HBM3, 65659, 15421, 100, 682.47
2026/06/12 12:27:09.457, 1, NVIDIA H100 80GB HBM3, 65629, 15451, 100, 690.36
2026/06/12 12:27:19.493, 0, NVIDIA H100 80GB HBM3, 65659, 15421, 100, 684.61
2026/06/12 12:27:19.500, 1, NVIDIA H100 80GB HBM3, 65629, 15451, 100, 657.57
2026/06/12 12:27:29.538, 0, NVIDIA H100 80GB HBM3, 65659, 15421, 100, 686.33
2026/06/12 12:27:29.546, 1, NVIDIA H100 80GB HBM3, 65629, 15451, 100, 671.95
2026/06/12 12:27:39.594, 0, NVIDIA H100 80GB HBM3, 65659, 15421, 100, 677.98
2026/06/12 12:27:39.601, 1, NVIDIA H100 80GB HBM3, 65629, 15451, 100, 684.10
2026/06/12 12:27:49.639, 0, NVIDIA H100 80GB HBM3, 65659, 15421, 100, 681.20
2026/06/12 12:27:49.647, 1, NVIDIA H100 80GB HBM3, 65629, 15451, 100, 673.71
2026/06/12 12:27:59.690, 0, NVIDIA H100 80GB HBM3, 65659, 15421, 100, 684.93
2026/06/12 12:27:59.698, 1, NVIDIA H100 80GB HBM3, 65629, 15451, 100, 678.68
2026/06/12 12:28:09.736, 0, NVIDIA H100 80GB HBM3, 65659, 15421, 100, 678.12
2026/06/12 12:28:09.744, 1, NVIDIA H100 80GB HBM3, 65629, 15451, 100, 665.02
2026/06/12 12:28:19.792, 0, NVIDIA H100 80GB HBM3, 65659, 15421, 100, 691.96
2026/06/12 12:28:19.800, 1, NVIDIA H100 80GB HBM3, 65629, 15451, 100, 666.66
2026/06/12 12:28:29.836, 0, NVIDIA H100 80GB HBM3, 65659, 15421, 97, 685.05
2026/06/12 12:28:29.843, 1, NVIDIA H100 80GB HBM3, 65629, 15451, 100, 687.83
2026/06/12 12:28:39.877, 0, NVIDIA H100 80GB HBM3, 65659, 15421, 100, 686.65
2026/06/12 12:28:39.885, 1, NVIDIA H100 80GB HBM3, 65629, 15451, 100, 671.41
2026/06/12 12:28:49.922, 0, NVIDIA H100 80GB HBM3, 65659, 15421, 100, 684.76
2026/06/12 12:28:49.930, 1, NVIDIA H100 80GB HBM3, 65629, 15451, 100, 691.86
2026/06/12 12:28:59.965, 0, NVIDIA H100 80GB HBM3, 65659, 15421, 100, 695.36
2026/06/12 12:28:59.973, 1, NVIDIA H100 80GB HBM3, 65629, 15451, 100, 672.10
2026/06/12 12:29:10.009, 0, NVIDIA H100 80GB HBM3, 65659, 15421, 100, 677.48
2026/06/12 12:29:10.016, 1, NVIDIA H100 80GB HBM3, 65629, 15451, 100, 664.27
2026/06/12 12:29:20.050, 0, NVIDIA H100 80GB HBM3, 65659, 15421, 100, 682.52
2026/06/12 12:29:20.056, 1, NVIDIA H100 80GB HBM3, 65629, 15451, 100, 684.42
2026/06/12 12:29:30.090, 0, NVIDIA H100 80GB HBM3, 65659, 15421, 100, 693.95
2026/06/12 12:29:30.096, 1, NVIDIA H100 80GB HBM3, 65629, 15451, 100, 679.28
2026/06/12 12:29:40.130, 0, NVIDIA H100 80GB HBM3, 65659, 15421, 100, 681.66
2026/06/12 12:29:40.139, 1, NVIDIA H100 80GB HBM3, 65629, 15451, 99, 661.82
2026/06/12 12:29:50.173, 0, NVIDIA H100 80GB HBM3, 65659, 15421, 100, 687.32
2026/06/12 12:29:50.178, 1, NVIDIA H100 80GB HBM3, 65629, 15451, 100, 674.00
2026/06/12 12:30:00.215, 0, NVIDIA H100 80GB HBM3, 65659, 15421, 70, 678.61
2026/06/12 12:30:00.221, 1, NVIDIA H100 80GB HBM3, 65629, 15451, 85, 678.69
2026/06/12 12:30:10.259, 0, NVIDIA H100 80GB HBM3, 65659, 15421, 100, 689.89
2026/06/12 12:30:10.267, 1, NVIDIA H100 80GB HBM3, 65629, 15451, 100, 676.72
2026/06/12 12:30:20.304, 0, NVIDIA H100 80GB HBM3, 65659, 15421, 100, 689.18
2026/06/12 12:30:20.309, 1, NVIDIA H100 80GB HBM3, 65629, 15451, 100, 684.67
2026/06/12 12:30:30.343, 0, NVIDIA H100 80GB HBM3, 65659, 15421, 100, 681.90
2026/06/12 12:30:30.352, 1, NVIDIA H100 80GB HBM3, 65629, 15451, 100, 678.94
2026/06/12 12:30:40.387, 0, NVIDIA H100 80GB HBM3, 65659, 15421, 100, 690.42
2026/06/12 12:30:40.392, 1, NVIDIA H100 80GB HBM3, 65629, 15451, 100, 684.77
2026/06/12 12:30:50.429, 0, NVIDIA H100 80GB HBM3, 65659, 15421, 100, 687.90
2026/06/12 12:30:50.438, 1, NVIDIA H100 80GB HBM3, 65629, 15451, 100, 671.11
2026/06/12 12:31:00.472, 0, NVIDIA H100 80GB HBM3, 65659, 15421, 100, 682.13
2026/06/12 12:31:00.479, 1, NVIDIA H100 80GB HBM3, 65629, 15451, 100, 678.41
2026/06/12 12:31:10.514, 0, NVIDIA H100 80GB HBM3, 65659, 15421, 100, 678.68
2026/06/12 12:31:10.521, 1, NVIDIA H100 80GB HBM3, 65629, 15451, 100, 665.62
2026/06/12 12:31:20.554, 0, NVIDIA H100 80GB HBM3, 65659, 15421, 100, 685.35
2026/06/12 12:31:20.560, 1, NVIDIA H100 80GB HBM3, 65629, 15451, 100, 677.38
2026/06/12 12:31:30.597, 0, NVIDIA H100 80GB HBM3, 65659, 15421, 100, 673.72
2026/06/12 12:31:30.606, 1, NVIDIA H100 80GB HBM3, 65629, 15451, 100, 671.07
2026/06/12 12:31:40.640, 0, NVIDIA H100 80GB HBM3, 65659, 15421, 100, 684.91
2026/06/12 12:31:40.646, 1, NVIDIA H100 80GB HBM3, 65629, 15451, 100, 671.81
2026/06/12 12:31:50.687, 0, NVIDIA H100 80GB HBM3, 65659, 15421, 98, 669.66
2026/06/12 12:31:50.694, 1, NVIDIA H100 80GB HBM3, 65629, 15451, 94, 663.59
2026/06/12 12:32:00.729, 0, NVIDIA H100 80GB HBM3, 65659, 15421, 100, 695.90
2026/06/12 12:32:00.735, 1, NVIDIA H100 80GB HBM3, 65629, 15451, 100, 681.13
2026/06/12 12:32:10.770, 0, NVIDIA H100 80GB HBM3, 65659, 15421, 100, 688.10
2026/06/12 12:32:10.776, 1, NVIDIA H100 80GB HBM3, 65629, 15451, 100, 695.49
2026/06/12 12:32:20.807, 0, NVIDIA H100 80GB HBM3, 65659, 15421, 100, 689.57
2026/06/12 12:32:20.813, 1, NVIDIA H100 80GB HBM3, 65629, 15451, 100, 671.84
2026/06/12 12:32:30.847, 0, NVIDIA H100 80GB HBM3, 65659, 15421, 100, 685.31
2026/06/12 12:32:30.854, 1, NVIDIA H100 80GB HBM3, 65629, 15451, 100, 675.70
2026/06/12 12:32:40.889, 0, NVIDIA H100 80GB HBM3, 65659, 15421, 100, 687.27
2026/06/12 12:32:40.897, 1, NVIDIA H100 80GB HBM3, 65629, 15451, 100, 669.12
2026/06/12 12:32:50.934, 0, NVIDIA H100 80GB HBM3, 65659, 15421, 100, 683.88
2026/06/12 12:32:50.940, 1, NVIDIA H100 80GB HBM3, 65629, 15451, 100, 670.90
2026/06/12 12:33:00.976, 0, NVIDIA H100 80GB HBM3, 65659, 15421, 100, 681.24
2026/06/12 12:33:00.981, 1, NVIDIA H100 80GB HBM3, 65629, 15451, 100, 672.80
2026/06/12 12:33:11.015, 0, NVIDIA H100 80GB HBM3, 65659, 15421, 100, 685.16
2026/06/12 12:33:11.021, 1, NVIDIA H100 80GB HBM3, 65629, 15451, 100, 675.74
2026/06/12 12:33:21.055, 0, NVIDIA H100 80GB HBM3, 65659, 15421, 100, 679.64
2026/06/12 12:33:21.061, 1, NVIDIA H100 80GB HBM3, 65629, 15451, 100, 682.70
2026/06/12 12:33:31.094, 0, NVIDIA H100 80GB HBM3, 65659, 15421, 100, 687.26
2026/06/12 12:33:31.100, 1, NVIDIA H100 80GB HBM3, 65629, 15451, 100, 669.71
2026/06/12 12:33:41.134, 0, NVIDIA H100 80GB HBM3, 65659, 15421, 91, 673.22
2026/06/12 12:33:41.141, 1, NVIDIA H100 80GB HBM3, 65629, 15451, 72, 667.35
2026/06/12 12:33:51.175, 0, NVIDIA H100 80GB HBM3, 65659, 15421, 100, 689.66
2026/06/12 12:33:51.182, 1, NVIDIA H100 80GB HBM3, 65629, 15451, 100, 669.38
2026/06/12 12:34:01.216, 0, NVIDIA H100 80GB HBM3, 65659, 15421, 100, 687.29
2026/06/12 12:34:01.222, 1, NVIDIA H100 80GB HBM3, 65629, 15451, 100, 677.54
2026/06/12 12:34:11.258, 0, NVIDIA H100 80GB HBM3, 65659, 15421, 100, 690.90
2026/06/12 12:34:11.266, 1, NVIDIA H100 80GB HBM3, 65629, 15451, 100, 663.18
2026/06/12 12:34:21.302, 0, NVIDIA H100 80GB HBM3, 65659, 15421, 100, 683.27
2026/06/12 12:34:21.309, 1, NVIDIA H100 80GB HBM3, 65629, 15451, 100, 677.57
2026/06/12 12:34:31.348, 0, NVIDIA H100 80GB HBM3, 65659, 15421, 100, 689.73
2026/06/12 12:34:31.355, 1, NVIDIA H100 80GB HBM3, 65629, 15451, 100, 677.17
2026/06/12 12:34:41.389, 0, NVIDIA H100 80GB HBM3, 65659, 15421, 100, 685.89
2026/06/12 12:34:41.395, 1, NVIDIA H100 80GB HBM3, 65629, 15451, 100, 667.73
2026/06/12 12:34:51.429, 0, NVIDIA H100 80GB HBM3, 65659, 15421, 100, 677.52
2026/06/12 12:34:51.438, 1, NVIDIA H100 80GB HBM3, 65629, 15451, 100, 677.25
2026/06/12 12:35:01.472, 0, NVIDIA H100 80GB HBM3, 65659, 15421, 100, 681.94
2026/06/12 12:35:01.479, 1, NVIDIA H100 80GB HBM3, 65629, 15451, 100, 655.81
2026/06/12 12:35:11.513, 0, NVIDIA H100 80GB HBM3, 65659, 15421, 100, 682.72
2026/06/12 12:35:11.520, 1, NVIDIA H100 80GB HBM3, 65629, 15451, 100, 679.45
2026/06/12 12:35:21.554, 0, NVIDIA H100 80GB HBM3, 65659, 15421, 100, 679.22
2026/06/12 12:35:21.560, 1, NVIDIA H100 80GB HBM3, 65629, 15451, 100, 672.51
2026/06/12 12:35:31.597, 0, NVIDIA H100 80GB HBM3, 65659, 15421, 100, 686.89
2026/06/12 12:35:31.604, 1, NVIDIA H100 80GB HBM3, 65629, 15451, 100, 662.82
2026/06/12 12:35:41.641, 0, NVIDIA H100 80GB HBM3, 65659, 15421, 94, 667.12
2026/06/12 12:35:41.649, 1, NVIDIA H100 80GB HBM3, 65629, 15451, 84, 672.77
2026/06/12 12:35:51.690, 0, NVIDIA H100 80GB HBM3, 65659, 15421, 100, 691.59
2026/06/12 12:35:51.695, 1, NVIDIA H100 80GB HBM3, 65629, 15451, 100, 673.19
2026/06/12 12:36:01.730, 0, NVIDIA H100 80GB HBM3, 65659, 15421, 100, 695.62
2026/06/12 12:36:01.740, 1, NVIDIA H100 80GB HBM3, 65629, 15451, 100, 679.32
2026/06/12 12:36:11.775, 0, NVIDIA H100 80GB HBM3, 65659, 15421, 100, 683.03
2026/06/12 12:36:11.783, 1, NVIDIA H100 80GB HBM3, 65629, 15451, 100, 664.02
2026/06/12 12:36:21.818, 0, NVIDIA H100 80GB HBM3, 65659, 15421, 100, 682.11
2026/06/12 12:36:21.824, 1, NVIDIA H100 80GB HBM3, 65629, 15451, 100, 675.39
2026/06/12 12:36:31.861, 0, NVIDIA H100 80GB HBM3, 65659, 15421, 100, 683.59
2026/06/12 12:36:31.868, 1, NVIDIA H100 80GB HBM3, 65629, 15451, 100, 666.97
2026/06/12 12:36:41.902, 0, NVIDIA H100 80GB HBM3, 65659, 15421, 100, 684.97
2026/06/12 12:36:41.908, 1, NVIDIA H100 80GB HBM3, 65629, 15451, 100, 673.55
2026/06/12 12:36:51.944, 0, NVIDIA H100 80GB HBM3, 65659, 15421, 100, 690.68
2026/06/12 12:36:51.952, 1, NVIDIA H100 80GB HBM3, 65629, 15451, 100, 661.88
2026/06/12 12:37:01.987, 0, NVIDIA H100 80GB HBM3, 65659, 15421, 100, 680.88
2026/06/12 12:37:01.993, 1, NVIDIA H100 80GB HBM3, 65629, 15451, 100, 670.27
2026/06/12 12:37:12.027, 0, NVIDIA H100 80GB HBM3, 65659, 15421, 100, 682.59
2026/06/12 12:37:12.034, 1, NVIDIA H100 80GB HBM3, 65629, 15451, 100, 685.43
2026/06/12 12:37:22.070, 0, NVIDIA H100 80GB HBM3, 65659, 15421, 100, 681.28
2026/06/12 12:37:22.076, 1, NVIDIA H100 80GB HBM3, 65629, 15451, 100, 670.70
2026/06/12 12:37:32.112, 0, NVIDIA H100 80GB HBM3, 65659, 15421, 71, 683.19
2026/06/12 12:37:32.118, 1, NVIDIA H100 80GB HBM3, 65629, 15451, 100, 673.23
2026/06/12 12:37:42.152, 0, NVIDIA H100 80GB HBM3, 65659, 15421, 100, 694.85
2026/06/12 12:37:42.158, 1, NVIDIA H100 80GB HBM3, 65629, 15451, 100, 674.58
2026/06/12 12:37:52.192, 0, NVIDIA H100 80GB HBM3, 65659, 15421, 100, 700.23
2026/06/12 12:37:52.198, 1, NVIDIA H100 80GB HBM3, 65629, 15451, 100, 690.21
2026/06/12 12:38:02.234, 0, NVIDIA H100 80GB HBM3, 65659, 15421, 100, 681.82
2026/06/12 12:38:02.241, 1, NVIDIA H100 80GB HBM3, 65629, 15451, 100, 658.29
2026/06/12 12:38:12.276, 0, NVIDIA H100 80GB HBM3, 65659, 15421, 100, 682.03
2026/06/12 12:38:12.283, 1, NVIDIA H100 80GB HBM3, 65629, 15451, 100, 677.30
2026/06/12 12:38:22.321, 0, NVIDIA H100 80GB HBM3, 65659, 15421, 100, 681.92
2026/06/12 12:38:22.340, 1, NVIDIA H100 80GB HBM3, 65629, 15451, 100, 657.77
2026/06/12 12:38:32.375, 0, NVIDIA H100 80GB HBM3, 65659, 15421, 100, 688.16
2026/06/12 12:38:32.381, 1, NVIDIA H100 80GB HBM3, 65629, 15451, 100, 667.25
2026/06/12 12:38:42.417, 0, NVIDIA H100 80GB HBM3, 65659, 15421, 100, 666.47
2026/06/12 12:38:42.424, 1, NVIDIA H100 80GB HBM3, 65629, 15451, 100, 669.33
2026/06/12 12:38:52.457, 0, NVIDIA H100 80GB HBM3, 65659, 15421, 100, 688.32
2026/06/12 12:38:52.464, 1, NVIDIA H100 80GB HBM3, 65629, 15451, 100, 666.77
2026/06/12 12:39:02.500, 0, NVIDIA H100 80GB HBM3, 65659, 15421, 83, 670.39
2026/06/12 12:39:02.507, 1, NVIDIA H100 80GB HBM3, 65629, 15451, 100, 670.41
2026/06/12 12:39:12.543, 0, NVIDIA H100 80GB HBM3, 65659, 15421, 100, 691.93
2026/06/12 12:39:12.552, 1, NVIDIA H100 80GB HBM3, 65629, 15451, 100, 671.94
2026/06/12 12:39:22.595, 0, NVIDIA H100 80GB HBM3, 65659, 15421, 100, 691.55
2026/06/12 12:39:22.601, 1, NVIDIA H100 80GB HBM3, 65629, 15451, 100, 680.30
2026/06/12 12:39:32.634, 0, NVIDIA H100 80GB HBM3, 65659, 15421, 100, 694.01
2026/06/12 12:39:32.640, 1, NVIDIA H100 80GB HBM3, 65629, 15451, 100, 678.08
2026/06/12 12:39:42.676, 0, NVIDIA H100 80GB HBM3, 65659, 15421, 100, 684.91
2026/06/12 12:39:42.683, 1, NVIDIA H100 80GB HBM3, 65629, 15451, 100, 682.69
2026/06/12 12:39:52.719, 0, NVIDIA H100 80GB HBM3, 65659, 15421, 100, 685.90
2026/06/12 12:39:52.724, 1, NVIDIA H100 80GB HBM3, 65629, 15451, 100, 664.09
2026/06/12 12:40:02.760, 0, NVIDIA H100 80GB HBM3, 65659, 15421, 100, 678.90
2026/06/12 12:40:02.768, 1, NVIDIA H100 80GB HBM3, 65629, 15451, 100, 673.51
2026/06/12 12:40:12.804, 0, NVIDIA H100 80GB HBM3, 65659, 15421, 100, 689.02
2026/06/12 12:40:12.813, 1, NVIDIA H100 80GB HBM3, 65629, 15451, 100, 666.83
2026/06/12 12:40:22.849, 0, NVIDIA H100 80GB HBM3, 65659, 15421, 100, 683.74
2026/06/12 12:40:22.855, 1, NVIDIA H100 80GB HBM3, 65629, 15451, 100, 671.92
2026/06/12 12:40:32.890, 0, NVIDIA H100 80GB HBM3, 65659, 15421, 100, 687.95
2026/06/12 12:40:32.898, 1, NVIDIA H100 80GB HBM3, 65629, 15451, 100, 668.16
2026/06/12 12:40:42.935, 0, NVIDIA H100 80GB HBM3, 65659, 15421, 100, 687.04
2026/06/12 12:40:42.941, 1, NVIDIA H100 80GB HBM3, 65629, 15451, 100, 675.65
2026/06/12 12:40:52.974, 0, NVIDIA H100 80GB HBM3, 65659, 15421, 85, 674.83
2026/06/12 12:40:52.981, 1, NVIDIA H100 80GB HBM3, 65629, 15451, 85, 672.33
2026/06/12 12:41:03.017, 0, NVIDIA H100 80GB HBM3, 65659, 15421, 100, 690.78
2026/06/12 12:41:03.024, 1, NVIDIA H100 80GB HBM3, 65629, 15451, 100, 671.87
2026/06/12 12:41:13.060, 0, NVIDIA H100 80GB HBM3, 65659, 15421, 100, 683.52
2026/06/12 12:41:13.068, 1, NVIDIA H100 80GB HBM3, 65629, 15451, 100, 676.11
2026/06/12 12:41:23.106, 0, NVIDIA H100 80GB HBM3, 65659, 15421, 100, 675.54
2026/06/12 12:41:23.112, 1, NVIDIA H100 80GB HBM3, 65629, 15451, 84, 668.52
2026/06/12 12:41:33.147, 0, NVIDIA H100 80GB HBM3, 65659, 15421, 100, 696.53
2026/06/12 12:41:33.154, 1, NVIDIA H100 80GB HBM3, 65629, 15451, 100, 673.57
2026/06/12 12:41:43.193, 0, NVIDIA H100 80GB HBM3, 65659, 15421, 100, 693.25
2026/06/12 12:41:43.200, 1, NVIDIA H100 80GB HBM3, 65629, 15451, 100, 696.21
2026/06/12 12:41:53.234, 0, NVIDIA H100 80GB HBM3, 65659, 15421, 100, 689.24
2026/06/12 12:41:53.241, 1, NVIDIA H100 80GB HBM3, 65629, 15451, 100, 669.12
2026/06/12 12:42:03.276, 0, NVIDIA H100 80GB HBM3, 65659, 15421, 100, 679.57
2026/06/12 12:42:03.282, 1, NVIDIA H100 80GB HBM3, 65629, 15451, 100, 682.53
2026/06/12 12:42:13.319, 0, NVIDIA H100 80GB HBM3, 65659, 15421, 100, 692.06
2026/06/12 12:42:13.327, 1, NVIDIA H100 80GB HBM3, 65629, 15451, 100, 661.61
2026/06/12 12:42:23.364, 0, NVIDIA H100 80GB HBM3, 65659, 15421, 100, 683.00
2026/06/12 12:42:23.372, 1, NVIDIA H100 80GB HBM3, 65629, 15451, 100, 680.15
2026/06/12 12:42:33.406, 0, NVIDIA H100 80GB HBM3, 65659, 15421, 100, 686.56
2026/06/12 12:42:33.413, 1, NVIDIA H100 80GB HBM3, 65629, 15451, 100, 673.92
2026/06/12 12:42:43.449, 0, NVIDIA H100 80GB HBM3, 65659, 15421, 100, 685.23
2026/06/12 12:42:43.455, 1, NVIDIA H100 80GB HBM3, 65629, 15451, 100, 667.90
2026/06/12 12:42:53.493, 0, NVIDIA H100 80GB HBM3, 65659, 15421, 85, 678.97
2026/06/12 12:42:53.499, 1, NVIDIA H100 80GB HBM3, 65629, 15451, 100, 673.51
2026/06/12 12:43:03.534, 0, NVIDIA H100 80GB HBM3, 65659, 15421, 100, 691.72
2026/06/12 12:43:03.540, 1, NVIDIA H100 80GB HBM3, 65629, 15451, 100, 678.18
2026/06/12 12:43:13.576, 0, NVIDIA H100 80GB HBM3, 65659, 15421, 100, 690.78
2026/06/12 12:43:13.582, 1, NVIDIA H100 80GB HBM3, 65629, 15451, 100, 674.81
2026/06/12 12:43:23.616, 0, NVIDIA H100 80GB HBM3, 65659, 15421, 100, 681.83
2026/06/12 12:43:23.623, 1, NVIDIA H100 80GB HBM3, 65629, 15451, 100, 678.23
2026/06/12 12:43:33.658, 0, NVIDIA H100 80GB HBM3, 65659, 15421, 100, 688.58
2026/06/12 12:43:33.664, 1, NVIDIA H100 80GB HBM3, 65629, 15451, 100, 679.19
2026/06/12 12:43:43.700, 0, NVIDIA H100 80GB HBM3, 65659, 15421, 100, 689.21
2026/06/12 12:43:43.706, 1, NVIDIA H100 80GB HBM3, 65629, 15451, 100, 664.76
2026/06/12 12:43:53.742, 0, NVIDIA H100 80GB HBM3, 65659, 15421, 100, 679.74
2026/06/12 12:43:53.748, 1, NVIDIA H100 80GB HBM3, 65629, 15451, 100, 678.63
2026/06/12 12:44:03.782, 0, NVIDIA H100 80GB HBM3, 65659, 15421, 100, 680.21
2026/06/12 12:44:03.788, 1, NVIDIA H100 80GB HBM3, 65629, 15451, 100, 664.78
2026/06/12 12:44:13.826, 0, NVIDIA H100 80GB HBM3, 65659, 15421, 100, 684.74
2026/06/12 12:44:13.833, 1, NVIDIA H100 80GB HBM3, 65629, 15451, 100, 679.92
2026/06/12 12:44:23.868, 0, NVIDIA H100 80GB HBM3, 65659, 15421, 84, 671.63
2026/06/12 12:44:23.875, 1, NVIDIA H100 80GB HBM3, 65629, 15451, 96, 671.70
2026/06/12 12:44:33.911, 0, NVIDIA H100 80GB HBM3, 65659, 15421, 100, 693.58
2026/06/12 12:44:33.918, 1, NVIDIA H100 80GB HBM3, 65629, 15451, 100, 670.56
2026/06/12 12:44:43.954, 0, NVIDIA H100 80GB HBM3, 65659, 15421, 85, 682.18
2026/06/12 12:44:43.961, 1, NVIDIA H100 80GB HBM3, 65629, 15451, 85, 666.85
2026/06/12 12:44:53.996, 0, NVIDIA H100 80GB HBM3, 65659, 15421, 100, 690.03
2026/06/12 12:44:54.002, 1, NVIDIA H100 80GB HBM3, 65629, 15451, 100, 675.76
2026/06/12 12:45:04.037, 0, NVIDIA H100 80GB HBM3, 65659, 15421, 100, 692.86
2026/06/12 12:45:04.043, 1, NVIDIA H100 80GB HBM3, 65629, 15451, 100, 680.91
2026/06/12 12:45:14.077, 0, NVIDIA H100 80GB HBM3, 65659, 15421, 100, 686.27
2026/06/12 12:45:14.083, 1, NVIDIA H100 80GB HBM3, 65629, 15451, 100, 666.06
2026/06/12 12:45:24.118, 0, NVIDIA H100 80GB HBM3, 65659, 15421, 100, 686.63
2026/06/12 12:45:24.124, 1, NVIDIA H100 80GB HBM3, 65629, 15451, 100, 675.77
2026/06/12 12:45:34.158, 0, NVIDIA H100 80GB HBM3, 65659, 15421, 100, 687.22
2026/06/12 12:45:34.165, 1, NVIDIA H100 80GB HBM3, 65629, 15451, 100, 667.65
2026/06/12 12:45:44.199, 0, NVIDIA H100 80GB HBM3, 65659, 15421, 100, 686.40
2026/06/12 12:45:44.205, 1, NVIDIA H100 80GB HBM3, 65629, 15451, 100, 673.39
2026/06/12 12:45:54.238, 0, NVIDIA H100 80GB HBM3, 65659, 15421, 100, 676.34
2026/06/12 12:45:54.244, 1, NVIDIA H100 80GB HBM3, 65629, 15451, 100, 667.60
2026/06/12 12:46:04.280, 0, NVIDIA H100 80GB HBM3, 65659, 15421, 100, 684.47
2026/06/12 12:46:04.285, 1, NVIDIA H100 80GB HBM3, 65629, 15451, 100, 678.36
2026/06/12 12:46:14.321, 0, NVIDIA H100 80GB HBM3, 65659, 15421, 93, 679.54
2026/06/12 12:46:14.330, 1, NVIDIA H100 80GB HBM3, 65629, 15451, 100, 664.02
2026/06/12 12:46:24.366, 0, NVIDIA H100 80GB HBM3, 65659, 15421, 100, 692.21
2026/06/12 12:46:24.373, 1, NVIDIA H100 80GB HBM3, 65629, 15451, 100, 671.83
2026/06/12 12:46:34.408, 0, NVIDIA H100 80GB HBM3, 65659, 15421, 85, 681.97
2026/06/12 12:46:34.415, 1, NVIDIA H100 80GB HBM3, 65629, 15451, 85, 668.62
2026/06/12 12:46:44.449, 0, NVIDIA H100 80GB HBM3, 65659, 15421, 100, 688.49
2026/06/12 12:46:44.455, 1, NVIDIA H100 80GB HBM3, 65629, 15451, 100, 686.68
2026/06/12 12:46:54.485, 0, NVIDIA H100 80GB HBM3, 65659, 15421, 100, 684.69
2026/06/12 12:46:54.491, 1, NVIDIA H100 80GB HBM3, 65629, 15451, 100, 693.30
2026/06/12 12:47:04.525, 0, NVIDIA H100 80GB HBM3, 65659, 15421, 100, 682.10
2026/06/12 12:47:04.544, 1, NVIDIA H100 80GB HBM3, 65629, 15451, 100, 666.34
2026/06/12 12:47:14.575, 0, NVIDIA H100 80GB HBM3, 65659, 15421, 100, 684.30
2026/06/12 12:47:14.581, 1, NVIDIA H100 80GB HBM3, 65629, 15451, 100, 667.12
2026/06/12 12:47:24.614, 0, NVIDIA H100 80GB HBM3, 65659, 15421, 100, 682.90
2026/06/12 12:47:24.618, 1, NVIDIA H100 80GB HBM3, 65629, 15451, 100, 668.27
2026/06/12 12:47:34.649, 0, NVIDIA H100 80GB HBM3, 65659, 15421, 100, 691.96
2026/06/12 12:47:34.656, 1, NVIDIA H100 80GB HBM3, 65629, 15451, 100, 664.47
2026/06/12 12:47:44.693, 0, NVIDIA H100 80GB HBM3, 65659, 15421, 100, 671.39
2026/06/12 12:47:44.697, 1, NVIDIA H100 80GB HBM3, 65629, 15451, 100, 660.76
2026/06/12 12:47:54.728, 0, NVIDIA H100 80GB HBM3, 65659, 15421, 100, 693.60
2026/06/12 12:47:54.744, 1, NVIDIA H100 80GB HBM3, 65629, 15451, 100, 674.39
2026/06/12 12:48:04.778, 0, NVIDIA H100 80GB HBM3, 65659, 15421, 100, 679.69
2026/06/12 12:48:04.784, 1, NVIDIA H100 80GB HBM3, 65629, 15451, 100, 680.15
2026/06/12 12:48:14.818, 0, NVIDIA H100 80GB HBM3, 65659, 15421, 100, 683.34
2026/06/12 12:48:14.824, 1, NVIDIA H100 80GB HBM3, 65629, 15451, 100, 664.16
2026/06/12 12:48:24.862, 0, NVIDIA H100 80GB HBM3, 65659, 15421, 100, 681.90
2026/06/12 12:48:24.870, 1, NVIDIA H100 80GB HBM3, 65629, 15451, 100, 677.85
2026/06/12 12:48:34.905, 0, NVIDIA H100 80GB HBM3, 65659, 15421, 100, 687.85
2026/06/12 12:48:34.913, 1, NVIDIA H100 80GB HBM3, 65629, 15451, 100, 665.80
2026/06/12 12:48:44.945, 0, NVIDIA H100 80GB HBM3, 65659, 15421, 100, 687.48
2026/06/12 12:48:44.950, 1, NVIDIA H100 80GB HBM3, 65629, 15451, 100, 670.70
2026/06/12 12:48:54.983, 0, NVIDIA H100 80GB HBM3, 65659, 15421, 100, 676.70
2026/06/12 12:48:54.989, 1, NVIDIA H100 80GB HBM3, 65629, 15451, 100, 665.16
2026/06/12 12:49:05.021, 0, NVIDIA H100 80GB HBM3, 65659, 15421, 100, 686.16
2026/06/12 12:49:05.026, 1, NVIDIA H100 80GB HBM3, 65629, 15451, 100, 667.51
2026/06/12 12:49:15.056, 0, NVIDIA H100 80GB HBM3, 65659, 15421, 100, 679.28
2026/06/12 12:49:15.062, 1, NVIDIA H100 80GB HBM3, 65629, 15451, 100, 681.38
2026/06/12 12:49:25.096, 0, NVIDIA H100 80GB HBM3, 65659, 15421, 100, 692.65
2026/06/12 12:49:25.101, 1, NVIDIA H100 80GB HBM3, 65629, 15451, 100, 672.39
2026/06/12 12:49:35.135, 0, NVIDIA H100 80GB HBM3, 65659, 15421, 100, 692.71
2026/06/12 12:49:35.144, 1, NVIDIA H100 80GB HBM3, 65629, 15451, 100, 689.68
2026/06/12 12:49:45.175, 0, NVIDIA H100 80GB HBM3, 65659, 15421, 100, 691.15
2026/06/12 12:49:45.180, 1, NVIDIA H100 80GB HBM3, 65629, 15451, 100, 660.49
2026/06/12 12:49:55.215, 0, NVIDIA H100 80GB HBM3, 65659, 15421, 100, 676.65
2026/06/12 12:49:55.220, 1, NVIDIA H100 80GB HBM3, 65629, 15451, 100, 677.24
2026/06/12 12:50:05.252, 0, NVIDIA H100 80GB HBM3, 65659, 15421, 100, 682.12
2026/06/12 12:50:05.257, 1, NVIDIA H100 80GB HBM3, 65629, 15451, 100, 669.88
2026/06/12 12:50:15.299, 0, NVIDIA H100 80GB HBM3, 65659, 15421, 100, 690.36
2026/06/12 12:50:15.307, 1, NVIDIA H100 80GB HBM3, 65629, 15451, 100, 676.19
2026/06/12 12:50:25.342, 0, NVIDIA H100 80GB HBM3, 65659, 15421, 100, 673.91
2026/06/12 12:50:25.347, 1, NVIDIA H100 80GB HBM3, 65629, 15451, 100, 682.28
2026/06/12 12:50:35.382, 0, NVIDIA H100 80GB HBM3, 65659, 15421, 100, 679.90
2026/06/12 12:50:35.388, 1, NVIDIA H100 80GB HBM3, 65629, 15451, 100, 667.74
2026/06/12 12:50:45.419, 0, NVIDIA H100 80GB HBM3, 65659, 15421, 100, 675.28
2026/06/12 12:50:45.424, 1, NVIDIA H100 80GB HBM3, 65629, 15451, 86, 684.07
2026/06/12 12:50:55.456, 0, NVIDIA H100 80GB HBM3, 65659, 15421, 100, 694.16
2026/06/12 12:50:55.461, 1, NVIDIA H100 80GB HBM3, 65629, 15451, 100, 674.09
2026/06/12 12:51:05.493, 0, NVIDIA H100 80GB HBM3, 65659, 15421, 100, 694.65
2026/06/12 12:51:05.497, 1, NVIDIA H100 80GB HBM3, 65629, 15451, 100, 686.47
2026/06/12 12:51:15.528, 0, NVIDIA H100 80GB HBM3, 65659, 15421, 100, 676.04
2026/06/12 12:51:15.546, 1, NVIDIA H100 80GB HBM3, 65629, 15451, 100, 671.23
2026/06/12 12:51:25.579, 0, NVIDIA H100 80GB HBM3, 65659, 15421, 100, 686.98
2026/06/12 12:51:25.583, 1, NVIDIA H100 80GB HBM3, 65629, 15451, 100, 672.67
2026/06/12 12:51:35.618, 0, NVIDIA H100 80GB HBM3, 65659, 15421, 100, 686.16
2026/06/12 12:51:35.624, 1, NVIDIA H100 80GB HBM3, 65629, 15451, 100, 666.82
2026/06/12 12:51:45.656, 0, NVIDIA H100 80GB HBM3, 65659, 15421, 100, 685.79
2026/06/12 12:51:45.662, 1, NVIDIA H100 80GB HBM3, 65629, 15451, 100, 667.29
2026/06/12 12:51:55.699, 0, NVIDIA H100 80GB HBM3, 65659, 15421, 100, 680.22
2026/06/12 12:51:55.703, 1, NVIDIA H100 80GB HBM3, 65629, 15451, 100, 671.07
2026/06/12 12:52:05.736, 0, NVIDIA H100 80GB HBM3, 65659, 15421, 100, 679.77
2026/06/12 12:52:05.746, 1, NVIDIA H100 80GB HBM3, 65629, 15451, 100, 676.44
2026/06/12 12:52:15.781, 0, NVIDIA H100 80GB HBM3, 65659, 15421, 100, 676.58
2026/06/12 12:52:15.788, 1, NVIDIA H100 80GB HBM3, 65629, 15451, 100, 667.16
2026/06/12 12:52:25.824, 0, NVIDIA H100 80GB HBM3, 65659, 15421, 100, 686.05
2026/06/12 12:52:25.830, 1, NVIDIA H100 80GB HBM3, 65629, 15451, 100, 673.40
2026/06/12 12:52:35.865, 0, NVIDIA H100 80GB HBM3, 65659, 15421, 100, 672.16
2026/06/12 12:52:35.872, 1, NVIDIA H100 80GB HBM3, 65629, 15451, 69, 680.79
2026/06/12 12:52:45.906, 0, NVIDIA H100 80GB HBM3, 65659, 15421, 100, 695.28
2026/06/12 12:52:45.911, 1, NVIDIA H100 80GB HBM3, 65629, 15451, 100, 674.56
2026/06/12 12:52:55.945, 0, NVIDIA H100 80GB HBM3, 65659, 15421, 100, 696.46
2026/06/12 12:52:55.951, 1, NVIDIA H100 80GB HBM3, 65629, 15451, 100, 680.20
2026/06/12 12:53:05.983, 0, NVIDIA H100 80GB HBM3, 65659, 15421, 100, 681.44
2026/06/12 12:53:05.988, 1, NVIDIA H100 80GB HBM3, 65629, 15451, 100, 656.89
2026/06/12 12:53:16.021, 0, NVIDIA H100 80GB HBM3, 65659, 15421, 100, 683.22
2026/06/12 12:53:16.026, 1, NVIDIA H100 80GB HBM3, 65629, 15451, 100, 680.90
2026/06/12 12:53:26.058, 0, NVIDIA H100 80GB HBM3, 65659, 15421, 100, 673.27
2026/06/12 12:53:26.063, 1, NVIDIA H100 80GB HBM3, 65629, 15451, 100, 671.23
2026/06/12 12:53:36.099, 0, NVIDIA H100 80GB HBM3, 65659, 15421, 100, 685.73
2026/06/12 12:53:36.104, 1, NVIDIA H100 80GB HBM3, 65629, 15451, 100, 679.51
2026/06/12 12:53:46.136, 0, NVIDIA H100 80GB HBM3, 65659, 15421, 100, 675.16
2026/06/12 12:53:46.146, 1, NVIDIA H100 80GB HBM3, 65629, 15451, 99, 672.41
2026/06/12 12:53:56.178, 0, NVIDIA H100 80GB HBM3, 65659, 15421, 100, 689.02
2026/06/12 12:53:56.182, 1, NVIDIA H100 80GB HBM3, 65629, 15451, 100, 671.34
2026/06/12 12:54:06.214, 0, NVIDIA H100 80GB HBM3, 65659, 15421, 72, 680.18
2026/06/12 12:54:06.219, 1, NVIDIA H100 80GB HBM3, 65629, 15451, 86, 666.28
2026/06/12 12:54:16.253, 0, NVIDIA H100 80GB HBM3, 65659, 15421, 100, 689.37
2026/06/12 12:54:16.260, 1, NVIDIA H100 80GB HBM3, 65629, 15451, 100, 673.23
2026/06/12 12:54:26.294, 0, NVIDIA H100 80GB HBM3, 65659, 15421, 100, 691.45
2026/06/12 12:54:26.299, 1, NVIDIA H100 80GB HBM3, 65629, 15451, 100, 685.59
2026/06/12 12:54:36.336, 0, NVIDIA H100 80GB HBM3, 65659, 15421, 100, 689.09
2026/06/12 12:54:36.347, 1, NVIDIA H100 80GB HBM3, 65629, 15451, 100, 662.24
2026/06/12 12:54:46.382, 0, NVIDIA H100 80GB HBM3, 65659, 15421, 100, 680.57
2026/06/12 12:54:46.387, 1, NVIDIA H100 80GB HBM3, 65629, 15451, 100, 664.43
2026/06/12 12:54:56.422, 0, NVIDIA H100 80GB HBM3, 65659, 15421, 89, 675.59
2026/06/12 12:54:56.429, 1, NVIDIA H100 80GB HBM3, 65629, 15451, 100, 677.52
2026/06/12 12:55:06.464, 0, NVIDIA H100 80GB HBM3, 65659, 15421, 100, 689.11
2026/06/12 12:55:06.469, 1, NVIDIA H100 80GB HBM3, 65629, 15451, 100, 675.71
2026/06/12 12:55:16.503, 0, NVIDIA H100 80GB HBM3, 65659, 15421, 100, 680.58
2026/06/12 12:55:16.508, 1, NVIDIA H100 80GB HBM3, 65629, 15451, 100, 667.44
2026/06/12 12:55:26.543, 0, NVIDIA H100 80GB HBM3, 65659, 15421, 100, 693.59
2026/06/12 12:55:26.551, 1, NVIDIA H100 80GB HBM3, 65629, 15451, 100, 673.02
2026/06/12 12:55:36.585, 0, NVIDIA H100 80GB HBM3, 65659, 15421, 100, 689.53
2026/06/12 12:55:36.590, 1, NVIDIA H100 80GB HBM3, 65629, 15451, 100, 675.36
2026/06/12 12:55:46.624, 0, NVIDIA H100 80GB HBM3, 65659, 15421, 100, 685.82
2026/06/12 12:55:46.629, 1, NVIDIA H100 80GB HBM3, 65629, 15451, 100, 662.87
2026/06/12 12:55:56.662, 0, NVIDIA H100 80GB HBM3, 65659, 15421, 100, 681.62
2026/06/12 12:55:56.667, 1, NVIDIA H100 80GB HBM3, 65629, 15451, 100, 675.64
2026/06/12 12:56:06.702, 0, NVIDIA H100 80GB HBM3, 65659, 15421, 100, 685.56
2026/06/12 12:56:06.707, 1, NVIDIA H100 80GB HBM3, 65629, 15451, 100, 688.52
2026/06/12 12:56:16.740, 0, NVIDIA H100 80GB HBM3, 65659, 15421, 100, 683.38
2026/06/12 12:56:16.747, 1, NVIDIA H100 80GB HBM3, 65629, 15451, 100, 677.21
2026/06/12 12:56:26.782, 0, NVIDIA H100 80GB HBM3, 65659, 15421, 100, 681.86
2026/06/12 12:56:26.790, 1, NVIDIA H100 80GB HBM3, 65629, 15451, 100, 662.41
2026/06/12 12:56:36.824, 0, NVIDIA H100 80GB HBM3, 65659, 15421, 100, 691.56
2026/06/12 12:56:36.829, 1, NVIDIA H100 80GB HBM3, 65629, 15451, 100, 661.39
2026/06/12 12:56:46.863, 0, NVIDIA H100 80GB HBM3, 65659, 15421, 84, 682.73
2026/06/12 12:56:46.869, 1, NVIDIA H100 80GB HBM3, 65629, 15451, 84, 677.77
2026/06/12 12:56:56.903, 0, NVIDIA H100 80GB HBM3, 65659, 15421, 100, 686.41
2026/06/12 12:56:56.908, 1, NVIDIA H100 80GB HBM3, 65629, 15451, 100, 668.57
2026/06/12 12:57:06.940, 0, NVIDIA H100 80GB HBM3, 65659, 15421, 100, 696.44
2026/06/12 12:57:06.947, 1, NVIDIA H100 80GB HBM3, 65629, 15451, 100, 687.30
2026/06/12 12:57:16.980, 0, NVIDIA H100 80GB HBM3, 65659, 15421, 100, 683.32
2026/06/12 12:57:16.986, 1, NVIDIA H100 80GB HBM3, 65629, 15451, 100, 660.88
2026/06/12 12:57:27.019, 0, NVIDIA H100 80GB HBM3, 65659, 15421, 100, 687.61
2026/06/12 12:57:27.024, 1, NVIDIA H100 80GB HBM3, 65629, 15451, 100, 658.31
2026/06/12 12:57:37.060, 0, NVIDIA H100 80GB HBM3, 65659, 15421, 100, 691.70
2026/06/12 12:57:37.067, 1, NVIDIA H100 80GB HBM3, 65629, 15451, 100, 671.80
2026/06/12 12:57:47.102, 0, NVIDIA H100 80GB HBM3, 65659, 15421, 100, 681.42
2026/06/12 12:57:47.108, 1, NVIDIA H100 80GB HBM3, 65629, 15451, 100, 681.71
2026/06/12 12:57:57.143, 0, NVIDIA H100 80GB HBM3, 65659, 15421, 100, 684.02
2026/06/12 12:57:57.150, 1, NVIDIA H100 80GB HBM3, 65629, 15451, 100, 658.74
2026/06/12 12:58:07.185, 0, NVIDIA H100 80GB HBM3, 65659, 15421, 100, 682.49
2026/06/12 12:58:07.191, 1, NVIDIA H100 80GB HBM3, 65629, 15451, 100, 681.78
2026/06/12 12:58:17.227, 0, NVIDIA H100 80GB HBM3, 65659, 15421, 100, 684.99
2026/06/12 12:58:17.234, 1, NVIDIA H100 80GB HBM3, 65629, 15451, 100, 672.88
2026/06/12 12:58:27.270, 0, NVIDIA H100 80GB HBM3, 65659, 15421, 100, 690.19
2026/06/12 12:58:27.277, 1, NVIDIA H100 80GB HBM3, 65629, 15451, 100, 676.52
2026/06/12 12:58:37.314, 0, NVIDIA H100 80GB HBM3, 65659, 15421, 100, 676.03
2026/06/12 12:58:37.321, 1, NVIDIA H100 80GB HBM3, 65629, 15451, 78, 681.19
2026/06/12 12:58:47.357, 0, NVIDIA H100 80GB HBM3, 65659, 15421, 100, 696.22
2026/06/12 12:58:47.364, 1, NVIDIA H100 80GB HBM3, 65629, 15451, 100, 668.28
2026/06/12 12:58:57.407, 0, NVIDIA H100 80GB HBM3, 65659, 15421, 100, 692.84
2026/06/12 12:58:57.415, 1, NVIDIA H100 80GB HBM3, 65629, 15451, 100, 678.26
2026/06/12 12:59:07.450, 0, NVIDIA H100 80GB HBM3, 65659, 15421, 100, 681.15
2026/06/12 12:59:07.456, 1, NVIDIA H100 80GB HBM3, 65629, 15451, 100, 668.77
2026/06/12 12:59:17.491, 0, NVIDIA H100 80GB HBM3, 65659, 15421, 100, 687.11
2026/06/12 12:59:17.497, 1, NVIDIA H100 80GB HBM3, 65629, 15451, 100, 677.97
2026/06/12 12:59:27.530, 0, NVIDIA H100 80GB HBM3, 65659, 15421, 100, 686.13
2026/06/12 12:59:27.538, 1, NVIDIA H100 80GB HBM3, 65629, 15451, 100, 672.27
2026/06/12 12:59:37.572, 0, NVIDIA H100 80GB HBM3, 65659, 15421, 100, 688.01
2026/06/12 12:59:37.578, 1, NVIDIA H100 80GB HBM3, 65629, 15451, 100, 675.96
2026/06/12 12:59:47.611, 0, NVIDIA H100 80GB HBM3, 65659, 15421, 100, 682.74
2026/06/12 12:59:47.619, 1, NVIDIA H100 80GB HBM3, 65629, 15451, 100, 666.79
2026/06/12 12:59:57.655, 0, NVIDIA H100 80GB HBM3, 65659, 15421, 100, 689.85
2026/06/12 12:59:57.661, 1, NVIDIA H100 80GB HBM3, 65629, 15451, 100, 671.97
2026/06/12 13:00:07.696, 0, NVIDIA H100 80GB HBM3, 65659, 15421, 100, 682.26
2026/06/12 13:00:07.704, 1, NVIDIA H100 80GB HBM3, 65629, 15451, 100, 671.31
2026/06/12 13:00:17.742, 0, NVIDIA H100 80GB HBM3, 65659, 15421, 100, 689.81
2026/06/12 13:00:17.750, 1, NVIDIA H100 80GB HBM3, 65629, 15451, 100, 665.02
2026/06/12 13:00:27.786, 0, NVIDIA H100 80GB HBM3, 65659, 15421, 86, 671.18
2026/06/12 13:00:27.793, 1, NVIDIA H100 80GB HBM3, 65629, 15451, 100, 672.63
2026/06/12 13:00:37.831, 0, NVIDIA H100 80GB HBM3, 65659, 15421, 100, 688.27
2026/06/12 13:00:37.838, 1, NVIDIA H100 80GB HBM3, 65629, 15451, 100, 671.91
2026/06/12 13:00:47.876, 0, NVIDIA H100 80GB HBM3, 65659, 15421, 100, 694.02
2026/06/12 13:00:47.883, 1, NVIDIA H100 80GB HBM3, 65629, 15451, 100, 692.40
2026/06/12 13:00:57.916, 0, NVIDIA H100 80GB HBM3, 65659, 15421, 100, 679.92
2026/06/12 13:00:57.922, 1, NVIDIA H100 80GB HBM3, 65629, 15451, 100, 663.03
2026/06/12 13:01:07.958, 0, NVIDIA H100 80GB HBM3, 65659, 15421, 100, 683.09
2026/06/12 13:01:07.964, 1, NVIDIA H100 80GB HBM3, 65629, 15451, 100, 679.23
2026/06/12 13:01:18.000, 0, NVIDIA H100 80GB HBM3, 65659, 15421, 100, 675.62
2026/06/12 13:01:18.006, 1, NVIDIA H100 80GB HBM3, 65629, 15451, 100, 663.35
2026/06/12 13:01:28.043, 0, NVIDIA H100 80GB HBM3, 65659, 15421, 100, 681.93
2026/06/12 13:01:28.050, 1, NVIDIA H100 80GB HBM3, 65629, 15451, 100, 670.08
2026/06/12 13:01:38.085, 0, NVIDIA H100 80GB HBM3, 65659, 15421, 73, 681.01
2026/06/12 13:01:38.090, 1, NVIDIA H100 80GB HBM3, 65629, 15451, 86, 680.95
2026/06/12 13:01:48.125, 0, NVIDIA H100 80GB HBM3, 65659, 15421, 100, 689.35
2026/06/12 13:01:48.131, 1, NVIDIA H100 80GB HBM3, 65629, 15451, 100, 665.70
2026/06/12 13:01:58.165, 0, NVIDIA H100 80GB HBM3, 65659, 15421, 100, 695.58
2026/06/12 13:01:58.171, 1, NVIDIA H100 80GB HBM3, 65629, 15451, 100, 685.07
2026/06/12 13:02:08.211, 0, NVIDIA H100 80GB HBM3, 65659, 15421, 100, 685.95
2026/06/12 13:02:08.219, 1, NVIDIA H100 80GB HBM3, 65629, 15451, 100, 667.08
2026/06/12 13:02:18.255, 0, NVIDIA H100 80GB HBM3, 65659, 15421, 100, 689.32
2026/06/12 13:02:18.262, 1, NVIDIA H100 80GB HBM3, 65629, 15451, 100, 671.25
2026/06/12 13:02:28.298, 0, NVIDIA H100 80GB HBM3, 65659, 15421, 100, 679.47
2026/06/12 13:02:28.306, 1, NVIDIA H100 80GB HBM3, 65629, 15451, 100, 667.67
2026/06/12 13:02:38.341, 0, NVIDIA H100 80GB HBM3, 65659, 15421, 100, 677.41
2026/06/12 13:02:38.349, 1, NVIDIA H100 80GB HBM3, 65629, 15451, 100, 673.65
2026/06/12 13:02:48.386, 0, NVIDIA H100 80GB HBM3, 65659, 15421, 100, 682.91
2026/06/12 13:02:48.391, 1, NVIDIA H100 80GB HBM3, 65629, 15451, 100, 658.96
2026/06/12 13:02:58.425, 0, NVIDIA H100 80GB HBM3, 65659, 15421, 100, 683.28
2026/06/12 13:02:58.431, 1, NVIDIA H100 80GB HBM3, 65629, 15451, 100, 672.95
2026/06/12 13:03:08.466, 0, NVIDIA H100 80GB HBM3, 65659, 15421, 100, 682.24
2026/06/12 13:03:08.472, 1, NVIDIA H100 80GB HBM3, 65629, 15451, 100, 668.48
2026/06/12 13:03:18.505, 0, NVIDIA H100 80GB HBM3, 65659, 15421, 100, 683.15
2026/06/12 13:03:18.510, 1, NVIDIA H100 80GB HBM3, 65629, 15451, 100, 676.82
2026/06/12 13:03:28.547, 0, NVIDIA H100 80GB HBM3, 65659, 15421, 86, 674.05
2026/06/12 13:03:28.555, 1, NVIDIA H100 80GB HBM3, 65629, 15451, 100, 676.99
2026/06/12 13:03:38.592, 0, NVIDIA H100 80GB HBM3, 65659, 15421, 100, 694.84
2026/06/12 13:03:38.598, 1, NVIDIA H100 80GB HBM3, 65629, 15451, 100, 677.68
2026/06/12 13:03:48.634, 0, NVIDIA H100 80GB HBM3, 65659, 15421, 100, 688.68
2026/06/12 13:03:48.648, 1, NVIDIA H100 80GB HBM3, 65629, 15451, 100, 685.11
2026/06/12 13:03:58.686, 0, NVIDIA H100 80GB HBM3, 65659, 15421, 100, 686.43
2026/06/12 13:03:58.693, 1, NVIDIA H100 80GB HBM3, 65629, 15451, 100, 666.60
2026/06/12 13:04:08.730, 0, NVIDIA H100 80GB HBM3, 65659, 15421, 100, 683.82
2026/06/12 13:04:08.737, 1, NVIDIA H100 80GB HBM3, 65629, 15451, 100, 672.12
2026/06/12 13:04:18.772, 0, NVIDIA H100 80GB HBM3, 65659, 15421, 100, 686.69
2026/06/12 13:04:18.781, 1, NVIDIA H100 80GB HBM3, 65629, 15451, 100, 657.67
2026/06/12 13:04:28.817, 0, NVIDIA H100 80GB HBM3, 65659, 15421, 100, 681.75
2026/06/12 13:04:28.823, 1, NVIDIA H100 80GB HBM3, 65629, 15451, 100, 673.04
2026/06/12 13:04:38.858, 0, NVIDIA H100 80GB HBM3, 65659, 15421, 100, 675.42
2026/06/12 13:04:38.864, 1, NVIDIA H100 80GB HBM3, 65629, 15451, 100, 667.42
2026/06/12 13:04:48.908, 0, NVIDIA H100 80GB HBM3, 65659, 15421, 100, 688.13
2026/06/12 13:04:48.913, 1, NVIDIA H100 80GB HBM3, 65629, 15451, 100, 671.52
2026/06/12 13:04:58.946, 0, NVIDIA H100 80GB HBM3, 65659, 15421, 100, 675.28
2026/06/12 13:04:58.951, 1, NVIDIA H100 80GB HBM3, 65629, 15451, 86, 671.35
2026/06/12 13:05:08.986, 0, NVIDIA H100 80GB HBM3, 65659, 15421, 100, 685.04
2026/06/12 13:05:08.992, 1, NVIDIA H100 80GB HBM3, 65629, 15451, 100, 674.31
2026/06/12 13:05:19.027, 0, NVIDIA H100 80GB HBM3, 65659, 15421, 73, 679.66
2026/06/12 13:05:19.033, 1, NVIDIA H100 80GB HBM3, 65629, 15451, 86, 672.33
2026/06/12 13:05:29.068, 0, NVIDIA H100 80GB HBM3, 65659, 15421, 100, 696.68
2026/06/12 13:05:29.075, 1, NVIDIA H100 80GB HBM3, 65629, 15451, 100, 675.07
2026/06/12 13:05:39.109, 0, NVIDIA H100 80GB HBM3, 65659, 15421, 100, 691.68
2026/06/12 13:05:39.116, 1, NVIDIA H100 80GB HBM3, 65629, 15451, 100, 687.91
2026/06/12 13:05:49.153, 0, NVIDIA H100 80GB HBM3, 65659, 15421, 100, 682.46
2026/06/12 13:05:49.160, 1, NVIDIA H100 80GB HBM3, 65629, 15451, 100, 665.74
2026/06/12 13:05:59.196, 0, NVIDIA H100 80GB HBM3, 65659, 15421, 100, 679.37
2026/06/12 13:05:59.201, 1, NVIDIA H100 80GB HBM3, 65629, 15451, 100, 678.00
2026/06/12 13:06:09.240, 0, NVIDIA H100 80GB HBM3, 65659, 15421, 100, 680.64
2026/06/12 13:06:09.248, 1, NVIDIA H100 80GB HBM3, 65629, 15451, 100, 667.95
2026/06/12 13:06:19.286, 0, NVIDIA H100 80GB HBM3, 65659, 15421, 100, 682.84
2026/06/12 13:06:19.293, 1, NVIDIA H100 80GB HBM3, 65629, 15451, 100, 672.20
2026/06/12 13:06:29.330, 0, NVIDIA H100 80GB HBM3, 65659, 15421, 100, 686.55
2026/06/12 13:06:29.345, 1, NVIDIA H100 80GB HBM3, 65629, 15451, 100, 668.67
2026/06/12 13:06:39.380, 0, NVIDIA H100 80GB HBM3, 65659, 15421, 100, 686.86
2026/06/12 13:06:39.387, 1, NVIDIA H100 80GB HBM3, 65629, 15451, 100, 672.67
2026/06/12 13:06:49.421, 0, NVIDIA H100 80GB HBM3, 65659, 15421, 100, 678.96
2026/06/12 13:06:49.427, 1, NVIDIA H100 80GB HBM3, 65629, 15451, 100, 679.44
2026/06/12 13:06:59.460, 0, NVIDIA H100 80GB HBM3, 65659, 15421, 100, 685.14
2026/06/12 13:06:59.466, 1, NVIDIA H100 80GB HBM3, 65629, 15451, 100, 670.99
2026/06/12 13:07:09.498, 0, NVIDIA H100 80GB HBM3, 65659, 15421, 75, 679.34
2026/06/12 13:07:09.504, 1, NVIDIA H100 80GB HBM3, 65629, 15451, 86, 680.76
2026/06/12 13:07:19.539, 0, NVIDIA H100 80GB HBM3, 65659, 15421, 100, 698.47
2026/06/12 13:07:19.546, 1, NVIDIA H100 80GB HBM3, 65629, 15451, 100, 673.32
2026/06/12 13:07:29.578, 0, NVIDIA H100 80GB HBM3, 65659, 15421, 100, 687.85
2026/06/12 13:07:29.583, 1, NVIDIA H100 80GB HBM3, 65629, 15451, 100, 679.32
2026/06/12 13:07:39.619, 0, NVIDIA H100 80GB HBM3, 65659, 15421, 100, 685.16
2026/06/12 13:07:39.626, 1, NVIDIA H100 80GB HBM3, 65629, 15451, 100, 666.19
2026/06/12 13:07:49.659, 0, NVIDIA H100 80GB HBM3, 65659, 15421, 100, 688.94
2026/06/12 13:07:49.665, 1, NVIDIA H100 80GB HBM3, 65629, 15451, 100, 687.62
2026/06/12 13:07:59.705, 0, NVIDIA H100 80GB HBM3, 65659, 15421, 100, 676.53
2026/06/12 13:07:59.711, 1, NVIDIA H100 80GB HBM3, 65629, 15451, 100, 667.11
2026/06/12 13:08:09.745, 0, NVIDIA H100 80GB HBM3, 65659, 15421, 100, 685.02
2026/06/12 13:08:09.753, 1, NVIDIA H100 80GB HBM3, 65629, 15451, 100, 673.10
2026/06/12 13:08:19.789, 0, NVIDIA H100 80GB HBM3, 65659, 15421, 68, 673.01
2026/06/12 13:08:19.797, 1, NVIDIA H100 80GB HBM3, 65629, 15451, 90, 669.24
2026/06/12 13:08:29.833, 0, NVIDIA H100 80GB HBM3, 65659, 15421, 100, 693.55
2026/06/12 13:08:29.844, 1, NVIDIA H100 80GB HBM3, 65629, 15451, 100, 672.27
2026/06/12 13:08:39.878, 0, NVIDIA H100 80GB HBM3, 65659, 15421, 100, 689.78
2026/06/12 13:08:39.883, 1, NVIDIA H100 80GB HBM3, 65629, 15451, 100, 689.51
2026/06/12 13:08:49.919, 0, NVIDIA H100 80GB HBM3, 65659, 15421, 100, 688.47
2026/06/12 13:08:49.925, 1, NVIDIA H100 80GB HBM3, 65629, 15451, 100, 661.58
2026/06/12 13:08:59.961, 0, NVIDIA H100 80GB HBM3, 65659, 15421, 100, 677.90
2026/06/12 13:08:59.968, 1, NVIDIA H100 80GB HBM3, 65629, 15451, 100, 677.65
2026/06/12 13:09:10.004, 0, NVIDIA H100 80GB HBM3, 65659, 15421, 100, 686.64
2026/06/12 13:09:10.011, 1, NVIDIA H100 80GB HBM3, 65629, 15451, 100, 665.24
2026/06/12 13:09:20.049, 0, NVIDIA H100 80GB HBM3, 65659, 15421, 100, 685.94
2026/06/12 13:09:20.056, 1, NVIDIA H100 80GB HBM3, 65629, 15451, 100, 671.93
2026/06/12 13:09:30.091, 0, NVIDIA H100 80GB HBM3, 65659, 15421, 100, 672.52
2026/06/12 13:09:30.097, 1, NVIDIA H100 80GB HBM3, 65629, 15451, 100, 672.96
2026/06/12 13:09:40.134, 0, NVIDIA H100 80GB HBM3, 65659, 15421, 100, 681.89
2026/06/12 13:09:40.140, 1, NVIDIA H100 80GB HBM3, 65629, 15451, 100, 668.53
2026/06/12 13:09:50.174, 0, NVIDIA H100 80GB HBM3, 65659, 15421, 100, 681.76
2026/06/12 13:09:50.180, 1, NVIDIA H100 80GB HBM3, 65629, 15451, 100, 675.08
2026/06/12 13:10:00.216, 0, NVIDIA H100 80GB HBM3, 65659, 15421, 100, 689.31
2026/06/12 13:10:00.226, 1, NVIDIA H100 80GB HBM3, 65629, 15451, 100, 668.57
2026/06/12 13:10:10.260, 0, NVIDIA H100 80GB HBM3, 65659, 15421, 78, 675.03
2026/06/12 13:10:10.267, 1, NVIDIA H100 80GB HBM3, 65629, 15451, 83, 662.95
2026/06/12 13:10:20.306, 0, NVIDIA H100 80GB HBM3, 65659, 15421, 100, 692.51
2026/06/12 13:10:20.313, 1, NVIDIA H100 80GB HBM3, 65629, 15451, 100, 666.11
2026/06/12 13:10:30.349, 0, NVIDIA H100 80GB HBM3, 65659, 15421, 100, 685.34
2026/06/12 13:10:30.357, 1, NVIDIA H100 80GB HBM3, 65629, 15451, 100, 691.70
2026/06/12 13:10:40.394, 0, NVIDIA H100 80GB HBM3, 65659, 15421, 100, 684.41
2026/06/12 13:10:40.400, 1, NVIDIA H100 80GB HBM3, 65629, 15451, 100, 660.57
2026/06/12 13:10:50.436, 0, NVIDIA H100 80GB HBM3, 65659, 15421, 100, 690.85
2026/06/12 13:10:50.441, 1, NVIDIA H100 80GB HBM3, 65629, 15451, 100, 672.16
2026/06/12 13:11:00.478, 0, NVIDIA H100 80GB HBM3, 65659, 15421, 100, 687.42
2026/06/12 13:11:00.485, 1, NVIDIA H100 80GB HBM3, 65629, 15451, 100, 669.08
2026/06/12 13:11:10.519, 0, NVIDIA H100 80GB HBM3, 65659, 15421, 100, 678.99
2026/06/12 13:11:10.525, 1, NVIDIA H100 80GB HBM3, 65629, 15451, 100, 674.33
2026/06/12 13:11:20.560, 0, NVIDIA H100 80GB HBM3, 65659, 15421, 100, 686.66
2026/06/12 13:11:20.566, 1, NVIDIA H100 80GB HBM3, 65629, 15451, 100, 667.78
2026/06/12 13:11:30.602, 0, NVIDIA H100 80GB HBM3, 65659, 15421, 100, 690.89
2026/06/12 13:11:30.608, 1, NVIDIA H100 80GB HBM3, 65629, 15451, 100, 667.20
2026/06/12 13:11:40.643, 0, NVIDIA H100 80GB HBM3, 65659, 15421, 100, 667.84
2026/06/12 13:11:40.650, 1, NVIDIA H100 80GB HBM3, 65629, 15451, 100, 652.88
2026/06/12 13:11:50.685, 0, NVIDIA H100 80GB HBM3, 65659, 15421, 100, 682.03
2026/06/12 13:11:50.690, 1, NVIDIA H100 80GB HBM3, 65629, 15451, 100, 665.55
2026/06/12 13:12:00.726, 0, NVIDIA H100 80GB HBM3, 65659, 15421, 82, 679.33
2026/06/12 13:12:00.744, 1, NVIDIA H100 80GB HBM3, 65629, 15451, 66, 676.45
2026/06/12 13:12:10.780, 0, NVIDIA H100 80GB HBM3, 65659, 15421, 100, 691.62
2026/06/12 13:12:10.788, 1, NVIDIA H100 80GB HBM3, 65629, 15451, 100, 670.03
2026/06/12 13:12:20.826, 0, NVIDIA H100 80GB HBM3, 65659, 15421, 100, 689.45
2026/06/12 13:12:20.844, 1, NVIDIA H100 80GB HBM3, 65629, 15451, 100, 685.65
2026/06/12 13:12:30.880, 0, NVIDIA H100 80GB HBM3, 65659, 15421, 100, 688.05
2026/06/12 13:12:30.887, 1, NVIDIA H100 80GB HBM3, 65629, 15451, 100, 662.50
2026/06/12 13:12:40.925, 0, NVIDIA H100 80GB HBM3, 65659, 15421, 100, 682.41
2026/06/12 13:12:40.944, 1, NVIDIA H100 80GB HBM3, 65629, 15451, 100, 678.51
2026/06/12 13:12:50.981, 0, NVIDIA H100 80GB HBM3, 65659, 15421, 100, 676.79
2026/06/12 13:12:50.988, 1, NVIDIA H100 80GB HBM3, 65629, 15451, 100, 669.76
2026/06/12 13:13:01.027, 0, NVIDIA H100 80GB HBM3, 65659, 15421, 100, 694.82
2026/06/12 13:13:01.043, 1, NVIDIA H100 80GB HBM3, 65629, 15451, 100, 666.44
2026/06/12 13:13:11.081, 0, NVIDIA H100 80GB HBM3, 65659, 15421, 100, 681.01
2026/06/12 13:13:11.088, 1, NVIDIA H100 80GB HBM3, 65629, 15451, 100, 660.24
2026/06/12 13:13:21.128, 0, NVIDIA H100 80GB HBM3, 65659, 15421, 100, 682.23
2026/06/12 13:13:21.135, 1, NVIDIA H100 80GB HBM3, 65629, 15451, 100, 672.03
2026/06/12 13:13:31.173, 0, NVIDIA H100 80GB HBM3, 65659, 15421, 97, 673.92
2026/06/12 13:13:31.181, 1, NVIDIA H100 80GB HBM3, 65629, 15451, 100, 668.42
2026/06/12 13:13:41.219, 0, NVIDIA H100 80GB HBM3, 65659, 15421, 100, 686.58
2026/06/12 13:13:41.226, 1, NVIDIA H100 80GB HBM3, 65629, 15451, 100, 675.39
2026/06/12 13:13:51.264, 0, NVIDIA H100 80GB HBM3, 65659, 15421, 100, 680.14
2026/06/12 13:13:51.273, 1, NVIDIA H100 80GB HBM3, 65629, 15451, 71, 656.67
2026/06/12 13:14:01.309, 0, NVIDIA H100 80GB HBM3, 65659, 15421, 100, 691.49
2026/06/12 13:14:01.317, 1, NVIDIA H100 80GB HBM3, 65629, 15451, 100, 678.43
2026/06/12 13:14:11.353, 0, NVIDIA H100 80GB HBM3, 65659, 15421, 100, 694.94
2026/06/12 13:14:11.361, 1, NVIDIA H100 80GB HBM3, 65629, 15451, 100, 683.02
2026/06/12 13:14:21.398, 0, NVIDIA H100 80GB HBM3, 65659, 15421, 100, 686.03
2026/06/12 13:14:21.406, 1, NVIDIA H100 80GB HBM3, 65629, 15451, 100, 665.13
2026/06/12 13:14:31.444, 0, NVIDIA H100 80GB HBM3, 65659, 15421, 100, 684.46
2026/06/12 13:14:31.453, 1, NVIDIA H100 80GB HBM3, 65629, 15451, 100, 678.39
2026/06/12 13:14:41.490, 0, NVIDIA H100 80GB HBM3, 65659, 15421, 100, 681.74
2026/06/12 13:14:41.497, 1, NVIDIA H100 80GB HBM3, 65629, 15451, 100, 659.22
2026/06/12 13:14:51.536, 0, NVIDIA H100 80GB HBM3, 65659, 15421, 100, 680.26
2026/06/12 13:14:51.546, 1, NVIDIA H100 80GB HBM3, 65629, 15451, 100, 670.58
2026/06/12 13:15:01.583, 0, NVIDIA H100 80GB HBM3, 65659, 15421, 100, 684.90
2026/06/12 13:15:01.590, 1, NVIDIA H100 80GB HBM3, 65629, 15451, 100, 668.44
2026/06/12 13:15:11.629, 0, NVIDIA H100 80GB HBM3, 65659, 15421, 100, 684.71
2026/06/12 13:15:11.643, 1, NVIDIA H100 80GB HBM3, 65629, 15451, 100, 674.52
2026/06/12 13:15:21.680, 0, NVIDIA H100 80GB HBM3, 65659, 15421, 100, 685.88
2026/06/12 13:15:21.690, 1, NVIDIA H100 80GB HBM3, 65629, 15451, 100, 675.44
2026/06/12 13:15:31.727, 0, NVIDIA H100 80GB HBM3, 65659, 15421, 100, 684.96
2026/06/12 13:15:31.735, 1, NVIDIA H100 80GB HBM3, 65629, 15451, 100, 664.23
2026/06/12 13:15:41.772, 0, NVIDIA H100 80GB HBM3, 65659, 15421, 100, 683.33
2026/06/12 13:15:41.779, 1, NVIDIA H100 80GB HBM3, 65629, 15451, 100, 676.46
2026/06/12 13:15:51.817, 0, NVIDIA H100 80GB HBM3, 65659, 15421, 100, 677.27
2026/06/12 13:15:51.825, 1, NVIDIA H100 80GB HBM3, 65629, 15451, 100, 684.09
2026/06/12 13:16:01.862, 0, NVIDIA H100 80GB HBM3, 65659, 15421, 100, 685.03
2026/06/12 13:16:01.871, 1, NVIDIA H100 80GB HBM3, 65629, 15451, 100, 678.77
2026/06/12 13:16:11.908, 0, NVIDIA H100 80GB HBM3, 65659, 15421, 83, 666.79
2026/06/12 13:16:11.916, 1, NVIDIA H100 80GB HBM3, 65629, 15451, 100, 665.23
2026/06/12 13:16:21.953, 0, NVIDIA H100 80GB HBM3, 65659, 15421, 100, 687.90
2026/06/12 13:16:21.961, 1, NVIDIA H100 80GB HBM3, 65629, 15451, 100, 665.54
2026/06/12 13:16:32.007, 0, NVIDIA H100 80GB HBM3, 65659, 15421, 60, 669.45
2026/06/12 13:16:32.015, 1, NVIDIA H100 80GB HBM3, 65629, 15451, 80, 673.50
2026/06/12 13:16:42.053, 0, NVIDIA H100 80GB HBM3, 65659, 15421, 100, 694.24
2026/06/12 13:16:42.061, 1, NVIDIA H100 80GB HBM3, 65629, 15451, 100, 667.35
2026/06/12 13:16:52.097, 0, NVIDIA H100 80GB HBM3, 65659, 15421, 100, 689.01
2026/06/12 13:16:52.105, 1, NVIDIA H100 80GB HBM3, 65629, 15451, 100, 689.49
2026/06/12 13:17:02.143, 0, NVIDIA H100 80GB HBM3, 65659, 15421, 100, 685.92
2026/06/12 13:17:02.150, 1, NVIDIA H100 80GB HBM3, 65629, 15451, 100, 666.73
2026/06/12 13:17:12.187, 0, NVIDIA H100 80GB HBM3, 65659, 15421, 100, 677.03
2026/06/12 13:17:12.195, 1, NVIDIA H100 80GB HBM3, 65629, 15451, 100, 682.81
2026/06/12 13:17:22.232, 0, NVIDIA H100 80GB HBM3, 65659, 15421, 100, 680.63
2026/06/12 13:17:22.239, 1, NVIDIA H100 80GB HBM3, 65629, 15451, 100, 660.38
2026/06/12 13:17:32.276, 0, NVIDIA H100 80GB HBM3, 65659, 15421, 100, 682.33
2026/06/12 13:17:32.284, 1, NVIDIA H100 80GB HBM3, 65629, 15451, 100, 675.83
2026/06/12 13:17:42.321, 0, NVIDIA H100 80GB HBM3, 65659, 15421, 100, 680.32
2026/06/12 13:17:42.329, 1, NVIDIA H100 80GB HBM3, 65629, 15451, 100, 675.12
2026/06/12 13:17:52.367, 0, NVIDIA H100 80GB HBM3, 65659, 15421, 100, 680.39
2026/06/12 13:17:52.374, 1, NVIDIA H100 80GB HBM3, 65629, 15451, 100, 670.86
2026/06/12 13:18:02.411, 0, NVIDIA H100 80GB HBM3, 65659, 15421, 86, 673.89
2026/06/12 13:18:02.419, 1, NVIDIA H100 80GB HBM3, 65629, 15451, 85, 673.61
2026/06/12 13:18:12.456, 0, NVIDIA H100 80GB HBM3, 65659, 15421, 100, 693.01
2026/06/12 13:18:12.464, 1, NVIDIA H100 80GB HBM3, 65629, 15451, 100, 662.82
2026/06/12 13:18:22.499, 0, NVIDIA H100 80GB HBM3, 65659, 15421, 100, 689.04
2026/06/12 13:18:22.508, 1, NVIDIA H100 80GB HBM3, 65629, 15451, 100, 688.08
2026/06/12 13:18:32.543, 0, NVIDIA H100 80GB HBM3, 65659, 15421, 100, 695.40
2026/06/12 13:18:32.550, 1, NVIDIA H100 80GB HBM3, 65629, 15451, 100, 671.06
2026/06/12 13:18:42.584, 0, NVIDIA H100 80GB HBM3, 65659, 15421, 100, 687.99
2026/06/12 13:18:42.590, 1, NVIDIA H100 80GB HBM3, 65629, 15451, 100, 674.43
2026/06/12 13:18:52.627, 0, NVIDIA H100 80GB HBM3, 65659, 15421, 100, 685.18
2026/06/12 13:18:52.634, 1, NVIDIA H100 80GB HBM3, 65629, 15451, 100, 662.21
2026/06/12 13:19:02.669, 0, NVIDIA H100 80GB HBM3, 65659, 15421, 100, 686.63
2026/06/12 13:19:02.676, 1, NVIDIA H100 80GB HBM3, 65629, 15451, 100, 674.19
2026/06/12 13:19:12.712, 0, NVIDIA H100 80GB HBM3, 65659, 15421, 100, 681.14
2026/06/12 13:19:12.717, 1, NVIDIA H100 80GB HBM3, 65629, 15451, 100, 671.95
2026/06/12 13:19:22.753, 0, NVIDIA H100 80GB HBM3, 65659, 15421, 100, 688.59
2026/06/12 13:19:22.759, 1, NVIDIA H100 80GB HBM3, 65629, 15451, 100, 666.06
2026/06/12 13:19:32.793, 0, NVIDIA H100 80GB HBM3, 65659, 15421, 100, 674.19
2026/06/12 13:19:32.799, 1, NVIDIA H100 80GB HBM3, 65629, 15451, 100, 665.69
2026/06/12 13:19:42.837, 0, NVIDIA H100 80GB HBM3, 65659, 15421, 100, 681.89
2026/06/12 13:19:42.844, 1, NVIDIA H100 80GB HBM3, 65629, 15451, 100, 676.92
2026/06/12 13:19:52.879, 0, NVIDIA H100 80GB HBM3, 65659, 15421, 100, 681.29
2026/06/12 13:19:52.885, 1, NVIDIA H100 80GB HBM3, 65629, 15451, 86, 683.26
2026/06/12 13:20:02.922, 0, NVIDIA H100 80GB HBM3, 65659, 15421, 100, 696.91
2026/06/12 13:20:02.928, 1, NVIDIA H100 80GB HBM3, 65629, 15451, 100, 668.79
2026/06/12 13:20:12.965, 0, NVIDIA H100 80GB HBM3, 65659, 15421, 100, 681.98
2026/06/12 13:20:12.972, 1, NVIDIA H100 80GB HBM3, 65629, 15451, 100, 682.98
2026/06/12 13:20:23.008, 0, NVIDIA H100 80GB HBM3, 65659, 15421, 100, 680.67
2026/06/12 13:20:23.014, 1, NVIDIA H100 80GB HBM3, 65629, 15451, 100, 673.77
2026/06/12 13:20:33.051, 0, NVIDIA H100 80GB HBM3, 65659, 15421, 100, 683.96
2026/06/12 13:20:33.057, 1, NVIDIA H100 80GB HBM3, 65629, 15451, 100, 682.81
2026/06/12 13:20:43.094, 0, NVIDIA H100 80GB HBM3, 65659, 15421, 100, 681.29
2026/06/12 13:20:43.100, 1, NVIDIA H100 80GB HBM3, 65629, 15451, 100, 665.86
2026/06/12 13:20:53.134, 0, NVIDIA H100 80GB HBM3, 65659, 15421, 100, 680.52
2026/06/12 13:20:53.139, 1, NVIDIA H100 80GB HBM3, 65629, 15451, 100, 682.00
2026/06/12 13:21:03.175, 0, NVIDIA H100 80GB HBM3, 65659, 15421, 100, 679.27
2026/06/12 13:21:03.180, 1, NVIDIA H100 80GB HBM3, 65629, 15451, 100, 669.83
2026/06/12 13:21:13.216, 0, NVIDIA H100 80GB HBM3, 65659, 15421, 100, 686.38
2026/06/12 13:21:13.222, 1, NVIDIA H100 80GB HBM3, 65629, 15451, 100, 675.45
2026/06/12 13:21:23.258, 0, NVIDIA H100 80GB HBM3, 65659, 15421, 100, 679.23
2026/06/12 13:21:23.266, 1, NVIDIA H100 80GB HBM3, 65629, 15451, 100, 665.76
2026/06/12 13:21:33.301, 0, NVIDIA H100 80GB HBM3, 65659, 15421, 100, 684.78
2026/06/12 13:21:33.307, 1, NVIDIA H100 80GB HBM3, 65629, 15451, 100, 677.95
2026/06/12 13:21:43.344, 0, NVIDIA H100 80GB HBM3, 65659, 15421, 86, 676.54
2026/06/12 13:21:43.350, 1, NVIDIA H100 80GB HBM3, 65629, 15451, 91, 679.47
2026/06/12 13:21:53.388, 0, NVIDIA H100 80GB HBM3, 65659, 15421, 100, 605.85
2026/06/12 13:21:53.393, 1, NVIDIA H100 80GB HBM3, 65629, 15451, 100, 575.76
2026/06/12 13:22:03.429, 0, NVIDIA H100 80GB HBM3, 65659, 15421, 100, 684.12
2026/06/12 13:22:03.444, 1, NVIDIA H100 80GB HBM3, 65629, 15451, 100, 665.40
2026/06/12 13:22:13.481, 0, NVIDIA H100 80GB HBM3, 65659, 15421, 100, 685.12
2026/06/12 13:22:13.487, 1, NVIDIA H100 80GB HBM3, 65629, 15451, 100, 665.47
2026/06/12 13:22:23.524, 0, NVIDIA H100 80GB HBM3, 65659, 15421, 100, 684.38
2026/06/12 13:22:23.532, 1, NVIDIA H100 80GB HBM3, 65629, 15451, 100, 667.29
2026/06/12 13:22:33.567, 0, NVIDIA H100 80GB HBM3, 65659, 15421, 100, 682.27
2026/06/12 13:22:33.574, 1, NVIDIA H100 80GB HBM3, 65629, 15451, 100, 679.56
2026/06/12 13:22:43.613, 0, NVIDIA H100 80GB HBM3, 65659, 15421, 100, 684.26
2026/06/12 13:22:43.618, 1, NVIDIA H100 80GB HBM3, 65629, 15451, 100, 672.17
2026/06/12 13:22:53.654, 0, NVIDIA H100 80GB HBM3, 65659, 15421, 86, 674.19
2026/06/12 13:22:53.660, 1, NVIDIA H100 80GB HBM3, 65629, 15451, 86, 671.74
2026/06/12 13:23:03.695, 0, NVIDIA H100 80GB HBM3, 65659, 15421, 100, 693.36
2026/06/12 13:23:03.701, 1, NVIDIA H100 80GB HBM3, 65629, 15451, 100, 673.94
2026/06/12 13:23:13.734, 0, NVIDIA H100 80GB HBM3, 65659, 15421, 100, 681.13
2026/06/12 13:23:13.739, 1, NVIDIA H100 80GB HBM3, 65629, 15451, 100, 676.92
2026/06/12 13:23:23.775, 0, NVIDIA H100 80GB HBM3, 65659, 15421, 100, 699.37
2026/06/12 13:23:23.782, 1, NVIDIA H100 80GB HBM3, 65629, 15451, 100, 679.14
2026/06/12 13:23:33.816, 0, NVIDIA H100 80GB HBM3, 65659, 15421, 100, 686.88
2026/06/12 13:23:33.821, 1, NVIDIA H100 80GB HBM3, 65629, 15451, 100, 695.44
2026/06/12 13:23:43.858, 0, NVIDIA H100 80GB HBM3, 65659, 15421, 100, 690.17
2026/06/12 13:23:43.864, 1, NVIDIA H100 80GB HBM3, 65629, 15451, 100, 662.03
2026/06/12 13:23:53.897, 0, NVIDIA H100 80GB HBM3, 65659, 15421, 100, 682.43
2026/06/12 13:23:53.903, 1, NVIDIA H100 80GB HBM3, 65629, 15451, 100, 681.59
2026/06/12 13:24:03.939, 0, NVIDIA H100 80GB HBM3, 65659, 15421, 100, 690.40
2026/06/12 13:24:03.947, 1, NVIDIA H100 80GB HBM3, 65629, 15451, 100, 679.28
2026/06/12 13:24:13.982, 0, NVIDIA H100 80GB HBM3, 65659, 15421, 100, 684.55
2026/06/12 13:24:13.989, 1, NVIDIA H100 80GB HBM3, 65629, 15451, 100, 672.86
2026/06/12 13:24:24.026, 0, NVIDIA H100 80GB HBM3, 65659, 15421, 100, 676.68
2026/06/12 13:24:24.032, 1, NVIDIA H100 80GB HBM3, 65629, 15451, 100, 668.77
2026/06/12 13:24:34.068, 0, NVIDIA H100 80GB HBM3, 65659, 15421, 100, 688.83
2026/06/12 13:24:34.078, 1, NVIDIA H100 80GB HBM3, 65629, 15451, 100, 680.11
2026/06/12 13:24:44.114, 0, NVIDIA H100 80GB HBM3, 65659, 15421, 100, 675.56
2026/06/12 13:24:44.122, 1, NVIDIA H100 80GB HBM3, 65629, 15451, 100, 687.54
2026/06/12 13:24:54.159, 0, NVIDIA H100 80GB HBM3, 65659, 15421, 100, 692.32
2026/06/12 13:24:54.166, 1, NVIDIA H100 80GB HBM3, 65629, 15451, 100, 668.86
2026/06/12 13:25:04.212, 0, NVIDIA H100 80GB HBM3, 65659, 15421, 100, 672.05
2026/06/12 13:25:04.219, 1, NVIDIA H100 80GB HBM3, 65629, 15451, 100, 682.93
2026/06/12 13:25:14.254, 0, NVIDIA H100 80GB HBM3, 65659, 15421, 100, 693.16
2026/06/12 13:25:14.262, 1, NVIDIA H100 80GB HBM3, 65629, 15451, 100, 675.10
2026/06/12 13:25:24.300, 0, NVIDIA H100 80GB HBM3, 65659, 15421, 100, 690.01
2026/06/12 13:25:24.307, 1, NVIDIA H100 80GB HBM3, 65629, 15451, 100, 686.80
2026/06/12 13:25:34.344, 0, NVIDIA H100 80GB HBM3, 65659, 15421, 100, 688.00
2026/06/12 13:25:34.351, 1, NVIDIA H100 80GB HBM3, 65629, 15451, 100, 666.12
2026/06/12 13:25:44.391, 0, NVIDIA H100 80GB HBM3, 65659, 15421, 100, 681.66
2026/06/12 13:25:44.398, 1, NVIDIA H100 80GB HBM3, 65629, 15451, 100, 670.26
2026/06/12 13:25:54.434, 0, NVIDIA H100 80GB HBM3, 65659, 15421, 100, 688.08
2026/06/12 13:25:54.441, 1, NVIDIA H100 80GB HBM3, 65629, 15451, 100, 670.61
2026/06/12 13:26:04.478, 0, NVIDIA H100 80GB HBM3, 65659, 15421, 100, 682.77
2026/06/12 13:26:04.486, 1, NVIDIA H100 80GB HBM3, 65629, 15451, 100, 667.96
2026/06/12 13:26:14.524, 0, NVIDIA H100 80GB HBM3, 65659, 15421, 100, 679.36
2026/06/12 13:26:14.531, 1, NVIDIA H100 80GB HBM3, 65629, 15451, 100, 664.18
2026/06/12 13:26:24.568, 0, NVIDIA H100 80GB HBM3, 65659, 15421, 100, 685.51
2026/06/12 13:26:24.576, 1, NVIDIA H100 80GB HBM3, 65629, 15451, 100, 669.54
2026/06/12 13:26:34.611, 0, NVIDIA H100 80GB HBM3, 65659, 15421, 100, 679.40
2026/06/12 13:26:34.618, 1, NVIDIA H100 80GB HBM3, 65629, 15451, 100, 656.44
2026/06/12 13:26:44.655, 0, NVIDIA H100 80GB HBM3, 65659, 15421, 100, 681.08
2026/06/12 13:26:44.662, 1, NVIDIA H100 80GB HBM3, 65629, 15451, 100, 670.09
2026/06/12 13:26:54.697, 0, NVIDIA H100 80GB HBM3, 65659, 15421, 92, 681.80
2026/06/12 13:26:54.703, 1, NVIDIA H100 80GB HBM3, 65629, 15451, 87, 663.83
2026/06/12 13:27:04.739, 0, NVIDIA H100 80GB HBM3, 65659, 15421, 100, 685.80
2026/06/12 13:27:04.748, 1, NVIDIA H100 80GB HBM3, 65629, 15451, 100, 671.81
2026/06/12 13:27:14.783, 0, NVIDIA H100 80GB HBM3, 65659, 15421, 100, 686.59
2026/06/12 13:27:14.789, 1, NVIDIA H100 80GB HBM3, 65629, 15451, 97, 689.16
2026/06/12 13:27:24.824, 0, NVIDIA H100 80GB HBM3, 65659, 15421, 100, 691.19
2026/06/12 13:27:24.830, 1, NVIDIA H100 80GB HBM3, 65629, 15451, 100, 670.31
2026/06/12 13:27:34.866, 0, NVIDIA H100 80GB HBM3, 65659, 15421, 100, 692.17
2026/06/12 13:27:34.872, 1, NVIDIA H100 80GB HBM3, 65629, 15451, 100, 681.93
2026/06/12 13:27:44.912, 0, NVIDIA H100 80GB HBM3, 65659, 15421, 100, 688.97
2026/06/12 13:27:44.918, 1, NVIDIA H100 80GB HBM3, 65629, 15451, 100, 669.95
2026/06/12 13:27:54.952, 0, NVIDIA H100 80GB HBM3, 65659, 15421, 100, 680.45
2026/06/12 13:27:54.957, 1, NVIDIA H100 80GB HBM3, 65629, 15451, 100, 675.97
2026/06/12 13:28:04.993, 0, NVIDIA H100 80GB HBM3, 65659, 15421, 100, 692.34
2026/06/12 13:28:04.999, 1, NVIDIA H100 80GB HBM3, 65629, 15451, 100, 681.54
2026/06/12 13:28:15.033, 0, NVIDIA H100 80GB HBM3, 65659, 15421, 100, 679.42
2026/06/12 13:28:15.038, 1, NVIDIA H100 80GB HBM3, 65629, 15451, 100, 675.58
2026/06/12 13:28:25.074, 0, NVIDIA H100 80GB HBM3, 65659, 15421, 100, 674.38
2026/06/12 13:28:25.081, 1, NVIDIA H100 80GB HBM3, 65629, 15451, 100, 667.38
2026/06/12 13:28:35.116, 0, NVIDIA H100 80GB HBM3, 65659, 15421, 100, 689.21
2026/06/12 13:28:35.123, 1, NVIDIA H100 80GB HBM3, 65629, 15451, 100, 660.52
2026/06/12 13:28:45.157, 0, NVIDIA H100 80GB HBM3, 65659, 15421, 100, 685.88
2026/06/12 13:28:45.164, 1, NVIDIA H100 80GB HBM3, 65629, 15451, 100, 671.89
2026/06/12 13:28:55.200, 0, NVIDIA H100 80GB HBM3, 65659, 15421, 100, 668.61
2026/06/12 13:28:55.206, 1, NVIDIA H100 80GB HBM3, 65629, 15451, 100, 675.19
2026/06/12 13:29:05.242, 0, NVIDIA H100 80GB HBM3, 65659, 15421, 100, 690.62
2026/06/12 13:29:05.249, 1, NVIDIA H100 80GB HBM3, 65629, 15451, 100, 669.74
2026/06/12 13:29:15.283, 0, NVIDIA H100 80GB HBM3, 65659, 15421, 75, 674.97
2026/06/12 13:29:15.290, 1, NVIDIA H100 80GB HBM3, 65629, 15451, 100, 669.77
2026/06/12 13:29:25.327, 0, NVIDIA H100 80GB HBM3, 65659, 15421, 100, 689.25
2026/06/12 13:29:25.346, 1, NVIDIA H100 80GB HBM3, 65629, 15451, 100, 673.26
2026/06/12 13:29:35.382, 0, NVIDIA H100 80GB HBM3, 65659, 15421, 100, 692.74
2026/06/12 13:29:35.391, 1, NVIDIA H100 80GB HBM3, 65629, 15451, 100, 689.72
2026/06/12 13:29:45.425, 0, NVIDIA H100 80GB HBM3, 65659, 15421, 100, 686.30
2026/06/12 13:29:45.431, 1, NVIDIA H100 80GB HBM3, 65629, 15451, 100, 668.16
2026/06/12 13:29:55.468, 0, NVIDIA H100 80GB HBM3, 65659, 15421, 100, 688.32
2026/06/12 13:29:55.475, 1, NVIDIA H100 80GB HBM3, 65629, 15451, 100, 670.29
2026/06/12 13:30:05.511, 0, NVIDIA H100 80GB HBM3, 65659, 15421, 100, 686.28
2026/06/12 13:30:05.518, 1, NVIDIA H100 80GB HBM3, 65629, 15451, 100, 673.50
2026/06/12 13:30:15.552, 0, NVIDIA H100 80GB HBM3, 65659, 15421, 100, 682.18
2026/06/12 13:30:15.558, 1, NVIDIA H100 80GB HBM3, 65629, 15451, 100, 675.42
2026/06/12 13:30:25.594, 0, NVIDIA H100 80GB HBM3, 65659, 15421, 100, 685.33
2026/06/12 13:30:25.602, 1, NVIDIA H100 80GB HBM3, 65629, 15451, 100, 667.34
2026/06/12 13:30:35.638, 0, NVIDIA H100 80GB HBM3, 65659, 15421, 100, 690.08
2026/06/12 13:30:35.645, 1, NVIDIA H100 80GB HBM3, 65629, 15451, 100, 676.82
2026/06/12 13:30:45.679, 0, NVIDIA H100 80GB HBM3, 65659, 15421, 100, 680.41
2026/06/12 13:30:45.685, 1, NVIDIA H100 80GB HBM3, 65629, 15451, 100, 668.23
2026/06/12 13:30:55.721, 0, NVIDIA H100 80GB HBM3, 65659, 15421, 100, 683.44
2026/06/12 13:30:55.727, 1, NVIDIA H100 80GB HBM3, 65629, 15451, 100, 670.15
2026/06/12 13:31:05.763, 0, NVIDIA H100 80GB HBM3, 65659, 15421, 100, 677.09
2026/06/12 13:31:05.769, 1, NVIDIA H100 80GB HBM3, 65629, 15451, 87, 663.12
2026/06/12 13:31:15.816, 0, NVIDIA H100 80GB HBM3, 65659, 15421, 100, 688.87
2026/06/12 13:31:15.822, 1, NVIDIA H100 80GB HBM3, 65629, 15451, 100, 675.57
2026/06/12 13:31:25.857, 0, NVIDIA H100 80GB HBM3, 65659, 15421, 100, 673.47
2026/06/12 13:31:25.863, 1, NVIDIA H100 80GB HBM3, 65629, 15451, 100, 671.33
2026/06/12 13:31:35.898, 0, NVIDIA H100 80GB HBM3, 65659, 15421, 100, 691.62
2026/06/12 13:31:35.903, 1, NVIDIA H100 80GB HBM3, 65629, 15451, 100, 678.59
2026/06/12 13:31:45.938, 0, NVIDIA H100 80GB HBM3, 65659, 15421, 100, 690.06
2026/06/12 13:31:45.947, 1, NVIDIA H100 80GB HBM3, 65629, 15451, 100, 679.76
2026/06/12 13:31:55.983, 0, NVIDIA H100 80GB HBM3, 65659, 15421, 100, 688.38
2026/06/12 13:31:55.988, 1, NVIDIA H100 80GB HBM3, 65629, 15451, 100, 662.05
2026/06/12 13:32:06.023, 0, NVIDIA H100 80GB HBM3, 65659, 15421, 100, 680.86
2026/06/12 13:32:06.029, 1, NVIDIA H100 80GB HBM3, 65629, 15451, 100, 679.25
2026/06/12 13:32:16.066, 0, NVIDIA H100 80GB HBM3, 65659, 15421, 100, 679.89
2026/06/12 13:32:16.072, 1, NVIDIA H100 80GB HBM3, 65629, 15451, 100, 658.52
2026/06/12 13:32:26.109, 0, NVIDIA H100 80GB HBM3, 65659, 15421, 100, 684.00
2026/06/12 13:32:26.116, 1, NVIDIA H100 80GB HBM3, 65629, 15451, 100, 670.04
2026/06/12 13:32:36.155, 0, NVIDIA H100 80GB HBM3, 65659, 15421, 100, 674.71
2026/06/12 13:32:36.161, 1, NVIDIA H100 80GB HBM3, 65629, 15451, 100, 671.74
2026/06/12 13:32:46.198, 0, NVIDIA H100 80GB HBM3, 65659, 15421, 100, 683.54
2026/06/12 13:32:46.204, 1, NVIDIA H100 80GB HBM3, 65629, 15451, 100, 676.46
2026/06/12 13:32:56.240, 0, NVIDIA H100 80GB HBM3, 65659, 15421, 87, 683.97
2026/06/12 13:32:56.246, 1, NVIDIA H100 80GB HBM3, 65629, 15451, 100, 675.13
2026/06/12 13:33:06.282, 0, NVIDIA H100 80GB HBM3, 65659, 15421, 100, 683.45
2026/06/12 13:33:06.288, 1, NVIDIA H100 80GB HBM3, 65629, 15451, 100, 667.66
2026/06/12 13:33:16.324, 0, NVIDIA H100 80GB HBM3, 65659, 15421, 100, 679.74
2026/06/12 13:33:16.331, 1, NVIDIA H100 80GB HBM3, 65629, 15451, 100, 668.77
2026/06/12 13:33:26.368, 0, NVIDIA H100 80GB HBM3, 65659, 15421, 100, 693.34
2026/06/12 13:33:26.375, 1, NVIDIA H100 80GB HBM3, 65629, 15451, 100, 672.52
2026/06/12 13:33:36.417, 0, NVIDIA H100 80GB HBM3, 65659, 15421, 100, 685.44
2026/06/12 13:33:36.423, 1, NVIDIA H100 80GB HBM3, 65629, 15451, 100, 681.68
2026/06/12 13:33:46.457, 0, NVIDIA H100 80GB HBM3, 65659, 15421, 100, 683.09
2026/06/12 13:33:46.463, 1, NVIDIA H100 80GB HBM3, 65629, 15451, 100, 663.66
2026/06/12 13:33:56.499, 0, NVIDIA H100 80GB HBM3, 65659, 15421, 100, 683.96
2026/06/12 13:33:56.505, 1, NVIDIA H100 80GB HBM3, 65629, 15451, 100, 683.11
2026/06/12 13:34:06.542, 0, NVIDIA H100 80GB HBM3, 65659, 15421, 100, 678.54
2026/06/12 13:34:06.549, 1, NVIDIA H100 80GB HBM3, 65629, 15451, 100, 669.22
2026/06/12 13:34:16.585, 0, NVIDIA H100 80GB HBM3, 65659, 15421, 100, 687.29
2026/06/12 13:34:16.593, 1, NVIDIA H100 80GB HBM3, 65629, 15451, 100, 672.44
2026/06/12 13:34:26.632, 0, NVIDIA H100 80GB HBM3, 65659, 15421, 100, 689.86
2026/06/12 13:34:26.638, 1, NVIDIA H100 80GB HBM3, 65629, 15451, 100, 679.60
2026/06/12 13:34:36.673, 0, NVIDIA H100 80GB HBM3, 65659, 15421, 100, 691.69
2026/06/12 13:34:36.681, 1, NVIDIA H100 80GB HBM3, 65629, 15451, 100, 674.66
2026/06/12 13:34:46.719, 0, NVIDIA H100 80GB HBM3, 65659, 15421, 100, 687.84
2026/06/12 13:34:46.725, 1, NVIDIA H100 80GB HBM3, 65629, 15451, 100, 675.23
2026/06/12 13:34:56.761, 0, NVIDIA H100 80GB HBM3, 65659, 15421, 100, 692.72
2026/06/12 13:34:56.767, 1, NVIDIA H100 80GB HBM3, 65629, 15451, 100, 675.71
2026/06/12 13:35:06.805, 0, NVIDIA H100 80GB HBM3, 65659, 15421, 86, 676.63
2026/06/12 13:35:06.812, 1, NVIDIA H100 80GB HBM3, 65629, 15451, 86, 666.75
2026/06/12 13:35:16.850, 0, NVIDIA H100 80GB HBM3, 65659, 15421, 100, 697.42
2026/06/12 13:35:16.856, 1, NVIDIA H100 80GB HBM3, 65629, 15451, 100, 671.04
2026/06/12 13:35:26.891, 0, NVIDIA H100 80GB HBM3, 65659, 15421, 100, 688.67
2026/06/12 13:35:26.898, 1, NVIDIA H100 80GB HBM3, 65629, 15451, 100, 678.09
2026/06/12 13:35:36.934, 0, NVIDIA H100 80GB HBM3, 65659, 15421, 100, 684.45
2026/06/12 13:35:36.940, 1, NVIDIA H100 80GB HBM3, 65629, 15451, 100, 663.33
2026/06/12 13:35:46.974, 0, NVIDIA H100 80GB HBM3, 65659, 15421, 100, 683.00
2026/06/12 13:35:46.981, 1, NVIDIA H100 80GB HBM3, 65629, 15451, 100, 673.93
2026/06/12 13:35:57.018, 0, NVIDIA H100 80GB HBM3, 65659, 15421, 86, 680.70
2026/06/12 13:35:57.024, 1, NVIDIA H100 80GB HBM3, 65629, 15451, 100, 673.95
2026/06/12 13:36:07.059, 0, NVIDIA H100 80GB HBM3, 65659, 15421, 100, 683.88
2026/06/12 13:36:07.065, 1, NVIDIA H100 80GB HBM3, 65629, 15451, 100, 656.37
2026/06/12 13:36:17.100, 0, NVIDIA H100 80GB HBM3, 65659, 15421, 100, 671.56
2026/06/12 13:36:17.108, 1, NVIDIA H100 80GB HBM3, 65629, 15451, 71, 664.19
2026/06/12 13:36:27.145, 0, NVIDIA H100 80GB HBM3, 65659, 15421, 100, 697.28
2026/06/12 13:36:27.152, 1, NVIDIA H100 80GB HBM3, 65629, 15451, 100, 675.66
2026/06/12 13:36:37.189, 0, NVIDIA H100 80GB HBM3, 65659, 15421, 100, 686.59
2026/06/12 13:36:37.195, 1, NVIDIA H100 80GB HBM3, 65629, 15451, 100, 680.77
2026/06/12 13:36:47.231, 0, NVIDIA H100 80GB HBM3, 65659, 15421, 100, 687.03
2026/06/12 13:36:47.236, 1, NVIDIA H100 80GB HBM3, 65629, 15451, 100, 665.91
2026/06/12 13:36:57.272, 0, NVIDIA H100 80GB HBM3, 65659, 15421, 100, 676.88
2026/06/12 13:36:57.278, 1, NVIDIA H100 80GB HBM3, 65629, 15451, 100, 681.19
2026/06/12 13:37:07.312, 0, NVIDIA H100 80GB HBM3, 65659, 15421, 100, 683.35
2026/06/12 13:37:07.318, 1, NVIDIA H100 80GB HBM3, 65629, 15451, 100, 665.03
2026/06/12 13:37:17.354, 0, NVIDIA H100 80GB HBM3, 65659, 15421, 100, 684.39
2026/06/12 13:37:17.359, 1, NVIDIA H100 80GB HBM3, 65629, 15451, 100, 672.05
2026/06/12 13:37:27.394, 0, NVIDIA H100 80GB HBM3, 65659, 15421, 100, 692.08
2026/06/12 13:37:27.401, 1, NVIDIA H100 80GB HBM3, 65629, 15451, 100, 672.53
2026/06/12 13:37:37.435, 0, NVIDIA H100 80GB HBM3, 65659, 15421, 100, 683.94
2026/06/12 13:37:37.440, 1, NVIDIA H100 80GB HBM3, 65629, 15451, 100, 665.34
2026/06/12 13:37:47.477, 0, NVIDIA H100 80GB HBM3, 65659, 15421, 86, 684.46
2026/06/12 13:37:47.483, 1, NVIDIA H100 80GB HBM3, 65629, 15451, 100, 677.08
2026/06/12 13:37:57.518, 0, NVIDIA H100 80GB HBM3, 65659, 15421, 100, 691.45
2026/06/12 13:37:57.524, 1, NVIDIA H100 80GB HBM3, 65629, 15451, 100, 680.15
2026/06/12 13:38:07.560, 0, NVIDIA H100 80GB HBM3, 65659, 15421, 100, 685.34
2026/06/12 13:38:07.565, 1, NVIDIA H100 80GB HBM3, 65629, 15451, 100, 689.98
2026/06/12 13:38:17.599, 0, NVIDIA H100 80GB HBM3, 65659, 15421, 100, 686.03
2026/06/12 13:38:17.605, 1, NVIDIA H100 80GB HBM3, 65629, 15451, 100, 672.74
2026/06/12 13:38:27.642, 0, NVIDIA H100 80GB HBM3, 65659, 15421, 100, 674.98
2026/06/12 13:38:27.649, 1, NVIDIA H100 80GB HBM3, 65629, 15451, 100, 679.41
2026/06/12 13:38:37.685, 0, NVIDIA H100 80GB HBM3, 65659, 15421, 100, 682.33
2026/06/12 13:38:37.690, 1, NVIDIA H100 80GB HBM3, 65629, 15451, 100, 663.71
2026/06/12 13:38:47.727, 0, NVIDIA H100 80GB HBM3, 65659, 15421, 100, 674.91
2026/06/12 13:38:47.734, 1, NVIDIA H100 80GB HBM3, 65629, 15451, 100, 684.80
2026/06/12 13:38:57.771, 0, NVIDIA H100 80GB HBM3, 65659, 15421, 100, 679.50
2026/06/12 13:38:57.777, 1, NVIDIA H100 80GB HBM3, 65629, 15451, 100, 659.09
2026/06/12 13:39:07.812, 0, NVIDIA H100 80GB HBM3, 65659, 15421, 100, 682.95
2026/06/12 13:39:07.820, 1, NVIDIA H100 80GB HBM3, 65629, 15451, 100, 668.86
2026/06/12 13:39:17.856, 0, NVIDIA H100 80GB HBM3, 65659, 15421, 100, 681.60
2026/06/12 13:39:17.862, 1, NVIDIA H100 80GB HBM3, 65629, 15451, 100, 668.45
2026/06/12 13:39:27.895, 0, NVIDIA H100 80GB HBM3, 65659, 15421, 100, 681.40
2026/06/12 13:39:27.901, 1, NVIDIA H100 80GB HBM3, 65629, 15451, 100, 671.46
2026/06/12 13:39:37.935, 0, NVIDIA H100 80GB HBM3, 65659, 15421, 86, 684.07
2026/06/12 13:39:37.947, 1, NVIDIA H100 80GB HBM3, 65629, 15451, 80, 680.02
2026/06/12 13:39:47.982, 0, NVIDIA H100 80GB HBM3, 65659, 15421, 100, 696.00
2026/06/12 13:39:47.988, 1, NVIDIA H100 80GB HBM3, 65629, 15451, 100, 665.79
2026/06/12 13:39:58.023, 0, NVIDIA H100 80GB HBM3, 65659, 15421, 100, 689.40
2026/06/12 13:39:58.030, 1, NVIDIA H100 80GB HBM3, 65629, 15451, 100, 689.91
2026/06/12 13:40:08.065, 0, NVIDIA H100 80GB HBM3, 65659, 15421, 100, 682.29
2026/06/12 13:40:08.073, 1, NVIDIA H100 80GB HBM3, 65629, 15451, 100, 664.39
2026/06/12 13:40:18.122, 0, NVIDIA H100 80GB HBM3, 65659, 15421, 100, 682.57
2026/06/12 13:40:18.129, 1, NVIDIA H100 80GB HBM3, 65629, 15451, 100, 693.37
2026/06/12 13:40:28.167, 0, NVIDIA H100 80GB HBM3, 65659, 15421, 100, 684.97
2026/06/12 13:40:28.176, 1, NVIDIA H100 80GB HBM3, 65629, 15451, 100, 674.18
2026/06/12 13:40:38.211, 0, NVIDIA H100 80GB HBM3, 65659, 15421, 100, 682.51
2026/06/12 13:40:38.220, 1, NVIDIA H100 80GB HBM3, 65629, 15451, 100, 679.69
2026/06/12 13:40:48.258, 0, NVIDIA H100 80GB HBM3, 65659, 15421, 100, 679.69
2026/06/12 13:40:48.265, 1, NVIDIA H100 80GB HBM3, 65629, 15451, 100, 659.17
2026/06/12 13:40:58.302, 0, NVIDIA H100 80GB HBM3, 65659, 15421, 100, 688.75
2026/06/12 13:40:58.309, 1, NVIDIA H100 80GB HBM3, 65629, 15451, 100, 670.67
2026/06/12 13:41:08.349, 0, NVIDIA H100 80GB HBM3, 65659, 15421, 100, 675.47
2026/06/12 13:41:08.358, 1, NVIDIA H100 80GB HBM3, 65629, 15451, 100, 661.37
2026/06/12 13:41:18.395, 0, NVIDIA H100 80GB HBM3, 65659, 15421, 100, 690.34
2026/06/12 13:41:18.402, 1, NVIDIA H100 80GB HBM3, 65629, 15451, 100, 683.59
2026/06/12 13:41:28.439, 0, NVIDIA H100 80GB HBM3, 65659, 15421, 71, 673.77
2026/06/12 13:41:28.446, 1, NVIDIA H100 80GB HBM3, 65629, 15451, 100, 670.51
2026/06/12 13:41:38.484, 0, NVIDIA H100 80GB HBM3, 65659, 15421, 100, 688.95
2026/06/12 13:41:38.492, 1, NVIDIA H100 80GB HBM3, 65629, 15451, 100, 675.16
2026/06/12 13:41:48.531, 0, NVIDIA H100 80GB HBM3, 65659, 15421, 100, 690.32
2026/06/12 13:41:48.538, 1, NVIDIA H100 80GB HBM3, 65629, 15451, 100, 693.00
2026/06/12 13:41:58.574, 0, NVIDIA H100 80GB HBM3, 65659, 15421, 100, 687.91
2026/06/12 13:41:58.583, 1, NVIDIA H100 80GB HBM3, 65629, 15451, 100, 661.68
2026/06/12 13:42:08.624, 0, NVIDIA H100 80GB HBM3, 65659, 15421, 100, 683.59
2026/06/12 13:42:08.632, 1, NVIDIA H100 80GB HBM3, 65629, 15451, 100, 675.16
2026/06/12 13:42:18.667, 0, NVIDIA H100 80GB HBM3, 65659, 15421, 100, 681.75
2026/06/12 13:42:18.676, 1, NVIDIA H100 80GB HBM3, 65629, 15451, 100, 670.43
2026/06/12 13:42:28.721, 0, NVIDIA H100 80GB HBM3, 65659, 15421, 100, 688.84
2026/06/12 13:42:28.729, 1, NVIDIA H100 80GB HBM3, 65629, 15451, 100, 667.86
2026/06/12 13:42:38.765, 0, NVIDIA H100 80GB HBM3, 65659, 15421, 75, 680.47
2026/06/12 13:42:38.772, 1, NVIDIA H100 80GB HBM3, 65629, 15451, 100, 670.79
2026/06/12 13:42:48.822, 0, NVIDIA H100 80GB HBM3, 65659, 15421, 100, 689.60
2026/06/12 13:42:48.830, 1, NVIDIA H100 80GB HBM3, 65629, 15451, 100, 670.28
2026/06/12 13:42:58.868, 0, NVIDIA H100 80GB HBM3, 65659, 15421, 100, 692.65
2026/06/12 13:42:58.876, 1, NVIDIA H100 80GB HBM3, 65629, 15451, 100, 688.78
2026/06/12 13:43:08.920, 0, NVIDIA H100 80GB HBM3, 65659, 15421, 100, 689.93
2026/06/12 13:43:08.928, 1, NVIDIA H100 80GB HBM3, 65629, 15451, 100, 650.03
2026/06/12 13:43:18.965, 0, NVIDIA H100 80GB HBM3, 65659, 15421, 100, 671.30
2026/06/12 13:43:18.972, 1, NVIDIA H100 80GB HBM3, 65629, 15451, 100, 675.64
2026/06/12 13:43:29.012, 0, NVIDIA H100 80GB HBM3, 65659, 15421, 100, 683.84
2026/06/12 13:43:29.020, 1, NVIDIA H100 80GB HBM3, 65629, 15451, 100, 662.77
2026/06/12 13:43:39.057, 0, NVIDIA H100 80GB HBM3, 65659, 15421, 100, 684.53
2026/06/12 13:43:39.065, 1, NVIDIA H100 80GB HBM3, 65629, 15451, 100, 680.04
2026/06/12 13:43:49.104, 0, NVIDIA H100 80GB HBM3, 65659, 15421, 100, 681.98
2026/06/12 13:43:49.112, 1, NVIDIA H100 80GB HBM3, 65629, 15451, 100, 662.76
2026/06/12 13:43:59.150, 0, NVIDIA H100 80GB HBM3, 65659, 15421, 100, 682.17
2026/06/12 13:43:59.157, 1, NVIDIA H100 80GB HBM3, 65629, 15451, 100, 675.39
2026/06/12 13:44:09.196, 0, NVIDIA H100 80GB HBM3, 65659, 15421, 100, 677.83
2026/06/12 13:44:09.203, 1, NVIDIA H100 80GB HBM3, 65629, 15451, 100, 673.78
2026/06/12 13:44:19.240, 0, NVIDIA H100 80GB HBM3, 65659, 15421, 100, 694.74
2026/06/12 13:44:19.248, 1, NVIDIA H100 80GB HBM3, 65629, 15451, 100, 671.26
2026/06/12 13:44:29.287, 0, NVIDIA H100 80GB HBM3, 65659, 15421, 100, 693.77
2026/06/12 13:44:29.294, 1, NVIDIA H100 80GB HBM3, 65629, 15451, 100, 686.23
2026/06/12 13:44:39.331, 0, NVIDIA H100 80GB HBM3, 65659, 15421, 100, 682.50
2026/06/12 13:44:39.347, 1, NVIDIA H100 80GB HBM3, 65629, 15451, 100, 674.46
2026/06/12 13:44:49.384, 0, NVIDIA H100 80GB HBM3, 65659, 15421, 100, 686.79
2026/06/12 13:44:49.392, 1, NVIDIA H100 80GB HBM3, 65629, 15451, 100, 685.45
2026/06/12 13:44:59.429, 0, NVIDIA H100 80GB HBM3, 65659, 15421, 100, 691.22
2026/06/12 13:44:59.447, 1, NVIDIA H100 80GB HBM3, 65629, 15451, 100, 669.74
2026/06/12 13:45:09.486, 0, NVIDIA H100 80GB HBM3, 65659, 15421, 100, 683.19
2026/06/12 13:45:09.493, 1, NVIDIA H100 80GB HBM3, 65629, 15451, 100, 670.76
2026/06/12 13:45:19.530, 0, NVIDIA H100 80GB HBM3, 65659, 15421, 100, 691.46
2026/06/12 13:45:19.538, 1, NVIDIA H100 80GB HBM3, 65629, 15451, 100, 669.93
2026/06/12 13:45:29.574, 0, NVIDIA H100 80GB HBM3, 65659, 15421, 100, 680.67
2026/06/12 13:45:29.583, 1, NVIDIA H100 80GB HBM3, 65629, 15451, 100, 669.58
2026/06/12 13:45:39.625, 0, NVIDIA H100 80GB HBM3, 65659, 15421, 100, 680.24
2026/06/12 13:45:39.633, 1, NVIDIA H100 80GB HBM3, 65629, 15451, 100, 667.25
2026/06/12 13:45:49.668, 0, NVIDIA H100 80GB HBM3, 65659, 15421, 100, 687.74
2026/06/12 13:45:49.676, 1, NVIDIA H100 80GB HBM3, 65629, 15451, 100, 671.50
2026/06/12 13:45:59.720, 0, NVIDIA H100 80GB HBM3, 65659, 15421, 100, 678.38
2026/06/12 13:45:59.728, 1, NVIDIA H100 80GB HBM3, 65629, 15451, 100, 667.46
2026/06/12 13:46:09.765, 0, NVIDIA H100 80GB HBM3, 65659, 15421, 100, 693.50
2026/06/12 13:46:09.774, 1, NVIDIA H100 80GB HBM3, 65629, 15451, 100, 677.80
2026/06/12 13:46:19.811, 0, NVIDIA H100 80GB HBM3, 65659, 15421, 100, 691.68
2026/06/12 13:46:19.818, 1, NVIDIA H100 80GB HBM3, 65629, 15451, 100, 693.07
2026/06/12 13:46:29.857, 0, NVIDIA H100 80GB HBM3, 65659, 15421, 100, 682.21
2026/06/12 13:46:29.864, 1, NVIDIA H100 80GB HBM3, 65629, 15451, 100, 662.30
2026/06/12 13:46:39.901, 0, NVIDIA H100 80GB HBM3, 65659, 15421, 100, 688.44
2026/06/12 13:46:39.908, 1, NVIDIA H100 80GB HBM3, 65629, 15451, 100, 683.55
2026/06/12 13:46:49.947, 0, NVIDIA H100 80GB HBM3, 65659, 15421, 100, 683.62
2026/06/12 13:46:49.956, 1, NVIDIA H100 80GB HBM3, 65629, 15451, 100, 666.74
2026/06/12 13:46:59.993, 0, NVIDIA H100 80GB HBM3, 65659, 15421, 100, 681.50
2026/06/12 13:47:00.001, 1, NVIDIA H100 80GB HBM3, 65629, 15451, 100, 672.28
2026/06/12 13:47:10.038, 0, NVIDIA H100 80GB HBM3, 65659, 15421, 100, 679.04
2026/06/12 13:47:10.047, 1, NVIDIA H100 80GB HBM3, 65629, 15451, 100, 670.04
2026/06/12 13:47:20.083, 0, NVIDIA H100 80GB HBM3, 65659, 15421, 100, 684.30
2026/06/12 13:47:20.090, 1, NVIDIA H100 80GB HBM3, 65629, 15451, 100, 677.75
2026/06/12 13:47:30.129, 0, NVIDIA H100 80GB HBM3, 65659, 15421, 86, 680.41
2026/06/12 13:47:30.148, 1, NVIDIA H100 80GB HBM3, 65629, 15451, 100, 673.06
2026/06/12 13:47:40.186, 0, NVIDIA H100 80GB HBM3, 65659, 15421, 100, 687.41
2026/06/12 13:47:40.195, 1, NVIDIA H100 80GB HBM3, 65629, 15451, 100, 669.10
2026/06/12 13:47:50.232, 0, NVIDIA H100 80GB HBM3, 65659, 15421, 69, 672.30
2026/06/12 13:47:50.239, 1, NVIDIA H100 80GB HBM3, 65629, 15451, 84, 671.84
2026/06/12 13:48:00.277, 0, NVIDIA H100 80GB HBM3, 65659, 15421, 100, 692.57
2026/06/12 13:48:00.285, 1, NVIDIA H100 80GB HBM3, 65629, 15451, 100, 673.74
2026/06/12 13:48:10.323, 0, NVIDIA H100 80GB HBM3, 65659, 15421, 100, 693.96
2026/06/12 13:48:10.329, 1, NVIDIA H100 80GB HBM3, 65629, 15451, 100, 691.62
2026/06/12 13:48:20.368, 0, NVIDIA H100 80GB HBM3, 65659, 15421, 100, 684.96
2026/06/12 13:48:20.376, 1, NVIDIA H100 80GB HBM3, 65629, 15451, 100, 668.42
2026/06/12 13:48:30.413, 0, NVIDIA H100 80GB HBM3, 65659, 15421, 100, 678.56
2026/06/12 13:48:30.420, 1, NVIDIA H100 80GB HBM3, 65629, 15451, 100, 678.45
2026/06/12 13:48:40.457, 0, NVIDIA H100 80GB HBM3, 65659, 15421, 100, 680.68
2026/06/12 13:48:40.465, 1, NVIDIA H100 80GB HBM3, 65629, 15451, 100, 664.76
2026/06/12 13:48:50.503, 0, NVIDIA H100 80GB HBM3, 65659, 15421, 100, 686.52
2026/06/12 13:48:50.511, 1, NVIDIA H100 80GB HBM3, 65629, 15451, 100, 671.83
2026/06/12 13:49:00.550, 0, NVIDIA H100 80GB HBM3, 65659, 15421, 69, 681.54
2026/06/12 13:49:00.557, 1, NVIDIA H100 80GB HBM3, 65629, 15451, 88, 670.40
2026/06/12 13:49:10.594, 0, NVIDIA H100 80GB HBM3, 65659, 15421, 100, 693.71
2026/06/12 13:49:10.601, 1, NVIDIA H100 80GB HBM3, 65629, 15451, 100, 680.31
2026/06/12 13:49:20.639, 0, NVIDIA H100 80GB HBM3, 65659, 15421, 100, 687.79
2026/06/12 13:49:20.646, 1, NVIDIA H100 80GB HBM3, 65629, 15451, 100, 692.98
2026/06/12 13:49:30.683, 0, NVIDIA H100 80GB HBM3, 65659, 15421, 100, 684.73
2026/06/12 13:49:30.691, 1, NVIDIA H100 80GB HBM3, 65629, 15451, 100, 662.87
2026/06/12 13:49:40.729, 0, NVIDIA H100 80GB HBM3, 65659, 15421, 100, 687.05
2026/06/12 13:49:40.747, 1, NVIDIA H100 80GB HBM3, 65629, 15451, 100, 671.64
2026/06/12 13:49:50.785, 0, NVIDIA H100 80GB HBM3, 65659, 15421, 100, 689.60
2026/06/12 13:49:50.794, 1, NVIDIA H100 80GB HBM3, 65629, 15451, 100, 676.78
2026/06/12 13:50:00.831, 0, NVIDIA H100 80GB HBM3, 65659, 15421, 100, 678.41
2026/06/12 13:50:00.838, 1, NVIDIA H100 80GB HBM3, 65629, 15451, 100, 667.98
2026/06/12 13:50:10.877, 0, NVIDIA H100 80GB HBM3, 65659, 15421, 100, 676.25
2026/06/12 13:50:10.885, 1, NVIDIA H100 80GB HBM3, 65629, 15451, 100, 666.63
2026/06/12 13:50:20.923, 0, NVIDIA H100 80GB HBM3, 65659, 15421, 100, 686.29
2026/06/12 13:50:20.930, 1, NVIDIA H100 80GB HBM3, 65629, 15451, 100, 678.90
2026/06/12 13:50:30.965, 0, NVIDIA H100 80GB HBM3, 65659, 15421, 84, 672.67
2026/06/12 13:50:30.973, 1, NVIDIA H100 80GB HBM3, 65629, 15451, 83, 674.36
2026/06/12 13:50:41.010, 0, NVIDIA H100 80GB HBM3, 65659, 15421, 100, 689.92
2026/06/12 13:50:41.017, 1, NVIDIA H100 80GB HBM3, 65629, 15451, 100, 663.55
2026/06/12 13:50:51.057, 0, NVIDIA H100 80GB HBM3, 65659, 15421, 100, 694.05
2026/06/12 13:50:51.065, 1, NVIDIA H100 80GB HBM3, 65629, 15451, 100, 683.72
2026/06/12 13:51:01.102, 0, NVIDIA H100 80GB HBM3, 65659, 15421, 100, 688.98
2026/06/12 13:51:01.109, 1, NVIDIA H100 80GB HBM3, 65629, 15451, 100, 672.19
2026/06/12 13:51:11.146, 0, NVIDIA H100 80GB HBM3, 65659, 15421, 100, 682.93
2026/06/12 13:51:11.153, 1, NVIDIA H100 80GB HBM3, 65629, 15451, 100, 684.35
2026/06/12 13:51:21.190, 0, NVIDIA H100 80GB HBM3, 65659, 15421, 100, 685.13
2026/06/12 13:51:21.197, 1, NVIDIA H100 80GB HBM3, 65629, 15451, 100, 670.18
2026/06/12 13:51:31.233, 0, NVIDIA H100 80GB HBM3, 65659, 15421, 100, 681.03
2026/06/12 13:51:31.248, 1, NVIDIA H100 80GB HBM3, 65629, 15451, 100, 672.17
2026/06/12 13:51:41.284, 0, NVIDIA H100 80GB HBM3, 65659, 15421, 100, 679.92
2026/06/12 13:51:41.291, 1, NVIDIA H100 80GB HBM3, 65629, 15451, 100, 665.16
2026/06/12 13:51:51.328, 0, NVIDIA H100 80GB HBM3, 65659, 15421, 100, 677.84
2026/06/12 13:51:51.348, 1, NVIDIA H100 80GB HBM3, 65629, 15451, 100, 676.46
2026/06/12 13:52:01.385, 0, NVIDIA H100 80GB HBM3, 65659, 15421, 100, 678.09
2026/06/12 13:52:01.392, 1, NVIDIA H100 80GB HBM3, 65629, 15451, 100, 665.93
2026/06/12 13:52:11.428, 0, NVIDIA H100 80GB HBM3, 65659, 15421, 100, 685.73
2026/06/12 13:52:11.436, 1, NVIDIA H100 80GB HBM3, 65629, 15451, 100, 673.35
2026/06/12 13:52:21.474, 0, NVIDIA H100 80GB HBM3, 65659, 15421, 85, 674.93
2026/06/12 13:52:21.482, 1, NVIDIA H100 80GB HBM3, 65629, 15451, 69, 674.09
2026/06/12 13:52:31.519, 0, NVIDIA H100 80GB HBM3, 65659, 15421, 100, 690.11
2026/06/12 13:52:31.527, 1, NVIDIA H100 80GB HBM3, 65629, 15451, 100, 673.04
2026/06/12 13:52:41.565, 0, NVIDIA H100 80GB HBM3, 65659, 15421, 100, 694.59
2026/06/12 13:52:41.573, 1, NVIDIA H100 80GB HBM3, 65629, 15451, 100, 690.96
2026/06/12 13:52:51.610, 0, NVIDIA H100 80GB HBM3, 65659, 15421, 100, 681.50
2026/06/12 13:52:51.617, 1, NVIDIA H100 80GB HBM3, 65629, 15451, 100, 668.52
2026/06/12 13:53:01.652, 0, NVIDIA H100 80GB HBM3, 65659, 15421, 100, 679.13
2026/06/12 13:53:01.661, 1, NVIDIA H100 80GB HBM3, 65629, 15451, 100, 684.34
2026/06/12 13:53:11.698, 0, NVIDIA H100 80GB HBM3, 65659, 15421, 100, 686.17
2026/06/12 13:53:11.705, 1, NVIDIA H100 80GB HBM3, 65629, 15451, 100, 663.69
2026/06/12 13:53:21.741, 0, NVIDIA H100 80GB HBM3, 65659, 15421, 100, 688.65
2026/06/12 13:53:21.749, 1, NVIDIA H100 80GB HBM3, 65629, 15451, 100, 677.38
2026/06/12 13:53:31.785, 0, NVIDIA H100 80GB HBM3, 65659, 15421, 100, 679.45
2026/06/12 13:53:31.793, 1, NVIDIA H100 80GB HBM3, 65629, 15451, 100, 665.99
2026/06/12 13:53:41.831, 0, NVIDIA H100 80GB HBM3, 65659, 15421, 100, 685.87
2026/06/12 13:53:41.848, 1, NVIDIA H100 80GB HBM3, 65629, 15451, 100, 663.42
2026/06/12 13:53:51.886, 0, NVIDIA H100 80GB HBM3, 65659, 15421, 97, 671.83
2026/06/12 13:53:51.893, 1, NVIDIA H100 80GB HBM3, 65629, 15451, 85, 672.80
2026/06/12 13:54:01.930, 0, NVIDIA H100 80GB HBM3, 65659, 15421, 100, 689.19
2026/06/12 13:54:01.948, 1, NVIDIA H100 80GB HBM3, 65629, 15451, 100, 668.27
2026/06/12 13:54:11.985, 0, NVIDIA H100 80GB HBM3, 65659, 15421, 100, 693.23
2026/06/12 13:54:11.992, 1, NVIDIA H100 80GB HBM3, 65629, 15451, 100, 682.73
2026/06/12 13:54:22.030, 0, NVIDIA H100 80GB HBM3, 65659, 15421, 100, 688.26
2026/06/12 13:54:22.037, 1, NVIDIA H100 80GB HBM3, 65629, 15451, 100, 665.80
2026/06/12 13:54:32.073, 0, NVIDIA H100 80GB HBM3, 65659, 15421, 100, 689.19
2026/06/12 13:54:32.080, 1, NVIDIA H100 80GB HBM3, 65629, 15451, 100, 663.59
2026/06/12 13:54:42.118, 0, NVIDIA H100 80GB HBM3, 65659, 15421, 100, 685.80
2026/06/12 13:54:42.125, 1, NVIDIA H100 80GB HBM3, 65629, 15451, 100, 664.25
2026/06/12 13:54:52.163, 0, NVIDIA H100 80GB HBM3, 65659, 15421, 100, 681.25
2026/06/12 13:54:52.171, 1, NVIDIA H100 80GB HBM3, 65629, 15451, 100, 682.34
2026/06/12 13:55:02.206, 0, NVIDIA H100 80GB HBM3, 65659, 15421, 100, 678.43
2026/06/12 13:55:02.214, 1, NVIDIA H100 80GB HBM3, 65629, 15451, 100, 666.01
2026/06/12 13:55:12.253, 0, NVIDIA H100 80GB HBM3, 65659, 15421, 100, 689.51
2026/06/12 13:55:12.260, 1, NVIDIA H100 80GB HBM3, 65629, 15451, 100, 669.79
2026/06/12 13:55:22.296, 0, NVIDIA H100 80GB HBM3, 65659, 15421, 94, 674.25
2026/06/12 13:55:22.302, 1, NVIDIA H100 80GB HBM3, 65629, 15451, 100, 678.91
2026/06/12 13:55:32.339, 0, NVIDIA H100 80GB HBM3, 65659, 15421, 100, 689.09
2026/06/12 13:55:32.345, 1, NVIDIA H100 80GB HBM3, 65629, 15451, 100, 673.07
2026/06/12 13:55:42.383, 0, NVIDIA H100 80GB HBM3, 65659, 15421, 100, 694.52
2026/06/12 13:55:42.390, 1, NVIDIA H100 80GB HBM3, 65629, 15451, 100, 676.08
2026/06/12 13:55:52.426, 0, NVIDIA H100 80GB HBM3, 65659, 15421, 100, 685.54
2026/06/12 13:55:52.432, 1, NVIDIA H100 80GB HBM3, 65629, 15451, 100, 679.77
2026/06/12 13:56:02.469, 0, NVIDIA H100 80GB HBM3, 65659, 15421, 100, 685.00
2026/06/12 13:56:02.476, 1, NVIDIA H100 80GB HBM3, 65629, 15451, 100, 666.65
2026/06/12 13:56:12.514, 0, NVIDIA H100 80GB HBM3, 65659, 15421, 100, 684.97
2026/06/12 13:56:12.522, 1, NVIDIA H100 80GB HBM3, 65629, 15451, 100, 677.88
2026/06/12 13:56:22.559, 0, NVIDIA H100 80GB HBM3, 65659, 15421, 100, 690.41
2026/06/12 13:56:22.565, 1, NVIDIA H100 80GB HBM3, 65629, 15451, 100, 671.13
2026/06/12 13:56:32.601, 0, NVIDIA H100 80GB HBM3, 65659, 15421, 100, 681.14
2026/06/12 13:56:32.610, 1, NVIDIA H100 80GB HBM3, 65629, 15451, 100, 675.97
2026/06/12 13:56:42.647, 0, NVIDIA H100 80GB HBM3, 65659, 15421, 100, 679.72
2026/06/12 13:56:42.653, 1, NVIDIA H100 80GB HBM3, 65629, 15451, 100, 679.93
2026/06/12 13:56:52.691, 0, NVIDIA H100 80GB HBM3, 65659, 15421, 100, 683.04
2026/06/12 13:56:52.697, 1, NVIDIA H100 80GB HBM3, 65629, 15451, 100, 667.16
2026/06/12 13:57:02.734, 0, NVIDIA H100 80GB HBM3, 65659, 15421, 100, 681.83
2026/06/12 13:57:02.749, 1, NVIDIA H100 80GB HBM3, 65629, 15451, 86, 670.39
2026/06/12 13:57:12.787, 0, NVIDIA H100 80GB HBM3, 65659, 15421, 100, 683.77
2026/06/12 13:57:12.794, 1, NVIDIA H100 80GB HBM3, 65629, 15451, 100, 668.85
2026/06/12 13:57:22.832, 0, NVIDIA H100 80GB HBM3, 65659, 15421, 91, 674.56
2026/06/12 13:57:22.848, 1, NVIDIA H100 80GB HBM3, 65629, 15451, 87, 672.53
2026/06/12 13:57:32.886, 0, NVIDIA H100 80GB HBM3, 65659, 15421, 100, 691.44
2026/06/12 13:57:32.892, 1, NVIDIA H100 80GB HBM3, 65629, 15451, 100, 684.87
2026/06/12 13:57:42.927, 0, NVIDIA H100 80GB HBM3, 65659, 15421, 100, 693.10
2026/06/12 13:57:42.935, 1, NVIDIA H100 80GB HBM3, 65629, 15451, 100, 679.45
2026/06/12 13:57:52.972, 0, NVIDIA H100 80GB HBM3, 65659, 15421, 100, 682.66
2026/06/12 13:57:52.978, 1, NVIDIA H100 80GB HBM3, 65629, 15451, 100, 668.85
2026/06/12 13:58:03.015, 0, NVIDIA H100 80GB HBM3, 65659, 15421, 100, 681.13
2026/06/12 13:58:03.022, 1, NVIDIA H100 80GB HBM3, 65629, 15451, 100, 684.06
2026/06/12 13:58:13.061, 0, NVIDIA H100 80GB HBM3, 65659, 15421, 100, 684.07
2026/06/12 13:58:13.069, 1, NVIDIA H100 80GB HBM3, 65629, 15451, 100, 666.51
2026/06/12 13:58:23.107, 0, NVIDIA H100 80GB HBM3, 65659, 15421, 100, 684.60
2026/06/12 13:58:23.114, 1, NVIDIA H100 80GB HBM3, 65629, 15451, 100, 668.62
2026/06/12 13:58:33.152, 0, NVIDIA H100 80GB HBM3, 65659, 15421, 100, 676.17
2026/06/12 13:58:33.160, 1, NVIDIA H100 80GB HBM3, 65629, 15451, 100, 682.85
2026/06/12 13:58:43.196, 0, NVIDIA H100 80GB HBM3, 65659, 15421, 100, 679.42
2026/06/12 13:58:43.202, 1, NVIDIA H100 80GB HBM3, 65629, 15451, 100, 669.85
2026/06/12 13:58:53.240, 0, NVIDIA H100 80GB HBM3, 65659, 15421, 86, 673.89
2026/06/12 13:58:53.249, 1, NVIDIA H100 80GB HBM3, 65629, 15451, 100, 671.52
2026/06/12 13:59:03.285, 0, NVIDIA H100 80GB HBM3, 65659, 15421, 100, 683.98
2026/06/12 13:59:03.291, 1, NVIDIA H100 80GB HBM3, 65629, 15451, 100, 675.96
2026/06/12 13:59:13.331, 0, NVIDIA H100 80GB HBM3, 65659, 15421, 100, 675.72
2026/06/12 13:59:13.338, 1, NVIDIA H100 80GB HBM3, 65629, 15451, 72, 673.07
2026/06/12 13:59:23.375, 0, NVIDIA H100 80GB HBM3, 65659, 15421, 100, 694.05
2026/06/12 13:59:23.382, 1, NVIDIA H100 80GB HBM3, 65629, 15451, 100, 677.29
2026/06/12 13:59:33.430, 0, NVIDIA H100 80GB HBM3, 65659, 15421, 100, 688.83
2026/06/12 13:59:33.438, 1, NVIDIA H100 80GB HBM3, 65629, 15451, 100, 686.58
2026/06/12 13:59:43.474, 0, NVIDIA H100 80GB HBM3, 65659, 15421, 100, 683.00
2026/06/12 13:59:43.480, 1, NVIDIA H100 80GB HBM3, 65629, 15451, 100, 671.65
2026/06/12 13:59:53.518, 0, NVIDIA H100 80GB HBM3, 65659, 15421, 100, 682.20
2026/06/12 13:59:53.524, 1, NVIDIA H100 80GB HBM3, 65629, 15451, 100, 674.55
2026/06/12 14:00:03.561, 0, NVIDIA H100 80GB HBM3, 65659, 15421, 100, 686.41
2026/06/12 14:00:03.567, 1, NVIDIA H100 80GB HBM3, 65629, 15451, 100, 653.52
2026/06/12 14:00:13.602, 0, NVIDIA H100 80GB HBM3, 65659, 15421, 100, 683.77
2026/06/12 14:00:13.610, 1, NVIDIA H100 80GB HBM3, 65629, 15451, 100, 664.22
2026/06/12 14:00:23.648, 0, NVIDIA H100 80GB HBM3, 65659, 15421, 100, 676.53
2026/06/12 14:00:23.655, 1, NVIDIA H100 80GB HBM3, 65629, 15451, 100, 669.51
2026/06/12 14:00:33.692, 0, NVIDIA H100 80GB HBM3, 65659, 15421, 100, 681.68
2026/06/12 14:00:33.699, 1, NVIDIA H100 80GB HBM3, 65629, 15451, 100, 660.62
2026/06/12 14:00:43.736, 0, NVIDIA H100 80GB HBM3, 65659, 15421, 100, 678.85
2026/06/12 14:00:43.741, 1, NVIDIA H100 80GB HBM3, 65629, 15451, 100, 672.73
2026/06/12 14:00:53.777, 0, NVIDIA H100 80GB HBM3, 65659, 15421, 100, 685.99
2026/06/12 14:00:53.784, 1, NVIDIA H100 80GB HBM3, 65629, 15451, 100, 678.91
2026/06/12 14:01:03.821, 0, NVIDIA H100 80GB HBM3, 65659, 15421, 74, 679.36
2026/06/12 14:01:03.828, 1, NVIDIA H100 80GB HBM3, 65629, 15451, 87, 668.91
2026/06/12 14:01:13.866, 0, NVIDIA H100 80GB HBM3, 65659, 15421, 100, 690.66
2026/06/12 14:01:13.873, 1, NVIDIA H100 80GB HBM3, 65629, 15451, 100, 673.34
2026/06/12 14:01:23.910, 0, NVIDIA H100 80GB HBM3, 65659, 15421, 100, 687.85
2026/06/12 14:01:23.916, 1, NVIDIA H100 80GB HBM3, 65629, 15451, 100, 689.83
2026/06/12 14:01:33.954, 0, NVIDIA H100 80GB HBM3, 65659, 15421, 100, 684.04
2026/06/12 14:01:33.961, 1, NVIDIA H100 80GB HBM3, 65629, 15451, 100, 661.07
2026/06/12 14:01:43.998, 0, NVIDIA H100 80GB HBM3, 65659, 15421, 100, 690.17
2026/06/12 14:01:44.004, 1, NVIDIA H100 80GB HBM3, 65629, 15451, 100, 685.42
2026/06/12 14:01:54.042, 0, NVIDIA H100 80GB HBM3, 65659, 15421, 100, 694.81
2026/06/12 14:01:54.050, 1, NVIDIA H100 80GB HBM3, 65629, 15451, 100, 665.93
2026/06/12 14:02:04.087, 0, NVIDIA H100 80GB HBM3, 65659, 15421, 100, 679.91
2026/06/12 14:02:04.094, 1, NVIDIA H100 80GB HBM3, 65629, 15451, 100, 671.25
2026/06/12 14:02:14.129, 0, NVIDIA H100 80GB HBM3, 65659, 15421, 100, 680.47
2026/06/12 14:02:14.137, 1, NVIDIA H100 80GB HBM3, 65629, 15451, 100, 664.57
2026/06/12 14:02:24.174, 0, NVIDIA H100 80GB HBM3, 65659, 15421, 100, 690.16
2026/06/12 14:02:24.181, 1, NVIDIA H100 80GB HBM3, 65629, 15451, 100, 674.25
2026/06/12 14:02:34.215, 0, NVIDIA H100 80GB HBM3, 65659, 15421, 0, 456.41
2026/06/12 14:02:34.222, 1, NVIDIA H100 80GB HBM3, 65629, 15451, 0, 438.17
2026/06/12 14:02:44.256, 0, NVIDIA H100 80GB HBM3, 65659, 15421, 100, 686.42
2026/06/12 14:02:44.263, 1, NVIDIA H100 80GB HBM3, 65629, 15451, 100, 673.06
2026/06/12 14:02:54.300, 0, NVIDIA H100 80GB HBM3, 65659, 15421, 100, 683.60
2026/06/12 14:02:54.307, 1, NVIDIA H100 80GB HBM3, 65629, 15451, 100, 674.32
2026/06/12 14:03:04.343, 0, NVIDIA H100 80GB HBM3, 65659, 15421, 100, 677.93
2026/06/12 14:03:04.349, 1, NVIDIA H100 80GB HBM3, 65629, 15451, 86, 688.77
2026/06/12 14:03:14.386, 0, NVIDIA H100 80GB HBM3, 65659, 15421, 100, 683.80
2026/06/12 14:03:14.393, 1, NVIDIA H100 80GB HBM3, 65629, 15451, 100, 669.82
2026/06/12 14:03:24.429, 0, NVIDIA H100 80GB HBM3, 65659, 15421, 86, 677.72
2026/06/12 14:03:24.436, 1, NVIDIA H100 80GB HBM3, 65629, 15451, 86, 680.57
2026/06/12 14:03:34.473, 0, NVIDIA H100 80GB HBM3, 65659, 15421, 100, 689.83
2026/06/12 14:03:34.478, 1, NVIDIA H100 80GB HBM3, 65629, 15451, 100, 671.70
2026/06/12 14:03:44.517, 0, NVIDIA H100 80GB HBM3, 65659, 15421, 100, 692.52
2026/06/12 14:03:44.524, 1, NVIDIA H100 80GB HBM3, 65629, 15451, 100, 686.33
2026/06/12 14:03:54.561, 0, NVIDIA H100 80GB HBM3, 65659, 15421, 100, 685.51
2026/06/12 14:03:54.568, 1, NVIDIA H100 80GB HBM3, 65629, 15451, 100, 669.38
2026/06/12 14:04:04.606, 0, NVIDIA H100 80GB HBM3, 65659, 15421, 100, 690.24
2026/06/12 14:04:04.613, 1, NVIDIA H100 80GB HBM3, 65629, 15451, 100, 673.37
2026/06/12 14:04:14.651, 0, NVIDIA H100 80GB HBM3, 65659, 15421, 100, 685.19
2026/06/12 14:04:14.659, 1, NVIDIA H100 80GB HBM3, 65629, 15451, 100, 671.35
2026/06/12 14:04:24.698, 0, NVIDIA H100 80GB HBM3, 65659, 15421, 100, 684.98
2026/06/12 14:04:24.706, 1, NVIDIA H100 80GB HBM3, 65629, 15451, 100, 672.16
2026/06/12 14:04:34.744, 0, NVIDIA H100 80GB HBM3, 65659, 15421, 100, 682.64
2026/06/12 14:04:34.751, 1, NVIDIA H100 80GB HBM3, 65629, 15451, 100, 673.47
2026/06/12 14:04:44.790, 0, NVIDIA H100 80GB HBM3, 65659, 15421, 100, 684.49
2026/06/12 14:04:44.796, 1, NVIDIA H100 80GB HBM3, 65629, 15451, 100, 666.00
2026/06/12 14:04:54.834, 0, NVIDIA H100 80GB HBM3, 65659, 15421, 100, 683.78
2026/06/12 14:04:54.851, 1, NVIDIA H100 80GB HBM3, 65629, 15451, 100, 666.42
2026/06/12 14:05:04.889, 0, NVIDIA H100 80GB HBM3, 65659, 15421, 100, 687.64
2026/06/12 14:05:04.895, 1, NVIDIA H100 80GB HBM3, 65629, 15451, 100, 674.25
2026/06/12 14:05:14.933, 0, NVIDIA H100 80GB HBM3, 65659, 15421, 87, 682.13
2026/06/12 14:05:14.952, 1, NVIDIA H100 80GB HBM3, 65629, 15451, 87, 676.31
2026/06/12 14:05:24.989, 0, NVIDIA H100 80GB HBM3, 65659, 15421, 100, 684.71
2026/06/12 14:05:24.995, 1, NVIDIA H100 80GB HBM3, 65629, 15451, 100, 677.79
2026/06/12 14:05:35.032, 0, NVIDIA H100 80GB HBM3, 65659, 15421, 90, 681.67
2026/06/12 14:05:35.039, 1, NVIDIA H100 80GB HBM3, 65629, 15451, 87, 685.43
2026/06/12 14:05:45.078, 0, NVIDIA H100 80GB HBM3, 65659, 15421, 100, 694.76
2026/06/12 14:05:45.085, 1, NVIDIA H100 80GB HBM3, 65629, 15451, 100, 675.28
2026/06/12 14:05:55.122, 0, NVIDIA H100 80GB HBM3, 65659, 15421, 100, 697.14
2026/06/12 14:05:55.128, 1, NVIDIA H100 80GB HBM3, 65629, 15451, 100, 680.42
2026/06/12 14:06:05.165, 0, NVIDIA H100 80GB HBM3, 65659, 15421, 100, 679.68
2026/06/12 14:06:05.173, 1, NVIDIA H100 80GB HBM3, 65629, 15451, 100, 668.05
2026/06/12 14:06:15.209, 0, NVIDIA H100 80GB HBM3, 65659, 15421, 100, 694.59
2026/06/12 14:06:15.216, 1, NVIDIA H100 80GB HBM3, 65629, 15451, 100, 686.54
2026/06/12 14:06:25.253, 0, NVIDIA H100 80GB HBM3, 65659, 15421, 100, 694.60
2026/06/12 14:06:25.260, 1, NVIDIA H100 80GB HBM3, 65629, 15451, 100, 667.47
2026/06/12 14:06:35.298, 0, NVIDIA H100 80GB HBM3, 65659, 15421, 100, 682.99
2026/06/12 14:06:35.305, 1, NVIDIA H100 80GB HBM3, 65629, 15451, 100, 665.83
2026/06/12 14:06:45.343, 0, NVIDIA H100 80GB HBM3, 65659, 15421, 100, 694.12
2026/06/12 14:06:45.349, 1, NVIDIA H100 80GB HBM3, 65629, 15451, 100, 665.13
2026/06/12 14:06:55.384, 0, NVIDIA H100 80GB HBM3, 65659, 15421, 100, 680.62
2026/06/12 14:06:55.390, 1, NVIDIA H100 80GB HBM3, 65629, 15451, 100, 676.95
2026/06/12 14:07:05.434, 0, NVIDIA H100 80GB HBM3, 65659, 15421, 100, 684.63
2026/06/12 14:07:05.440, 1, NVIDIA H100 80GB HBM3, 65629, 15451, 100, 678.58
2026/06/12 14:07:15.477, 0, NVIDIA H100 80GB HBM3, 65659, 15421, 100, 690.06
2026/06/12 14:07:15.484, 1, NVIDIA H100 80GB HBM3, 65629, 15451, 100, 675.25
2026/06/12 14:07:25.522, 0, NVIDIA H100 80GB HBM3, 65659, 15421, 100, 679.91
2026/06/12 14:07:25.529, 1, NVIDIA H100 80GB HBM3, 65629, 15451, 87, 671.06
2026/06/12 14:07:35.566, 0, NVIDIA H100 80GB HBM3, 65659, 15421, 100, 684.63
2026/06/12 14:07:35.572, 1, NVIDIA H100 80GB HBM3, 65629, 15451, 100, 675.21
2026/06/12 14:07:45.608, 0, NVIDIA H100 80GB HBM3, 65659, 15421, 74, 679.18
2026/06/12 14:07:45.614, 1, NVIDIA H100 80GB HBM3, 65629, 15451, 87, 673.74
2026/06/12 14:07:55.653, 0, NVIDIA H100 80GB HBM3, 65659, 15421, 100, 694.11
2026/06/12 14:07:55.660, 1, NVIDIA H100 80GB HBM3, 65629, 15451, 100, 668.61
2026/06/12 14:08:05.697, 0, NVIDIA H100 80GB HBM3, 65659, 15421, 100, 686.34
2026/06/12 14:08:05.703, 1, NVIDIA H100 80GB HBM3, 65629, 15451, 100, 686.82
2026/06/12 14:08:15.743, 0, NVIDIA H100 80GB HBM3, 65659, 15421, 100, 687.66
2026/06/12 14:08:15.752, 1, NVIDIA H100 80GB HBM3, 65629, 15451, 100, 674.90
2026/06/12 14:08:25.789, 0, NVIDIA H100 80GB HBM3, 65659, 15421, 100, 679.52
2026/06/12 14:08:25.796, 1, NVIDIA H100 80GB HBM3, 65629, 15451, 100, 681.89
2026/06/12 14:08:35.836, 0, NVIDIA H100 80GB HBM3, 65659, 15421, 100, 690.41
2026/06/12 14:08:35.843, 1, NVIDIA H100 80GB HBM3, 65629, 15451, 100, 667.50
2026/06/12 14:08:45.880, 0, NVIDIA H100 80GB HBM3, 65659, 15421, 100, 684.59
2026/06/12 14:08:45.887, 1, NVIDIA H100 80GB HBM3, 65629, 15451, 100, 673.09
2026/06/12 14:08:55.934, 0, NVIDIA H100 80GB HBM3, 65659, 15421, 100, 677.49
2026/06/12 14:08:55.940, 1, NVIDIA H100 80GB HBM3, 65629, 15451, 100, 669.58
2026/06/12 14:09:05.977, 0, NVIDIA H100 80GB HBM3, 65659, 15421, 100, 684.03
2026/06/12 14:09:05.984, 1, NVIDIA H100 80GB HBM3, 65629, 15451, 100, 677.78
2026/06/12 14:09:16.023, 0, NVIDIA H100 80GB HBM3, 65659, 15421, 100, 675.63
2026/06/12 14:09:16.029, 1, NVIDIA H100 80GB HBM3, 65629, 15451, 100, 675.64
2026/06/12 14:09:26.066, 0, NVIDIA H100 80GB HBM3, 65659, 15421, 100, 684.18
2026/06/12 14:09:26.073, 1, NVIDIA H100 80GB HBM3, 65629, 15451, 100, 669.96
2026/06/12 14:09:36.110, 0, NVIDIA H100 80GB HBM3, 65659, 15421, 100, 688.44
2026/06/12 14:09:36.117, 1, NVIDIA H100 80GB HBM3, 65629, 15451, 100, 670.24
2026/06/12 14:09:46.154, 0, NVIDIA H100 80GB HBM3, 65659, 15421, 100, 677.49
2026/06/12 14:09:46.161, 1, NVIDIA H100 80GB HBM3, 65629, 15451, 100, 681.28
2026/06/12 14:09:56.198, 0, NVIDIA H100 80GB HBM3, 65659, 15421, 100, 687.56
2026/06/12 14:09:56.204, 1, NVIDIA H100 80GB HBM3, 65629, 15451, 100, 675.68
2026/06/12 14:10:06.241, 0, NVIDIA H100 80GB HBM3, 65659, 15421, 100, 678.67
2026/06/12 14:10:06.252, 1, NVIDIA H100 80GB HBM3, 65629, 15451, 87, 677.09
2026/06/12 14:10:16.290, 0, NVIDIA H100 80GB HBM3, 65659, 15421, 100, 694.63
2026/06/12 14:10:16.297, 1, NVIDIA H100 80GB HBM3, 65629, 15451, 100, 672.89
2026/06/12 14:10:26.335, 0, NVIDIA H100 80GB HBM3, 65659, 15421, 100, 694.86
2026/06/12 14:10:26.353, 1, NVIDIA H100 80GB HBM3, 65629, 15451, 100, 678.07
2026/06/12 14:10:36.391, 0, NVIDIA H100 80GB HBM3, 65659, 15421, 100, 684.72
2026/06/12 14:10:36.398, 1, NVIDIA H100 80GB HBM3, 65629, 15451, 100, 668.20
2026/06/12 14:10:46.435, 0, NVIDIA H100 80GB HBM3, 65659, 15421, 100, 687.30
2026/06/12 14:10:46.442, 1, NVIDIA H100 80GB HBM3, 65629, 15451, 100, 669.69
2026/06/12 14:10:56.480, 0, NVIDIA H100 80GB HBM3, 65659, 15421, 100, 696.90
2026/06/12 14:10:56.488, 1, NVIDIA H100 80GB HBM3, 65629, 15451, 100, 674.18
2026/06/12 14:11:06.524, 0, NVIDIA H100 80GB HBM3, 65659, 15421, 100, 679.92
2026/06/12 14:11:06.530, 1, NVIDIA H100 80GB HBM3, 65629, 15451, 100, 673.21
2026/06/12 14:11:16.568, 0, NVIDIA H100 80GB HBM3, 65659, 15421, 100, 680.15
2026/06/12 14:11:16.574, 1, NVIDIA H100 80GB HBM3, 65629, 15451, 100, 664.89
2026/06/12 14:11:26.612, 0, NVIDIA H100 80GB HBM3, 65659, 15421, 100, 684.62
2026/06/12 14:11:26.618, 1, NVIDIA H100 80GB HBM3, 65629, 15451, 100, 669.17
2026/06/12 14:11:36.653, 0, NVIDIA H100 80GB HBM3, 65659, 15421, 100, 677.99
2026/06/12 14:11:36.660, 1, NVIDIA H100 80GB HBM3, 65629, 15451, 100, 663.39
2026/06/12 14:11:46.699, 0, NVIDIA H100 80GB HBM3, 65659, 15421, 100, 682.50
2026/06/12 14:11:46.705, 1, NVIDIA H100 80GB HBM3, 65629, 15451, 100, 680.58
2026/06/12 14:11:56.741, 0, NVIDIA H100 80GB HBM3, 65659, 15421, 97, 670.48
2026/06/12 14:11:56.752, 1, NVIDIA H100 80GB HBM3, 65629, 15451, 81, 664.52
2026/06/12 14:12:06.790, 0, NVIDIA H100 80GB HBM3, 65659, 15421, 100, 691.23
2026/06/12 14:12:06.796, 1, NVIDIA H100 80GB HBM3, 65629, 15451, 100, 675.06
2026/06/12 14:12:16.835, 0, NVIDIA H100 80GB HBM3, 65659, 15421, 100, 691.01
2026/06/12 14:12:16.851, 1, NVIDIA H100 80GB HBM3, 65629, 15451, 100, 683.30
2026/06/12 14:12:26.887, 0, NVIDIA H100 80GB HBM3, 65659, 15421, 100, 686.98
2026/06/12 14:12:26.894, 1, NVIDIA H100 80GB HBM3, 65629, 15451, 100, 679.57
2026/06/12 14:12:36.930, 0, NVIDIA H100 80GB HBM3, 65659, 15421, 100, 690.86
2026/06/12 14:12:36.937, 1, NVIDIA H100 80GB HBM3, 65629, 15451, 100, 681.53
2026/06/12 14:12:46.975, 0, NVIDIA H100 80GB HBM3, 65659, 15421, 100, 689.07
2026/06/12 14:12:46.981, 1, NVIDIA H100 80GB HBM3, 65629, 15451, 100, 665.50
2026/06/12 14:12:57.017, 0, NVIDIA H100 80GB HBM3, 65659, 15421, 100, 682.96
2026/06/12 14:12:57.024, 1, NVIDIA H100 80GB HBM3, 65629, 15451, 100, 664.47
2026/06/12 14:13:07.063, 0, NVIDIA H100 80GB HBM3, 65659, 15421, 100, 681.84
2026/06/12 14:13:07.070, 1, NVIDIA H100 80GB HBM3, 65629, 15451, 100, 669.02
2026/06/12 14:13:17.106, 0, NVIDIA H100 80GB HBM3, 65659, 15421, 100, 685.97
2026/06/12 14:13:17.112, 1, NVIDIA H100 80GB HBM3, 65629, 15451, 100, 672.58
2026/06/12 14:13:27.151, 0, NVIDIA H100 80GB HBM3, 65659, 15421, 100, 694.05
2026/06/12 14:13:27.159, 1, NVIDIA H100 80GB HBM3, 65629, 15451, 100, 675.02
2026/06/12 14:13:37.196, 0, NVIDIA H100 80GB HBM3, 65659, 15421, 100, 688.46
2026/06/12 14:13:37.202, 1, NVIDIA H100 80GB HBM3, 65629, 15451, 100, 672.87
2026/06/12 14:13:47.239, 0, NVIDIA H100 80GB HBM3, 65659, 15421, 88, 685.45
2026/06/12 14:13:47.252, 1, NVIDIA H100 80GB HBM3, 65629, 15451, 100, 682.90
2026/06/12 14:13:57.288, 0, NVIDIA H100 80GB HBM3, 65659, 15421, 100, 691.09
2026/06/12 14:13:57.294, 1, NVIDIA H100 80GB HBM3, 65629, 15451, 100, 673.92
2026/06/12 14:14:07.332, 0, NVIDIA H100 80GB HBM3, 65659, 15421, 100, 682.28
2026/06/12 14:14:07.351, 1, NVIDIA H100 80GB HBM3, 65629, 15451, 100, 674.29
2026/06/12 14:14:17.389, 0, NVIDIA H100 80GB HBM3, 65659, 15421, 100, 697.32
2026/06/12 14:14:17.396, 1, NVIDIA H100 80GB HBM3, 65629, 15451, 100, 675.08
2026/06/12 14:14:27.433, 0, NVIDIA H100 80GB HBM3, 65659, 15421, 100, 691.42
2026/06/12 14:14:27.451, 1, NVIDIA H100 80GB HBM3, 65629, 15451, 100, 691.84
2026/06/12 14:14:37.490, 0, NVIDIA H100 80GB HBM3, 65659, 15421, 100, 690.84
2026/06/12 14:14:37.496, 1, NVIDIA H100 80GB HBM3, 65629, 15451, 100, 668.12
2026/06/12 14:14:47.534, 0, NVIDIA H100 80GB HBM3, 65659, 15421, 100, 686.70
2026/06/12 14:14:47.552, 1, NVIDIA H100 80GB HBM3, 65629, 15451, 100, 676.65
2026/06/12 14:14:57.589, 0, NVIDIA H100 80GB HBM3, 65659, 15421, 100, 691.23
2026/06/12 14:14:57.596, 1, NVIDIA H100 80GB HBM3, 65629, 15451, 100, 667.14
2026/06/12 14:15:07.638, 0, NVIDIA H100 80GB HBM3, 65659, 15421, 100, 686.67
2026/06/12 14:15:07.645, 1, NVIDIA H100 80GB HBM3, 65629, 15451, 100, 668.64
2026/06/12 14:15:17.681, 0, NVIDIA H100 80GB HBM3, 65659, 15421, 100, 687.18
2026/06/12 14:15:17.687, 1, NVIDIA H100 80GB HBM3, 65629, 15451, 100, 662.28
2026/06/12 14:15:27.734, 0, NVIDIA H100 80GB HBM3, 65659, 15421, 100, 690.41
2026/06/12 14:15:27.741, 1, NVIDIA H100 80GB HBM3, 65629, 15451, 100, 676.28
2026/06/12 14:15:37.778, 0, NVIDIA H100 80GB HBM3, 65659, 15421, 100, 689.85
2026/06/12 14:15:37.785, 1, NVIDIA H100 80GB HBM3, 65629, 15451, 100, 656.67
2026/06/12 14:15:47.821, 0, NVIDIA H100 80GB HBM3, 65659, 15421, 100, 685.33
2026/06/12 14:15:47.828, 1, NVIDIA H100 80GB HBM3, 65629, 15451, 100, 666.88
2026/06/12 14:15:57.866, 0, NVIDIA H100 80GB HBM3, 65659, 15421, 95, 681.58
2026/06/12 14:15:57.874, 1, NVIDIA H100 80GB HBM3, 65629, 15451, 100, 674.61
2026/06/12 14:16:07.912, 0, NVIDIA H100 80GB HBM3, 65659, 15421, 51, 288.35
2026/06/12 14:16:07.920, 1, NVIDIA H100 80GB HBM3, 65629, 15451, 78, 265.80
2026/06/12 14:16:17.957, 0, NVIDIA H100 80GB HBM3, 65659, 15421, 100, 686.88
2026/06/12 14:16:17.964, 1, NVIDIA H100 80GB HBM3, 65629, 15451, 100, 675.24
2026/06/12 14:16:28.002, 0, NVIDIA H100 80GB HBM3, 65659, 15421, 86, 677.05
2026/06/12 14:16:28.010, 1, NVIDIA H100 80GB HBM3, 65629, 15451, 86, 676.49
2026/06/12 14:16:38.047, 0, NVIDIA H100 80GB HBM3, 65659, 15421, 100, 696.66
2026/06/12 14:16:38.052, 1, NVIDIA H100 80GB HBM3, 65629, 15451, 100, 669.12
2026/06/12 14:16:48.088, 0, NVIDIA H100 80GB HBM3, 65659, 15421, 100, 691.90
2026/06/12 14:16:48.095, 1, NVIDIA H100 80GB HBM3, 65629, 15451, 100, 691.34
2026/06/12 14:16:58.135, 0, NVIDIA H100 80GB HBM3, 65659, 15421, 100, 685.93
2026/06/12 14:16:58.152, 1, NVIDIA H100 80GB HBM3, 65629, 15451, 100, 661.38
2026/06/12 14:17:08.190, 0, NVIDIA H100 80GB HBM3, 65659, 15421, 100, 684.92
2026/06/12 14:17:08.196, 1, NVIDIA H100 80GB HBM3, 65629, 15451, 100, 674.05
2026/06/12 14:17:18.234, 0, NVIDIA H100 80GB HBM3, 65659, 15421, 100, 684.08
2026/06/12 14:17:18.240, 1, NVIDIA H100 80GB HBM3, 65629, 15451, 100, 663.05
2026/06/12 14:17:28.278, 0, NVIDIA H100 80GB HBM3, 65659, 15421, 100, 678.75
2026/06/12 14:17:28.285, 1, NVIDIA H100 80GB HBM3, 65629, 15451, 100, 671.69
2026/06/12 14:17:38.323, 0, NVIDIA H100 80GB HBM3, 65659, 15421, 100, 681.64
2026/06/12 14:17:38.330, 1, NVIDIA H100 80GB HBM3, 65629, 15451, 100, 670.52
2026/06/12 14:17:48.368, 0, NVIDIA H100 80GB HBM3, 65659, 15421, 100, 689.31
2026/06/12 14:17:48.376, 1, NVIDIA H100 80GB HBM3, 65629, 15451, 100, 676.75
2026/06/12 14:17:58.412, 0, NVIDIA H100 80GB HBM3, 65659, 15421, 100, 679.51
2026/06/12 14:17:58.419, 1, NVIDIA H100 80GB HBM3, 65629, 15451, 100, 675.74
2026/06/12 14:18:08.458, 0, NVIDIA H100 80GB HBM3, 65659, 15421, 100, 690.89
2026/06/12 14:18:08.465, 1, NVIDIA H100 80GB HBM3, 65629, 15451, 100, 664.55
2026/06/12 14:18:18.502, 0, NVIDIA H100 80GB HBM3, 65659, 15421, 88, 679.35
2026/06/12 14:18:18.509, 1, NVIDIA H100 80GB HBM3, 65629, 15451, 100, 666.36
2026/06/12 14:18:28.546, 0, NVIDIA H100 80GB HBM3, 65659, 15421, 100, 692.80
2026/06/12 14:18:28.553, 1, NVIDIA H100 80GB HBM3, 65629, 15451, 100, 674.00
2026/06/12 14:18:38.589, 0, NVIDIA H100 80GB HBM3, 65659, 15421, 100, 676.48
2026/06/12 14:18:38.596, 1, NVIDIA H100 80GB HBM3, 65629, 15451, 100, 682.14
2026/06/12 14:18:48.630, 0, NVIDIA H100 80GB HBM3, 65659, 15421, 100, 691.17
2026/06/12 14:18:48.636, 1, NVIDIA H100 80GB HBM3, 65629, 15451, 100, 665.28
2026/06/12 14:18:58.674, 0, NVIDIA H100 80GB HBM3, 65659, 15421, 100, 688.01
2026/06/12 14:18:58.681, 1, NVIDIA H100 80GB HBM3, 65629, 15451, 100, 686.34
2026/06/12 14:19:08.718, 0, NVIDIA H100 80GB HBM3, 65659, 15421, 100, 685.52
2026/06/12 14:19:08.728, 1, NVIDIA H100 80GB HBM3, 65629, 15451, 100, 665.52
2026/06/12 14:19:18.763, 0, NVIDIA H100 80GB HBM3, 65659, 15421, 100, 679.86
2026/06/12 14:19:18.771, 1, NVIDIA H100 80GB HBM3, 65629, 15451, 100, 670.25
2026/06/12 14:19:28.809, 0, NVIDIA H100 80GB HBM3, 65659, 15421, 100, 678.33
2026/06/12 14:19:28.817, 1, NVIDIA H100 80GB HBM3, 65629, 15451, 100, 676.24
2026/06/12 14:19:38.856, 0, NVIDIA H100 80GB HBM3, 65659, 15421, 100, 689.42
2026/06/12 14:19:38.863, 1, NVIDIA H100 80GB HBM3, 65629, 15451, 100, 674.58
2026/06/12 14:19:48.900, 0, NVIDIA H100 80GB HBM3, 65659, 15421, 100, 675.98
2026/06/12 14:19:48.908, 1, NVIDIA H100 80GB HBM3, 65629, 15451, 100, 671.58
2026/06/12 14:19:58.944, 0, NVIDIA H100 80GB HBM3, 65659, 15421, 100, 683.35
2026/06/12 14:19:58.950, 1, NVIDIA H100 80GB HBM3, 65629, 15451, 100, 674.22
2026/06/12 14:20:08.986, 0, NVIDIA H100 80GB HBM3, 65659, 15421, 87, 681.93
2026/06/12 14:20:08.995, 1, NVIDIA H100 80GB HBM3, 65629, 15451, 100, 669.62
2026/06/12 14:20:19.031, 0, NVIDIA H100 80GB HBM3, 65659, 15421, 100, 693.86
2026/06/12 14:20:19.038, 1, NVIDIA H100 80GB HBM3, 65629, 15451, 100, 668.36
2026/06/12 14:20:29.075, 0, NVIDIA H100 80GB HBM3, 65659, 15421, 100, 671.06
2026/06/12 14:20:29.084, 1, NVIDIA H100 80GB HBM3, 65629, 15451, 100, 662.44
2026/06/12 14:20:39.121, 0, NVIDIA H100 80GB HBM3, 65659, 15421, 100, 691.12
2026/06/12 14:20:39.128, 1, NVIDIA H100 80GB HBM3, 65629, 15451, 100, 679.19
2026/06/12 14:20:49.167, 0, NVIDIA H100 80GB HBM3, 65659, 15421, 100, 690.62
2026/06/12 14:20:49.174, 1, NVIDIA H100 80GB HBM3, 65629, 15451, 100, 678.26
2026/06/12 14:20:59.208, 0, NVIDIA H100 80GB HBM3, 65659, 15421, 100, 690.85
2026/06/12 14:20:59.215, 1, NVIDIA H100 80GB HBM3, 65629, 15451, 100, 676.94
2026/06/12 14:21:09.252, 0, NVIDIA H100 80GB HBM3, 65659, 15421, 100, 684.80
2026/06/12 14:21:09.259, 1, NVIDIA H100 80GB HBM3, 65629, 15451, 100, 685.69
2026/06/12 14:21:19.298, 0, NVIDIA H100 80GB HBM3, 65659, 15421, 100, 680.21
2026/06/12 14:21:19.305, 1, NVIDIA H100 80GB HBM3, 65629, 15451, 100, 662.78
2026/06/12 14:21:29.343, 0, NVIDIA H100 80GB HBM3, 65659, 15421, 100, 684.47
2026/06/12 14:21:29.351, 1, NVIDIA H100 80GB HBM3, 65629, 15451, 100, 683.68
2026/06/12 14:21:39.390, 0, NVIDIA H100 80GB HBM3, 65659, 15421, 100, 687.32
2026/06/12 14:21:39.397, 1, NVIDIA H100 80GB HBM3, 65629, 15451, 100, 671.06
2026/06/12 14:21:49.441, 0, NVIDIA H100 80GB HBM3, 65659, 15421, 100, 689.55
2026/06/12 14:21:49.447, 1, NVIDIA H100 80GB HBM3, 65629, 15451, 100, 675.92
2026/06/12 14:21:59.486, 0, NVIDIA H100 80GB HBM3, 65659, 15421, 87, 678.79
2026/06/12 14:21:59.494, 1, NVIDIA H100 80GB HBM3, 65629, 15451, 100, 676.97
2026/06/12 14:22:09.530, 0, NVIDIA H100 80GB HBM3, 65659, 15421, 100, 686.28
2026/06/12 14:22:09.536, 1, NVIDIA H100 80GB HBM3, 65629, 15451, 100, 678.38
2026/06/12 14:22:19.573, 0, NVIDIA H100 80GB HBM3, 65659, 15421, 88, 681.14
2026/06/12 14:22:19.581, 1, NVIDIA H100 80GB HBM3, 65629, 15451, 87, 674.53
2026/06/12 14:22:29.619, 0, NVIDIA H100 80GB HBM3, 65659, 15421, 100, 688.72
2026/06/12 14:22:29.626, 1, NVIDIA H100 80GB HBM3, 65629, 15451, 100, 677.20
2026/06/12 14:22:39.665, 0, NVIDIA H100 80GB HBM3, 65659, 15421, 100, 696.28
2026/06/12 14:22:39.671, 1, NVIDIA H100 80GB HBM3, 65629, 15451, 100, 687.15
2026/06/12 14:22:49.705, 0, NVIDIA H100 80GB HBM3, 65659, 15421, 100, 688.32
2026/06/12 14:22:49.711, 1, NVIDIA H100 80GB HBM3, 65629, 15451, 100, 674.64
2026/06/12 14:22:59.748, 0, NVIDIA H100 80GB HBM3, 65659, 15421, 100, 692.04
2026/06/12 14:22:59.756, 1, NVIDIA H100 80GB HBM3, 65629, 15451, 100, 670.56
2026/06/12 14:23:09.793, 0, NVIDIA H100 80GB HBM3, 65659, 15421, 100, 693.39
2026/06/12 14:23:09.799, 1, NVIDIA H100 80GB HBM3, 65629, 15451, 100, 683.17
2026/06/12 14:23:19.839, 0, NVIDIA H100 80GB HBM3, 65659, 15421, 100, 680.09
2026/06/12 14:23:19.851, 1, NVIDIA H100 80GB HBM3, 65629, 15451, 100, 669.79
2026/06/12 14:23:29.886, 0, NVIDIA H100 80GB HBM3, 65659, 15421, 100, 682.57
2026/06/12 14:23:29.893, 1, NVIDIA H100 80GB HBM3, 65629, 15451, 100, 690.32
2026/06/12 14:23:39.938, 0, NVIDIA H100 80GB HBM3, 65659, 15421, 100, 693.69
2026/06/12 14:23:39.952, 1, NVIDIA H100 80GB HBM3, 65629, 15451, 100, 671.93
2026/06/12 14:23:49.989, 0, NVIDIA H100 80GB HBM3, 65659, 15421, 100, 678.19
2026/06/12 14:23:49.998, 1, NVIDIA H100 80GB HBM3, 65629, 15451, 100, 677.44
2026/06/12 14:24:00.038, 0, NVIDIA H100 80GB HBM3, 65659, 15421, 100, 683.60
2026/06/12 14:24:00.043, 1, NVIDIA H100 80GB HBM3, 65629, 15451, 100, 665.67
2026/06/12 14:24:10.080, 0, NVIDIA H100 80GB HBM3, 65659, 15421, 100, 686.44
2026/06/12 14:24:10.087, 1, NVIDIA H100 80GB HBM3, 65629, 15451, 100, 671.19
2026/06/12 14:24:20.126, 0, NVIDIA H100 80GB HBM3, 65659, 15421, 100, 686.59
2026/06/12 14:24:20.132, 1, NVIDIA H100 80GB HBM3, 65629, 15451, 100, 667.76
2026/06/12 14:24:30.168, 0, NVIDIA H100 80GB HBM3, 65659, 15421, 100, 686.73
2026/06/12 14:24:30.174, 1, NVIDIA H100 80GB HBM3, 65629, 15451, 100, 677.75
2026/06/12 14:24:40.211, 0, NVIDIA H100 80GB HBM3, 65659, 15421, 73, 683.10
2026/06/12 14:24:40.218, 1, NVIDIA H100 80GB HBM3, 65629, 15451, 100, 684.98
2026/06/12 14:24:50.255, 0, NVIDIA H100 80GB HBM3, 65659, 15421, 100, 690.98
2026/06/12 14:24:50.263, 1, NVIDIA H100 80GB HBM3, 65629, 15451, 100, 673.68
2026/06/12 14:25:00.300, 0, NVIDIA H100 80GB HBM3, 65659, 15421, 100, 692.08
2026/06/12 14:25:00.306, 1, NVIDIA H100 80GB HBM3, 65629, 15451, 100, 697.33
2026/06/12 14:25:10.341, 0, NVIDIA H100 80GB HBM3, 65659, 15421, 100, 689.55
2026/06/12 14:25:10.348, 1, NVIDIA H100 80GB HBM3, 65629, 15451, 100, 676.87
2026/06/12 14:25:20.385, 0, NVIDIA H100 80GB HBM3, 65659, 15421, 100, 689.66
2026/06/12 14:25:20.391, 1, NVIDIA H100 80GB HBM3, 65629, 15451, 100, 690.37
2026/06/12 14:25:30.425, 0, NVIDIA H100 80GB HBM3, 65659, 15421, 100, 688.63
2026/06/12 14:25:30.431, 1, NVIDIA H100 80GB HBM3, 65629, 15451, 100, 677.13
2026/06/12 14:25:40.468, 0, NVIDIA H100 80GB HBM3, 65659, 15421, 100, 685.97
2026/06/12 14:25:40.473, 1, NVIDIA H100 80GB HBM3, 65629, 15451, 100, 669.43
2026/06/12 14:25:50.508, 0, NVIDIA H100 80GB HBM3, 65659, 15421, 100, 685.04
2026/06/12 14:25:50.513, 1, NVIDIA H100 80GB HBM3, 65629, 15451, 100, 670.52
2026/06/12 14:26:00.548, 0, NVIDIA H100 80GB HBM3, 65659, 15421, 100, 682.62
2026/06/12 14:26:00.555, 1, NVIDIA H100 80GB HBM3, 65629, 15451, 100, 673.98
2026/06/12 14:26:10.589, 0, NVIDIA H100 80GB HBM3, 65659, 15421, 100, 682.67
2026/06/12 14:26:10.594, 1, NVIDIA H100 80GB HBM3, 65629, 15451, 100, 663.50
2026/06/12 14:26:20.642, 0, NVIDIA H100 80GB HBM3, 65659, 15421, 100, 681.26
2026/06/12 14:26:20.646, 1, NVIDIA H100 80GB HBM3, 65629, 15451, 100, 671.03
2026/06/12 14:26:30.683, 0, NVIDIA H100 80GB HBM3, 65659, 15421, 98, 679.26
2026/06/12 14:26:30.689, 1, NVIDIA H100 80GB HBM3, 65629, 15451, 100, 674.26
2026/06/12 14:26:40.724, 0, NVIDIA H100 80GB HBM3, 65659, 15421, 100, 684.39
2026/06/12 14:26:40.729, 1, NVIDIA H100 80GB HBM3, 65629, 15451, 100, 668.35
2026/06/12 14:26:50.765, 0, NVIDIA H100 80GB HBM3, 65659, 15421, 87, 677.13
2026/06/12 14:26:50.772, 1, NVIDIA H100 80GB HBM3, 65629, 15451, 96, 676.13
2026/06/12 14:27:00.806, 0, NVIDIA H100 80GB HBM3, 65659, 15421, 100, 692.28
2026/06/12 14:27:00.812, 1, NVIDIA H100 80GB HBM3, 65629, 15451, 100, 673.16
2026/06/12 14:27:10.849, 0, NVIDIA H100 80GB HBM3, 65659, 15421, 100, 689.64
2026/06/12 14:27:10.854, 1, NVIDIA H100 80GB HBM3, 65629, 15451, 100, 686.15
2026/06/12 14:27:20.889, 0, NVIDIA H100 80GB HBM3, 65659, 15421, 100, 686.36
2026/06/12 14:27:20.895, 1, NVIDIA H100 80GB HBM3, 65629, 15451, 100, 671.17
2026/06/12 14:27:30.941, 0, NVIDIA H100 80GB HBM3, 65659, 15421, 100, 687.24
2026/06/12 14:27:30.947, 1, NVIDIA H100 80GB HBM3, 65629, 15451, 100, 673.57
2026/06/12 14:27:40.983, 0, NVIDIA H100 80GB HBM3, 65659, 15421, 100, 684.50
2026/06/12 14:27:40.989, 1, NVIDIA H100 80GB HBM3, 65629, 15451, 100, 672.26
2026/06/12 14:27:51.026, 0, NVIDIA H100 80GB HBM3, 65659, 15421, 100, 679.50
2026/06/12 14:27:51.032, 1, NVIDIA H100 80GB HBM3, 65629, 15451, 100, 677.56
2026/06/12 14:28:01.067, 0, NVIDIA H100 80GB HBM3, 65659, 15421, 100, 684.32
2026/06/12 14:28:01.072, 1, NVIDIA H100 80GB HBM3, 65629, 15451, 100, 670.83
2026/06/12 14:28:11.110, 0, NVIDIA H100 80GB HBM3, 65659, 15421, 100, 680.51
2026/06/12 14:28:11.117, 1, NVIDIA H100 80GB HBM3, 65629, 15451, 100, 670.45
2026/06/12 14:28:21.153, 0, NVIDIA H100 80GB HBM3, 65659, 15421, 100, 682.47
2026/06/12 14:28:21.158, 1, NVIDIA H100 80GB HBM3, 65629, 15451, 100, 669.20
2026/06/12 14:28:31.194, 0, NVIDIA H100 80GB HBM3, 65659, 15421, 100, 690.19
2026/06/12 14:28:31.202, 1, NVIDIA H100 80GB HBM3, 65629, 15451, 100, 677.73
2026/06/12 14:28:41.237, 0, NVIDIA H100 80GB HBM3, 65659, 15421, 100, 679.43
2026/06/12 14:28:41.243, 1, NVIDIA H100 80GB HBM3, 65629, 15451, 100, 672.05
2026/06/12 14:28:51.277, 0, NVIDIA H100 80GB HBM3, 65659, 15421, 100, 686.61
2026/06/12 14:28:51.284, 1, NVIDIA H100 80GB HBM3, 65629, 15451, 100, 672.69
2026/06/12 14:29:01.319, 0, NVIDIA H100 80GB HBM3, 65659, 15421, 79, 680.90
2026/06/12 14:29:01.325, 1, NVIDIA H100 80GB HBM3, 65629, 15451, 87, 681.04
2026/06/12 14:29:11.363, 0, NVIDIA H100 80GB HBM3, 65659, 15421, 100, 687.48
2026/06/12 14:29:11.369, 1, NVIDIA H100 80GB HBM3, 65629, 15451, 100, 674.47
2026/06/12 14:29:21.403, 0, NVIDIA H100 80GB HBM3, 65659, 15421, 100, 678.85
2026/06/12 14:29:21.410, 1, NVIDIA H100 80GB HBM3, 65629, 15451, 87, 678.34
2026/06/12 14:29:31.446, 0, NVIDIA H100 80GB HBM3, 65659, 15421, 100, 693.96
2026/06/12 14:29:31.454, 1, NVIDIA H100 80GB HBM3, 65629, 15451, 100, 676.24
2026/06/12 14:29:41.492, 0, NVIDIA H100 80GB HBM3, 65659, 15421, 100, 698.01
2026/06/12 14:29:41.499, 1, NVIDIA H100 80GB HBM3, 65629, 15451, 100, 671.91
2026/06/12 14:29:51.542, 0, NVIDIA H100 80GB HBM3, 65659, 15421, 100, 691.95
2026/06/12 14:29:51.554, 1, NVIDIA H100 80GB HBM3, 65629, 15451, 100, 688.72
2026/06/12 14:30:01.591, 0, NVIDIA H100 80GB HBM3, 65659, 15421, 100, 685.65
2026/06/12 14:30:01.598, 1, NVIDIA H100 80GB HBM3, 65629, 15451, 100, 667.31
2026/06/12 14:30:11.646, 0, NVIDIA H100 80GB HBM3, 65659, 15421, 100, 687.98
2026/06/12 14:30:11.654, 1, NVIDIA H100 80GB HBM3, 65629, 15451, 100, 693.27
2026/06/12 14:30:21.692, 0, NVIDIA H100 80GB HBM3, 65659, 15421, 100, 680.80
2026/06/12 14:30:21.699, 1, NVIDIA H100 80GB HBM3, 65629, 15451, 100, 664.77
2026/06/12 14:30:31.742, 0, NVIDIA H100 80GB HBM3, 65659, 15421, 100, 673.48
2026/06/12 14:30:31.753, 1, NVIDIA H100 80GB HBM3, 65629, 15451, 100, 687.09
2026/06/12 14:30:41.791, 0, NVIDIA H100 80GB HBM3, 65659, 15421, 100, 692.27
2026/06/12 14:30:41.798, 1, NVIDIA H100 80GB HBM3, 65629, 15451, 100, 674.22
2026/06/12 14:30:51.836, 0, NVIDIA H100 80GB HBM3, 65659, 15421, 100, 683.61
2026/06/12 14:30:51.841, 1, NVIDIA H100 80GB HBM3, 65629, 15451, 100, 666.56
2026/06/12 14:31:01.878, 0, NVIDIA H100 80GB HBM3, 65659, 15421, 100, 683.94
2026/06/12 14:31:01.885, 1, NVIDIA H100 80GB HBM3, 65629, 15451, 100, 669.38
2026/06/12 14:31:11.922, 0, NVIDIA H100 80GB HBM3, 65659, 15421, 100, 681.90
2026/06/12 14:31:11.928, 1, NVIDIA H100 80GB HBM3, 65629, 15451, 100, 676.61
2026/06/12 14:31:21.965, 0, NVIDIA H100 80GB HBM3, 65659, 15421, 100, 678.76
2026/06/12 14:31:21.976, 1, NVIDIA H100 80GB HBM3, 65629, 15451, 100, 690.70
2026/06/12 14:31:32.013, 0, NVIDIA H100 80GB HBM3, 65659, 15421, 100, 691.13
2026/06/12 14:31:32.019, 1, NVIDIA H100 80GB HBM3, 65629, 15451, 100, 679.50
2026/06/12 14:31:42.056, 0, NVIDIA H100 80GB HBM3, 65659, 15421, 87, 682.64
2026/06/12 14:31:42.063, 1, NVIDIA H100 80GB HBM3, 65629, 15451, 100, 671.43
2026/06/12 14:31:52.101, 0, NVIDIA H100 80GB HBM3, 65659, 15421, 100, 693.41
2026/06/12 14:31:52.108, 1, NVIDIA H100 80GB HBM3, 65629, 15451, 100, 670.11
2026/06/12 14:32:02.146, 0, NVIDIA H100 80GB HBM3, 65659, 15421, 98, 688.71
2026/06/12 14:32:02.152, 1, NVIDIA H100 80GB HBM3, 65629, 15451, 100, 682.03
2026/06/12 14:32:12.187, 0, NVIDIA H100 80GB HBM3, 65659, 15421, 100, 692.51
2026/06/12 14:32:12.193, 1, NVIDIA H100 80GB HBM3, 65629, 15451, 100, 679.65
2026/06/12 14:32:22.230, 0, NVIDIA H100 80GB HBM3, 65659, 15421, 100, 689.63
2026/06/12 14:32:22.236, 1, NVIDIA H100 80GB HBM3, 65629, 15451, 100, 672.28
2026/06/12 14:32:32.271, 0, NVIDIA H100 80GB HBM3, 65659, 15421, 100, 688.29
2026/06/12 14:32:32.277, 1, NVIDIA H100 80GB HBM3, 65629, 15451, 100, 671.64
2026/06/12 14:32:42.314, 0, NVIDIA H100 80GB HBM3, 65659, 15421, 100, 680.31
2026/06/12 14:32:42.321, 1, NVIDIA H100 80GB HBM3, 65629, 15451, 100, 676.16
2026/06/12 14:32:52.356, 0, NVIDIA H100 80GB HBM3, 65659, 15421, 100, 687.74
2026/06/12 14:32:52.362, 1, NVIDIA H100 80GB HBM3, 65629, 15451, 100, 666.02
2026/06/12 14:33:02.397, 0, NVIDIA H100 80GB HBM3, 65659, 15421, 100, 677.74
2026/06/12 14:33:02.403, 1, NVIDIA H100 80GB HBM3, 65629, 15451, 100, 664.32
2026/06/12 14:33:12.437, 0, NVIDIA H100 80GB HBM3, 65659, 15421, 100, 689.07
2026/06/12 14:33:12.443, 1, NVIDIA H100 80GB HBM3, 65629, 15451, 100, 674.83
2026/06/12 14:33:22.477, 0, NVIDIA H100 80GB HBM3, 65659, 15421, 100, 684.79
2026/06/12 14:33:22.482, 1, NVIDIA H100 80GB HBM3, 65629, 15451, 100, 673.61
2026/06/12 14:33:32.517, 0, NVIDIA H100 80GB HBM3, 65659, 15421, 87, 683.19
2026/06/12 14:33:32.523, 1, NVIDIA H100 80GB HBM3, 65629, 15451, 100, 673.49
2026/06/12 14:33:42.560, 0, NVIDIA H100 80GB HBM3, 65659, 15421, 100, 686.64
2026/06/12 14:33:42.566, 1, NVIDIA H100 80GB HBM3, 65629, 15451, 100, 665.24
2026/06/12 14:33:52.601, 0, NVIDIA H100 80GB HBM3, 65659, 15421, 87, 679.97
2026/06/12 14:33:52.609, 1, NVIDIA H100 80GB HBM3, 65629, 15451, 88, 667.93
2026/06/12 14:34:02.645, 0, NVIDIA H100 80GB HBM3, 65659, 15421, 100, 690.04
2026/06/12 14:34:02.650, 1, NVIDIA H100 80GB HBM3, 65629, 15451, 100, 675.28
2026/06/12 14:34:12.683, 0, NVIDIA H100 80GB HBM3, 65659, 15421, 100, 690.39
2026/06/12 14:34:12.688, 1, NVIDIA H100 80GB HBM3, 65629, 15451, 100, 682.14
2026/06/12 14:34:22.723, 0, NVIDIA H100 80GB HBM3, 65659, 15421, 100, 682.63
2026/06/12 14:34:22.728, 1, NVIDIA H100 80GB HBM3, 65629, 15451, 100, 663.08
2026/06/12 14:34:32.763, 0, NVIDIA H100 80GB HBM3, 65659, 15421, 100, 690.94
2026/06/12 14:34:32.768, 1, NVIDIA H100 80GB HBM3, 65629, 15451, 100, 679.94
2026/06/12 14:34:42.802, 0, NVIDIA H100 80GB HBM3, 65659, 15421, 100, 690.86
2026/06/12 14:34:42.807, 1, NVIDIA H100 80GB HBM3, 65629, 15451, 100, 678.80
2026/06/12 14:34:52.841, 0, NVIDIA H100 80GB HBM3, 65659, 15421, 100, 681.40
2026/06/12 14:34:52.852, 1, NVIDIA H100 80GB HBM3, 65629, 15451, 100, 676.72
2026/06/12 14:35:02.887, 0, NVIDIA H100 80GB HBM3, 65659, 15421, 100, 684.46
2026/06/12 14:35:02.891, 1, NVIDIA H100 80GB HBM3, 65629, 15451, 100, 670.96
2026/06/12 14:35:12.925, 0, NVIDIA H100 80GB HBM3, 65659, 15421, 100, 677.16
2026/06/12 14:35:12.931, 1, NVIDIA H100 80GB HBM3, 65629, 15451, 100, 666.78
2026/06/12 14:35:22.965, 0, NVIDIA H100 80GB HBM3, 65659, 15421, 100, 681.32
2026/06/12 14:35:22.970, 1, NVIDIA H100 80GB HBM3, 65629, 15451, 100, 666.88
2026/06/12 14:35:33.004, 0, NVIDIA H100 80GB HBM3, 65659, 15421, 100, 685.99
2026/06/12 14:35:33.011, 1, NVIDIA H100 80GB HBM3, 65629, 15451, 100, 675.53
2026/06/12 14:35:43.046, 0, NVIDIA H100 80GB HBM3, 65659, 15421, 100, 683.89
2026/06/12 14:35:43.051, 1, NVIDIA H100 80GB HBM3, 65629, 15451, 100, 668.14
2026/06/12 14:35:53.085, 0, NVIDIA H100 80GB HBM3, 65659, 15421, 100, 683.66
2026/06/12 14:35:53.091, 1, NVIDIA H100 80GB HBM3, 65629, 15451, 100, 657.03
2026/06/12 14:36:03.126, 0, NVIDIA H100 80GB HBM3, 65659, 15421, 75, 677.66
2026/06/12 14:36:03.131, 1, NVIDIA H100 80GB HBM3, 65629, 15451, 89, 675.04
2026/06/12 14:36:13.166, 0, NVIDIA H100 80GB HBM3, 65659, 15421, 100, 696.25
2026/06/12 14:36:13.171, 1, NVIDIA H100 80GB HBM3, 65629, 15451, 100, 672.01
2026/06/12 14:36:23.206, 0, NVIDIA H100 80GB HBM3, 65659, 15421, 100, 691.48
2026/06/12 14:36:23.211, 1, NVIDIA H100 80GB HBM3, 65629, 15451, 100, 691.56
2026/06/12 14:36:33.247, 0, NVIDIA H100 80GB HBM3, 65659, 15421, 100, 684.23
2026/06/12 14:36:33.253, 1, NVIDIA H100 80GB HBM3, 65629, 15451, 100, 677.18
2026/06/12 14:36:43.288, 0, NVIDIA H100 80GB HBM3, 65659, 15421, 100, 689.00
2026/06/12 14:36:43.294, 1, NVIDIA H100 80GB HBM3, 65629, 15451, 100, 667.69
2026/06/12 14:36:53.329, 0, NVIDIA H100 80GB HBM3, 65659, 15421, 100, 678.86
2026/06/12 14:36:53.336, 1, NVIDIA H100 80GB HBM3, 65629, 15451, 100, 663.66
2026/06/12 14:37:03.371, 0, NVIDIA H100 80GB HBM3, 65659, 15421, 100, 688.18
2026/06/12 14:37:03.376, 1, NVIDIA H100 80GB HBM3, 65629, 15451, 100, 668.54
2026/06/12 14:37:13.411, 0, NVIDIA H100 80GB HBM3, 65659, 15421, 87, 675.78
2026/06/12 14:37:13.417, 1, NVIDIA H100 80GB HBM3, 65629, 15451, 100, 675.39
2026/06/12 14:37:23.452, 0, NVIDIA H100 80GB HBM3, 65659, 15421, 100, 684.17
2026/06/12 14:37:23.457, 1, NVIDIA H100 80GB HBM3, 65629, 15451, 100, 679.21
2026/06/12 14:37:33.493, 0, NVIDIA H100 80GB HBM3, 65659, 15421, 100, 673.57
2026/06/12 14:37:33.499, 1, NVIDIA H100 80GB HBM3, 65629, 15451, 100, 673.06
2026/06/12 14:37:43.532, 0, NVIDIA H100 80GB HBM3, 65659, 15421, 100, 694.40
2026/06/12 14:37:43.537, 1, NVIDIA H100 80GB HBM3, 65629, 15451, 100, 676.13
2026/06/12 14:37:53.573, 0, NVIDIA H100 80GB HBM3, 65659, 15421, 100, 690.52
2026/06/12 14:37:53.579, 1, NVIDIA H100 80GB HBM3, 65629, 15451, 100, 691.51
2026/06/12 14:38:03.612, 0, NVIDIA H100 80GB HBM3, 65659, 15421, 100, 689.71
2026/06/12 14:38:03.617, 1, NVIDIA H100 80GB HBM3, 65629, 15451, 100, 669.45
2026/06/12 14:38:13.653, 0, NVIDIA H100 80GB HBM3, 65659, 15421, 100, 681.04
2026/06/12 14:38:13.659, 1, NVIDIA H100 80GB HBM3, 65629, 15451, 100, 678.21
2026/06/12 14:38:23.695, 0, NVIDIA H100 80GB HBM3, 65659, 15421, 100, 692.83
2026/06/12 14:38:23.703, 1, NVIDIA H100 80GB HBM3, 65629, 15451, 100, 677.90
2026/06/12 14:38:33.746, 0, NVIDIA H100 80GB HBM3, 65659, 15421, 100, 683.59
2026/06/12 14:38:33.753, 1, NVIDIA H100 80GB HBM3, 65629, 15451, 100, 678.57
2026/06/12 14:38:43.789, 0, NVIDIA H100 80GB HBM3, 65659, 15421, 100, 692.72
2026/06/12 14:38:43.798, 1, NVIDIA H100 80GB HBM3, 65629, 15451, 100, 683.89
2026/06/12 14:38:53.846, 0, NVIDIA H100 80GB HBM3, 65659, 15421, 100, 685.47
2026/06/12 14:38:53.850, 1, NVIDIA H100 80GB HBM3, 65629, 15451, 100, 675.77
2026/06/12 14:39:03.885, 0, NVIDIA H100 80GB HBM3, 65659, 15421, 100, 678.70
2026/06/12 14:39:03.890, 1, NVIDIA H100 80GB HBM3, 65629, 15451, 100, 680.71
2026/06/12 14:39:13.926, 0, NVIDIA H100 80GB HBM3, 65659, 15421, 100, 683.09
2026/06/12 14:39:13.931, 1, NVIDIA H100 80GB HBM3, 65629, 15451, 100, 667.69
2026/06/12 14:39:23.964, 0, NVIDIA H100 80GB HBM3, 65659, 15421, 100, 675.97
2026/06/12 14:39:23.970, 1, NVIDIA H100 80GB HBM3, 65629, 15451, 100, 672.86
2026/06/12 14:39:34.004, 0, NVIDIA H100 80GB HBM3, 65659, 15421, 100, 687.30
2026/06/12 14:39:34.009, 1, NVIDIA H100 80GB HBM3, 65629, 15451, 100, 674.45
2026/06/12 14:39:44.045, 0, NVIDIA H100 80GB HBM3, 65659, 15421, 98, 680.33
2026/06/12 14:39:44.054, 1, NVIDIA H100 80GB HBM3, 65629, 15451, 75, 673.49
2026/06/12 14:39:54.088, 0, NVIDIA H100 80GB HBM3, 65659, 15421, 100, 690.79
2026/06/12 14:39:54.094, 1, NVIDIA H100 80GB HBM3, 65629, 15451, 100, 683.67
2026/06/12 14:40:04.130, 0, NVIDIA H100 80GB HBM3, 65659, 15421, 100, 692.25
2026/06/12 14:40:04.136, 1, NVIDIA H100 80GB HBM3, 65629, 15451, 100, 689.46
2026/06/12 14:40:14.171, 0, NVIDIA H100 80GB HBM3, 65659, 15421, 100, 688.23
2026/06/12 14:40:14.177, 1, NVIDIA H100 80GB HBM3, 65629, 15451, 100, 668.06
2026/06/12 14:40:24.215, 0, NVIDIA H100 80GB HBM3, 65659, 15421, 100, 680.26
2026/06/12 14:40:24.222, 1, NVIDIA H100 80GB HBM3, 65629, 15451, 100, 671.49
2026/06/12 14:40:34.259, 0, NVIDIA H100 80GB HBM3, 65659, 15421, 100, 689.15
2026/06/12 14:40:34.268, 1, NVIDIA H100 80GB HBM3, 65629, 15451, 100, 675.63
2026/06/12 14:40:44.305, 0, NVIDIA H100 80GB HBM3, 65659, 15421, 100, 679.66
2026/06/12 14:40:44.312, 1, NVIDIA H100 80GB HBM3, 65629, 15451, 100, 683.10
2026/06/12 14:40:54.346, 0, NVIDIA H100 80GB HBM3, 65659, 15421, 100, 684.55
2026/06/12 14:40:54.355, 1, NVIDIA H100 80GB HBM3, 65629, 15451, 100, 650.37
2026/06/12 14:41:04.391, 0, NVIDIA H100 80GB HBM3, 65659, 15421, 100, 680.18
2026/06/12 14:41:04.396, 1, NVIDIA H100 80GB HBM3, 65629, 15451, 100, 667.86
2026/06/12 14:41:14.434, 0, NVIDIA H100 80GB HBM3, 65659, 15421, 100, 682.27
2026/06/12 14:41:14.443, 1, NVIDIA H100 80GB HBM3, 65629, 15451, 100, 665.70
2026/06/12 14:41:24.481, 0, NVIDIA H100 80GB HBM3, 65659, 15421, 100, 686.21
2026/06/12 14:41:24.486, 1, NVIDIA H100 80GB HBM3, 65629, 15451, 100, 664.04
2026/06/12 14:41:34.523, 0, NVIDIA H100 80GB HBM3, 65659, 15421, 87, 685.03
2026/06/12 14:41:34.528, 1, NVIDIA H100 80GB HBM3, 65629, 15451, 87, 675.54
2026/06/12 14:41:44.563, 0, NVIDIA H100 80GB HBM3, 65659, 15421, 100, 689.79
2026/06/12 14:41:44.569, 1, NVIDIA H100 80GB HBM3, 65629, 15451, 100, 674.19
2026/06/12 14:41:54.605, 0, NVIDIA H100 80GB HBM3, 65659, 15421, 93, 676.15
2026/06/12 14:41:54.610, 1, NVIDIA H100 80GB HBM3, 65629, 15451, 87, 667.47
2026/06/12 14:42:04.649, 0, NVIDIA H100 80GB HBM3, 65659, 15421, 100, 690.71
2026/06/12 14:42:04.655, 1, NVIDIA H100 80GB HBM3, 65629, 15451, 100, 664.01
2026/06/12 14:42:14.689, 0, NVIDIA H100 80GB HBM3, 65659, 15421, 100, 694.43
2026/06/12 14:42:14.695, 1, NVIDIA H100 80GB HBM3, 65629, 15451, 100, 689.34
2026/06/12 14:42:24.731, 0, NVIDIA H100 80GB HBM3, 65659, 15421, 100, 688.31
2026/06/12 14:42:24.739, 1, NVIDIA H100 80GB HBM3, 65629, 15451, 100, 672.78
2026/06/12 14:42:34.776, 0, NVIDIA H100 80GB HBM3, 65659, 15421, 100, 682.53
2026/06/12 14:42:34.781, 1, NVIDIA H100 80GB HBM3, 65629, 15451, 100, 680.95
2026/06/12 14:42:44.818, 0, NVIDIA H100 80GB HBM3, 65659, 15421, 100, 688.55
2026/06/12 14:42:44.824, 1, NVIDIA H100 80GB HBM3, 65629, 15451, 100, 666.99
2026/06/12 14:42:54.859, 0, NVIDIA H100 80GB HBM3, 65659, 15421, 100, 687.24
2026/06/12 14:42:54.866, 1, NVIDIA H100 80GB HBM3, 65629, 15451, 100, 674.16
2026/06/12 14:43:04.902, 0, NVIDIA H100 80GB HBM3, 65659, 15421, 100, 682.45
2026/06/12 14:43:04.908, 1, NVIDIA H100 80GB HBM3, 65629, 15451, 100, 666.93
2026/06/12 14:43:14.943, 0, NVIDIA H100 80GB HBM3, 65659, 15421, 100, 692.91
2026/06/12 14:43:14.948, 1, NVIDIA H100 80GB HBM3, 65629, 15451, 100, 678.01
2026/06/12 14:43:24.985, 0, NVIDIA H100 80GB HBM3, 65659, 15421, 100, 696.40
2026/06/12 14:43:24.991, 1, NVIDIA H100 80GB HBM3, 65629, 15451, 100, 680.38
2026/06/12 14:43:35.025, 0, NVIDIA H100 80GB HBM3, 65659, 15421, 100, 686.80
2026/06/12 14:43:35.030, 1, NVIDIA H100 80GB HBM3, 65629, 15451, 100, 674.65
2026/06/12 14:43:45.065, 0, NVIDIA H100 80GB HBM3, 65659, 15421, 100, 692.84
2026/06/12 14:43:45.071, 1, NVIDIA H100 80GB HBM3, 65629, 15451, 100, 665.82
2026/06/12 14:43:55.105, 0, NVIDIA H100 80GB HBM3, 65659, 15421, 100, 679.15
2026/06/12 14:43:55.112, 1, NVIDIA H100 80GB HBM3, 65629, 15451, 100, 664.55
2026/06/12 14:44:05.150, 0, NVIDIA H100 80GB HBM3, 65659, 15421, 100, 686.65
2026/06/12 14:44:05.156, 1, NVIDIA H100 80GB HBM3, 65629, 15451, 100, 678.41
2026/06/12 14:44:15.193, 0, NVIDIA H100 80GB HBM3, 65659, 15421, 100, 688.96
2026/06/12 14:44:15.200, 1, NVIDIA H100 80GB HBM3, 65629, 15451, 100, 675.78
2026/06/12 14:44:25.247, 0, NVIDIA H100 80GB HBM3, 65659, 15421, 100, 679.46
2026/06/12 14:44:25.254, 1, NVIDIA H100 80GB HBM3, 65629, 15451, 100, 677.51
2026/06/12 14:44:35.289, 0, NVIDIA H100 80GB HBM3, 65659, 15421, 100, 682.03
2026/06/12 14:44:35.296, 1, NVIDIA H100 80GB HBM3, 65629, 15451, 100, 675.83
2026/06/12 14:44:45.332, 0, NVIDIA H100 80GB HBM3, 65659, 15421, 100, 685.69
2026/06/12 14:44:45.337, 1, NVIDIA H100 80GB HBM3, 65629, 15451, 100, 673.54
2026/06/12 14:44:55.374, 0, NVIDIA H100 80GB HBM3, 65659, 15421, 100, 675.75
2026/06/12 14:44:55.380, 1, NVIDIA H100 80GB HBM3, 65629, 15451, 100, 680.44
2026/06/12 14:45:05.415, 0, NVIDIA H100 80GB HBM3, 65659, 15421, 100, 689.24
2026/06/12 14:45:05.422, 1, NVIDIA H100 80GB HBM3, 65629, 15451, 100, 677.69
2026/06/12 14:45:15.461, 0, NVIDIA H100 80GB HBM3, 65659, 15421, 75, 678.97
2026/06/12 14:45:15.466, 1, NVIDIA H100 80GB HBM3, 65629, 15451, 75, 673.22
2026/06/12 14:45:25.501, 0, NVIDIA H100 80GB HBM3, 65659, 15421, 100, 694.22
2026/06/12 14:45:25.507, 1, NVIDIA H100 80GB HBM3, 65629, 15451, 100, 672.98
2026/06/12 14:45:35.548, 0, NVIDIA H100 80GB HBM3, 65659, 15421, 100, 691.39
2026/06/12 14:45:35.557, 1, NVIDIA H100 80GB HBM3, 65629, 15451, 100, 684.71
2026/06/12 14:45:45.591, 0, NVIDIA H100 80GB HBM3, 65659, 15421, 100, 692.42
2026/06/12 14:45:45.596, 1, NVIDIA H100 80GB HBM3, 65629, 15451, 100, 668.78
2026/06/12 14:45:55.631, 0, NVIDIA H100 80GB HBM3, 65659, 15421, 100, 679.46
2026/06/12 14:45:55.638, 1, NVIDIA H100 80GB HBM3, 65629, 15451, 100, 670.99
2026/06/12 14:46:05.674, 0, NVIDIA H100 80GB HBM3, 65659, 15421, 100, 688.36
2026/06/12 14:46:05.680, 1, NVIDIA H100 80GB HBM3, 65629, 15451, 100, 667.99
2026/06/12 14:46:15.718, 0, NVIDIA H100 80GB HBM3, 65659, 15421, 100, 685.42
2026/06/12 14:46:15.726, 1, NVIDIA H100 80GB HBM3, 65629, 15451, 100, 681.88
2026/06/12 14:46:25.763, 0, NVIDIA H100 80GB HBM3, 65659, 15421, 100, 687.77
2026/06/12 14:46:25.770, 1, NVIDIA H100 80GB HBM3, 65629, 15451, 100, 671.10
2026/06/12 14:46:35.809, 0, NVIDIA H100 80GB HBM3, 65659, 15421, 100, 684.41
2026/06/12 14:46:35.816, 1, NVIDIA H100 80GB HBM3, 65629, 15451, 100, 667.62
2026/06/12 14:46:45.852, 0, NVIDIA H100 80GB HBM3, 65659, 15421, 100, 679.43
2026/06/12 14:46:45.860, 1, NVIDIA H100 80GB HBM3, 65629, 15451, 100, 662.11
2026/06/12 14:46:55.900, 0, NVIDIA H100 80GB HBM3, 65659, 15421, 100, 686.77
2026/06/12 14:46:55.907, 1, NVIDIA H100 80GB HBM3, 65629, 15451, 100, 662.99
2026/06/12 14:47:05.945, 0, NVIDIA H100 80GB HBM3, 65659, 15421, 86, 675.04
2026/06/12 14:47:05.954, 1, NVIDIA H100 80GB HBM3, 65629, 15451, 99, 677.79
2026/06/12 14:47:15.992, 0, NVIDIA H100 80GB HBM3, 65659, 15421, 100, 689.68
2026/06/12 14:47:15.999, 1, NVIDIA H100 80GB HBM3, 65629, 15451, 100, 669.08
2026/06/12 14:47:26.037, 0, NVIDIA H100 80GB HBM3, 65659, 15421, 100, 693.94
2026/06/12 14:47:26.054, 1, NVIDIA H100 80GB HBM3, 65629, 15451, 100, 692.88
2026/06/12 14:47:36.094, 0, NVIDIA H100 80GB HBM3, 65659, 15421, 100, 681.72
2026/06/12 14:47:36.102, 1, NVIDIA H100 80GB HBM3, 65629, 15451, 100, 662.61
2026/06/12 14:47:46.140, 0, NVIDIA H100 80GB HBM3, 65659, 15421, 100, 679.30
2026/06/12 14:47:46.148, 1, NVIDIA H100 80GB HBM3, 65629, 15451, 100, 665.53
2026/06/12 14:47:56.187, 0, NVIDIA H100 80GB HBM3, 65659, 15421, 100, 681.64
2026/06/12 14:47:56.194, 1, NVIDIA H100 80GB HBM3, 65629, 15451, 100, 653.92
2026/06/12 14:48:06.232, 0, NVIDIA H100 80GB HBM3, 65659, 15421, 100, 682.90
2026/06/12 14:48:06.239, 1, NVIDIA H100 80GB HBM3, 65629, 15451, 100, 671.29
2026/06/12 14:48:16.277, 0, NVIDIA H100 80GB HBM3, 65659, 15421, 100, 686.49
2026/06/12 14:48:16.285, 1, NVIDIA H100 80GB HBM3, 65629, 15451, 100, 684.86
2026/06/12 14:48:26.324, 0, NVIDIA H100 80GB HBM3, 65659, 15421, 100, 688.97
2026/06/12 14:48:26.331, 1, NVIDIA H100 80GB HBM3, 65629, 15451, 100, 687.13
2026/06/12 14:48:36.369, 0, NVIDIA H100 80GB HBM3, 65659, 15421, 100, 679.26
2026/06/12 14:48:36.377, 1, NVIDIA H100 80GB HBM3, 65629, 15451, 91, 684.26
2026/06/12 14:48:46.415, 0, NVIDIA H100 80GB HBM3, 65659, 15421, 100, 683.62
2026/06/12 14:48:46.422, 1, NVIDIA H100 80GB HBM3, 65629, 15451, 100, 673.65
2026/06/12 14:48:56.460, 0, NVIDIA H100 80GB HBM3, 65659, 15421, 100, 676.07
2026/06/12 14:48:56.466, 1, NVIDIA H100 80GB HBM3, 65629, 15451, 86, 685.13
2026/06/12 14:49:06.505, 0, NVIDIA H100 80GB HBM3, 65659, 15421, 100, 688.68
2026/06/12 14:49:06.512, 1, NVIDIA H100 80GB HBM3, 65629, 15451, 100, 678.06
2026/06/12 14:49:16.550, 0, NVIDIA H100 80GB HBM3, 65659, 15421, 100, 687.71
2026/06/12 14:49:16.557, 1, NVIDIA H100 80GB HBM3, 65629, 15451, 100, 682.28
2026/06/12 14:49:26.594, 0, NVIDIA H100 80GB HBM3, 65659, 15421, 100, 683.55
2026/06/12 14:49:26.603, 1, NVIDIA H100 80GB HBM3, 65629, 15451, 100, 665.56
2026/06/12 14:49:36.641, 0, NVIDIA H100 80GB HBM3, 65659, 15421, 100, 693.30
2026/06/12 14:49:36.653, 1, NVIDIA H100 80GB HBM3, 65629, 15451, 100, 668.97
2026/06/12 14:49:46.692, 0, NVIDIA H100 80GB HBM3, 65659, 15421, 100, 685.34
2026/06/12 14:49:46.699, 1, NVIDIA H100 80GB HBM3, 65629, 15451, 100, 663.42
2026/06/12 14:49:56.736, 0, NVIDIA H100 80GB HBM3, 65659, 15421, 100, 676.70
2026/06/12 14:49:56.754, 1, NVIDIA H100 80GB HBM3, 65629, 15451, 100, 670.52
2026/06/12 14:50:06.793, 0, NVIDIA H100 80GB HBM3, 65659, 15421, 95, 680.45
2026/06/12 14:50:06.800, 1, NVIDIA H100 80GB HBM3, 65629, 15451, 72, 680.86
2026/06/12 14:50:16.837, 0, NVIDIA H100 80GB HBM3, 65659, 15421, 100, 691.77
2026/06/12 14:50:16.854, 1, NVIDIA H100 80GB HBM3, 65629, 15451, 100, 672.14
2026/06/12 14:50:26.890, 0, NVIDIA H100 80GB HBM3, 65659, 15421, 100, 693.90
2026/06/12 14:50:26.897, 1, NVIDIA H100 80GB HBM3, 65629, 15451, 100, 691.11
2026/06/12 14:50:36.934, 0, NVIDIA H100 80GB HBM3, 65659, 15421, 100, 688.41
2026/06/12 14:50:36.942, 1, NVIDIA H100 80GB HBM3, 65629, 15451, 100, 672.93
2026/06/12 14:50:46.980, 0, NVIDIA H100 80GB HBM3, 65659, 15421, 100, 687.71
2026/06/12 14:50:46.987, 1, NVIDIA H100 80GB HBM3, 65629, 15451, 100, 676.56
2026/06/12 14:50:57.025, 0, NVIDIA H100 80GB HBM3, 65659, 15421, 100, 680.43
2026/06/12 14:50:57.032, 1, NVIDIA H100 80GB HBM3, 65629, 15451, 100, 666.39
2026/06/12 14:51:07.070, 0, NVIDIA H100 80GB HBM3, 65659, 15421, 100, 677.71
2026/06/12 14:51:07.078, 1, NVIDIA H100 80GB HBM3, 65629, 15451, 100, 664.06
2026/06/12 14:51:17.114, 0, NVIDIA H100 80GB HBM3, 65659, 15421, 100, 680.07
2026/06/12 14:51:17.120, 1, NVIDIA H100 80GB HBM3, 65629, 15451, 100, 670.05
2026/06/12 14:51:27.158, 0, NVIDIA H100 80GB HBM3, 65659, 15421, 100, 689.53
2026/06/12 14:51:27.166, 1, NVIDIA H100 80GB HBM3, 65629, 15451, 100, 667.89
2026/06/12 14:51:37.204, 0, NVIDIA H100 80GB HBM3, 65659, 15421, 100, 672.30
2026/06/12 14:51:37.212, 1, NVIDIA H100 80GB HBM3, 65629, 15451, 100, 664.41
2026/06/12 14:51:47.247, 0, NVIDIA H100 80GB HBM3, 65659, 15421, 100, 683.03
2026/06/12 14:51:47.256, 1, NVIDIA H100 80GB HBM3, 65629, 15451, 100, 670.34
2026/06/12 14:51:57.293, 0, NVIDIA H100 80GB HBM3, 65659, 15421, 100, 673.32
2026/06/12 14:51:57.300, 1, NVIDIA H100 80GB HBM3, 65629, 15451, 86, 673.51
2026/06/12 14:52:07.337, 0, NVIDIA H100 80GB HBM3, 65659, 15421, 100, 694.68
2026/06/12 14:52:07.355, 1, NVIDIA H100 80GB HBM3, 65629, 15451, 100, 670.28
2026/06/12 14:52:17.391, 0, NVIDIA H100 80GB HBM3, 65659, 15421, 100, 689.78
2026/06/12 14:52:17.398, 1, NVIDIA H100 80GB HBM3, 65629, 15451, 100, 690.82
2026/06/12 14:52:27.435, 0, NVIDIA H100 80GB HBM3, 65659, 15421, 100, 692.13
2026/06/12 14:52:27.442, 1, NVIDIA H100 80GB HBM3, 65629, 15451, 100, 663.90
2026/06/12 14:52:37.481, 0, NVIDIA H100 80GB HBM3, 65659, 15421, 100, 689.64
2026/06/12 14:52:37.489, 1, NVIDIA H100 80GB HBM3, 65629, 15451, 100, 677.26
2026/06/12 14:52:47.526, 0, NVIDIA H100 80GB HBM3, 65659, 15421, 100, 686.82
2026/06/12 14:52:47.534, 1, NVIDIA H100 80GB HBM3, 65629, 15451, 100, 666.42
2026/06/12 14:52:57.574, 0, NVIDIA H100 80GB HBM3, 65659, 15421, 100, 680.22
2026/06/12 14:52:57.582, 1, NVIDIA H100 80GB HBM3, 65629, 15451, 100, 681.93
2026/06/12 14:53:07.618, 0, NVIDIA H100 80GB HBM3, 65659, 15421, 100, 683.60
2026/06/12 14:53:07.625, 1, NVIDIA H100 80GB HBM3, 65629, 15451, 100, 664.06
2026/06/12 14:53:17.663, 0, NVIDIA H100 80GB HBM3, 65659, 15421, 100, 686.11
2026/06/12 14:53:17.670, 1, NVIDIA H100 80GB HBM3, 65629, 15451, 100, 665.77
2026/06/12 14:53:27.707, 0, NVIDIA H100 80GB HBM3, 65659, 15421, 100, 673.84
2026/06/12 14:53:27.714, 1, NVIDIA H100 80GB HBM3, 65629, 15451, 100, 676.29
2026/06/12 14:53:37.752, 0, NVIDIA H100 80GB HBM3, 65659, 15421, 100, 686.33
2026/06/12 14:53:37.759, 1, NVIDIA H100 80GB HBM3, 65629, 15451, 100, 663.31
2026/06/12 14:53:47.797, 0, NVIDIA H100 80GB HBM3, 65659, 15421, 92, 673.51
2026/06/12 14:53:47.803, 1, NVIDIA H100 80GB HBM3, 65629, 15451, 71, 667.31
2026/06/12 14:53:57.840, 0, NVIDIA H100 80GB HBM3, 65659, 15421, 100, 689.50
2026/06/12 14:53:57.854, 1, NVIDIA H100 80GB HBM3, 65629, 15451, 100, 659.54
2026/06/12 14:54:07.891, 0, NVIDIA H100 80GB HBM3, 65659, 15421, 100, 689.72
2026/06/12 14:54:07.898, 1, NVIDIA H100 80GB HBM3, 65629, 15451, 100, 686.37
2026/06/12 14:54:17.933, 0, NVIDIA H100 80GB HBM3, 65659, 15421, 100, 686.38
2026/06/12 14:54:17.941, 1, NVIDIA H100 80GB HBM3, 65629, 15451, 100, 666.73
2026/06/12 14:54:27.978, 0, NVIDIA H100 80GB HBM3, 65659, 15421, 100, 679.72
2026/06/12 14:54:27.986, 1, NVIDIA H100 80GB HBM3, 65629, 15451, 100, 673.48
2026/06/12 14:54:38.022, 0, NVIDIA H100 80GB HBM3, 65659, 15421, 100, 688.49
2026/06/12 14:54:38.029, 1, NVIDIA H100 80GB HBM3, 65629, 15451, 100, 671.27
2026/06/12 14:54:48.070, 0, NVIDIA H100 80GB HBM3, 65659, 15421, 100, 679.63
2026/06/12 14:54:48.077, 1, NVIDIA H100 80GB HBM3, 65629, 15451, 100, 678.34
2026/06/12 14:54:58.120, 0, NVIDIA H100 80GB HBM3, 65659, 15421, 100, 684.46
2026/06/12 14:54:58.127, 1, NVIDIA H100 80GB HBM3, 65629, 15451, 100, 666.83
2026/06/12 14:55:08.165, 0, NVIDIA H100 80GB HBM3, 65659, 15421, 100, 683.00
2026/06/12 14:55:08.172, 1, NVIDIA H100 80GB HBM3, 65629, 15451, 100, 678.57
2026/06/12 14:55:18.208, 0, NVIDIA H100 80GB HBM3, 65659, 15421, 100, 674.10
2026/06/12 14:55:18.215, 1, NVIDIA H100 80GB HBM3, 65629, 15451, 100, 664.53
2026/06/12 14:55:28.253, 0, NVIDIA H100 80GB HBM3, 65659, 15421, 100, 684.97
2026/06/12 14:55:28.260, 1, NVIDIA H100 80GB HBM3, 65629, 15451, 100, 674.04
2026/06/12 14:55:38.297, 0, NVIDIA H100 80GB HBM3, 65659, 15421, 100, 680.33
2026/06/12 14:55:38.305, 1, NVIDIA H100 80GB HBM3, 65629, 15451, 86, 681.35
2026/06/12 14:55:48.352, 0, NVIDIA H100 80GB HBM3, 65659, 15421, 100, 690.64
2026/06/12 14:55:48.359, 1, NVIDIA H100 80GB HBM3, 65629, 15451, 100, 685.00
2026/06/12 14:55:58.395, 0, NVIDIA H100 80GB HBM3, 65659, 15421, 100, 690.57
2026/06/12 14:55:58.402, 1, NVIDIA H100 80GB HBM3, 65629, 15451, 100, 691.34
2026/06/12 14:56:08.438, 0, NVIDIA H100 80GB HBM3, 65659, 15421, 100, 690.88
2026/06/12 14:56:08.454, 1, NVIDIA H100 80GB HBM3, 65629, 15451, 100, 671.36
2026/06/12 14:56:18.490, 0, NVIDIA H100 80GB HBM3, 65659, 15421, 100, 692.75
2026/06/12 14:56:18.497, 1, NVIDIA H100 80GB HBM3, 65629, 15451, 100, 673.53
2026/06/12 14:56:28.536, 0, NVIDIA H100 80GB HBM3, 65659, 15421, 100, 682.80
2026/06/12 14:56:28.557, 1, NVIDIA H100 80GB HBM3, 65629, 15451, 100, 668.88
2026/06/12 14:56:38.593, 0, NVIDIA H100 80GB HBM3, 65659, 15421, 100, 686.10
2026/06/12 14:56:38.601, 1, NVIDIA H100 80GB HBM3, 65629, 15451, 100, 666.88
2026/06/12 14:56:48.639, 0, NVIDIA H100 80GB HBM3, 65659, 15421, 100, 671.14
2026/06/12 14:56:48.646, 1, NVIDIA H100 80GB HBM3, 65629, 15451, 100, 677.84
2026/06/12 14:56:58.683, 0, NVIDIA H100 80GB HBM3, 65659, 15421, 100, 690.94
2026/06/12 14:56:58.690, 1, NVIDIA H100 80GB HBM3, 65629, 15451, 100, 679.15
2026/06/12 14:57:08.726, 0, NVIDIA H100 80GB HBM3, 65659, 15421, 100, 681.02
2026/06/12 14:57:08.733, 1, NVIDIA H100 80GB HBM3, 65629, 15451, 100, 675.84
2026/06/12 14:57:18.770, 0, NVIDIA H100 80GB HBM3, 65659, 15421, 100, 688.09
2026/06/12 14:57:18.778, 1, NVIDIA H100 80GB HBM3, 65629, 15451, 100, 671.29
2026/06/12 14:57:28.814, 0, NVIDIA H100 80GB HBM3, 65659, 15421, 100, 690.20
2026/06/12 14:57:28.821, 1, NVIDIA H100 80GB HBM3, 65629, 15451, 100, 678.63
2026/06/12 14:57:38.857, 0, NVIDIA H100 80GB HBM3, 65659, 15421, 100, 686.05
2026/06/12 14:57:38.865, 1, NVIDIA H100 80GB HBM3, 65629, 15451, 100, 657.53
2026/06/12 14:57:48.902, 0, NVIDIA H100 80GB HBM3, 65659, 15421, 100, 680.30
2026/06/12 14:57:48.909, 1, NVIDIA H100 80GB HBM3, 65629, 15451, 100, 674.33
2026/06/12 14:57:58.952, 0, NVIDIA H100 80GB HBM3, 65659, 15421, 100, 690.80
2026/06/12 14:57:58.960, 1, NVIDIA H100 80GB HBM3, 65629, 15451, 100, 665.86
2026/06/12 14:58:08.996, 0, NVIDIA H100 80GB HBM3, 65659, 15421, 100, 680.87
2026/06/12 14:58:09.001, 1, NVIDIA H100 80GB HBM3, 65629, 15451, 100, 678.72
2026/06/12 14:58:19.037, 0, NVIDIA H100 80GB HBM3, 65659, 15421, 100, 681.21
2026/06/12 14:58:19.054, 1, NVIDIA H100 80GB HBM3, 65629, 15451, 100, 675.58
2026/06/12 14:58:29.091, 0, NVIDIA H100 80GB HBM3, 65659, 15421, 100, 688.12
2026/06/12 14:58:29.098, 1, NVIDIA H100 80GB HBM3, 65629, 15451, 100, 670.55
2026/06/12 14:58:39.133, 0, NVIDIA H100 80GB HBM3, 65659, 15421, 100, 677.83
2026/06/12 14:58:39.138, 1, NVIDIA H100 80GB HBM3, 65629, 15451, 87, 660.54
2026/06/12 14:58:49.172, 0, NVIDIA H100 80GB HBM3, 65659, 15421, 100, 685.04
2026/06/12 14:58:49.177, 1, NVIDIA H100 80GB HBM3, 65629, 15451, 100, 672.83
2026/06/12 14:58:59.211, 0, NVIDIA H100 80GB HBM3, 65659, 15421, 74, 678.36
2026/06/12 14:58:59.217, 1, NVIDIA H100 80GB HBM3, 65629, 15451, 87, 677.92
2026/06/12 14:59:09.251, 0, NVIDIA H100 80GB HBM3, 65659, 15421, 100, 687.44
2026/06/12 14:59:09.258, 1, NVIDIA H100 80GB HBM3, 65629, 15451, 100, 674.61
2026/06/12 14:59:19.292, 0, NVIDIA H100 80GB HBM3, 65659, 15421, 100, 690.89
2026/06/12 14:59:19.297, 1, NVIDIA H100 80GB HBM3, 65629, 15451, 100, 684.47
2026/06/12 14:59:29.333, 0, NVIDIA H100 80GB HBM3, 65659, 15421, 100, 689.19
2026/06/12 14:59:29.339, 1, NVIDIA H100 80GB HBM3, 65629, 15451, 100, 666.47
2026/06/12 14:59:39.374, 0, NVIDIA H100 80GB HBM3, 65659, 15421, 100, 683.12
2026/06/12 14:59:39.381, 1, NVIDIA H100 80GB HBM3, 65629, 15451, 100, 679.72
2026/06/12 14:59:49.416, 0, NVIDIA H100 80GB HBM3, 65659, 15421, 100, 683.81
2026/06/12 14:59:49.422, 1, NVIDIA H100 80GB HBM3, 65629, 15451, 100, 676.51
2026/06/12 14:59:59.454, 0, NVIDIA H100 80GB HBM3, 65659, 15421, 100, 688.30
2026/06/12 14:59:59.461, 1, NVIDIA H100 80GB HBM3, 65629, 15451, 100, 657.52
2026/06/12 15:00:09.497, 0, NVIDIA H100 80GB HBM3, 65659, 15421, 100, 673.03
2026/06/12 15:00:09.503, 1, NVIDIA H100 80GB HBM3, 65629, 15451, 100, 666.78
2026/06/12 15:00:19.538, 0, NVIDIA H100 80GB HBM3, 65659, 15421, 100, 688.94
2026/06/12 15:00:19.558, 1, NVIDIA H100 80GB HBM3, 65629, 15451, 100, 677.41
2026/06/12 15:00:29.593, 0, NVIDIA H100 80GB HBM3, 65659, 15421, 100, 675.06
2026/06/12 15:00:29.598, 1, NVIDIA H100 80GB HBM3, 65629, 15451, 100, 670.98
2026/06/12 15:00:39.634, 0, NVIDIA H100 80GB HBM3, 65659, 15421, 100, 684.95
2026/06/12 15:00:39.640, 1, NVIDIA H100 80GB HBM3, 65629, 15451, 100, 664.66
2026/06/12 15:00:49.677, 0, NVIDIA H100 80GB HBM3, 65659, 15421, 88, 680.57
2026/06/12 15:00:49.683, 1, NVIDIA H100 80GB HBM3, 65629, 15451, 88, 686.70
